
Cell sg13g2_decap_8 (0) disconnected node: VDD
Cell sg13g2_decap_8 (0) disconnected node: VSS

Subcircuit pins:
Circuit 1: sg13g2_decap_8                  |Circuit 2: sg13g2_decap_8                  
-------------------------------------------|-------------------------------------------
VDD                                        |VDD                                        
VSS                                        |VSS                                        
---------------------------------------------------------------------------------------
Cell pin lists are equivalent.
Device classes sg13g2_decap_8 and sg13g2_decap_8 are equivalent.

Cell sg13g2_fill_2 (0) disconnected node: VDD
Cell sg13g2_fill_2 (0) disconnected node: VSS
Cell sg13g2_fill_2 (1) disconnected node: VDD
Cell sg13g2_fill_2 (1) disconnected node: VSS

Subcircuit pins:
Circuit 1: sg13g2_fill_2                   |Circuit 2: sg13g2_fill_2                   
-------------------------------------------|-------------------------------------------
VDD                                        |VDD                                        
VSS                                        |VSS                                        
---------------------------------------------------------------------------------------
Cell pin lists are equivalent.
Device classes sg13g2_fill_2 and sg13g2_fill_2 are equivalent.

Cell sg13g2_dfrbpq_1 (0) disconnected node: Q
Cell sg13g2_dfrbpq_1 (0) disconnected node: CLK
Cell sg13g2_dfrbpq_1 (0) disconnected node: D
Cell sg13g2_dfrbpq_1 (0) disconnected node: RESET_B
Cell sg13g2_dfrbpq_1 (0) disconnected node: VDD
Cell sg13g2_dfrbpq_1 (0) disconnected node: VSS

Subcircuit pins:
Circuit 1: sg13g2_dfrbpq_1                 |Circuit 2: sg13g2_dfrbpq_1                 
-------------------------------------------|-------------------------------------------
Q                                          |Q                                          
CLK                                        |CLK                                        
D                                          |D                                          
RESET_B                                    |RESET_B                                    
VDD                                        |VDD                                        
VSS                                        |VSS                                        
---------------------------------------------------------------------------------------
Cell pin lists are equivalent.
Device classes sg13g2_dfrbpq_1 and sg13g2_dfrbpq_1 are equivalent.

Cell sg13g2_inv_1 (0) disconnected node: Y
Cell sg13g2_inv_1 (0) disconnected node: A
Cell sg13g2_inv_1 (0) disconnected node: VDD
Cell sg13g2_inv_1 (0) disconnected node: VSS

Subcircuit pins:
Circuit 1: sg13g2_inv_1                    |Circuit 2: sg13g2_inv_1                    
-------------------------------------------|-------------------------------------------
Y                                          |Y                                          
A                                          |A                                          
VDD                                        |VDD                                        
VSS                                        |VSS                                        
---------------------------------------------------------------------------------------
Cell pin lists are equivalent.
Device classes sg13g2_inv_1 and sg13g2_inv_1 are equivalent.

Cell sg13g2_buf_1 (0) disconnected node: X
Cell sg13g2_buf_1 (0) disconnected node: A
Cell sg13g2_buf_1 (0) disconnected node: VDD
Cell sg13g2_buf_1 (0) disconnected node: VSS

Subcircuit pins:
Circuit 1: sg13g2_buf_1                    |Circuit 2: sg13g2_buf_1                    
-------------------------------------------|-------------------------------------------
X                                          |X                                          
A                                          |A                                          
VDD                                        |VDD                                        
VSS                                        |VSS                                        
---------------------------------------------------------------------------------------
Cell pin lists are equivalent.
Device classes sg13g2_buf_1 and sg13g2_buf_1 are equivalent.

Cell sg13g2_fill_1 (0) disconnected node: VDD
Cell sg13g2_fill_1 (0) disconnected node: VSS
Cell sg13g2_fill_1 (1) disconnected node: VDD
Cell sg13g2_fill_1 (1) disconnected node: VSS

Subcircuit pins:
Circuit 1: sg13g2_fill_1                   |Circuit 2: sg13g2_fill_1                   
-------------------------------------------|-------------------------------------------
VDD                                        |VDD                                        
VSS                                        |VSS                                        
---------------------------------------------------------------------------------------
Cell pin lists are equivalent.
Device classes sg13g2_fill_1 and sg13g2_fill_1 are equivalent.

Cell sg13g2_decap_4 (0) disconnected node: VDD
Cell sg13g2_decap_4 (0) disconnected node: VSS

Subcircuit pins:
Circuit 1: sg13g2_decap_4                  |Circuit 2: sg13g2_decap_4                  
-------------------------------------------|-------------------------------------------
VDD                                        |VDD                                        
VSS                                        |VSS                                        
---------------------------------------------------------------------------------------
Cell pin lists are equivalent.
Device classes sg13g2_decap_4 and sg13g2_decap_4 are equivalent.

Cell sg13g2_buf_2 (0) disconnected node: X
Cell sg13g2_buf_2 (0) disconnected node: A
Cell sg13g2_buf_2 (0) disconnected node: VDD
Cell sg13g2_buf_2 (0) disconnected node: VSS

Subcircuit pins:
Circuit 1: sg13g2_buf_2                    |Circuit 2: sg13g2_buf_2                    
-------------------------------------------|-------------------------------------------
X                                          |X                                          
A                                          |A                                          
VDD                                        |VDD                                        
VSS                                        |VSS                                        
---------------------------------------------------------------------------------------
Cell pin lists are equivalent.
Device classes sg13g2_buf_2 and sg13g2_buf_2 are equivalent.

Cell sg13g2_xnor2_1 (0) disconnected node: Y
Cell sg13g2_xnor2_1 (0) disconnected node: A
Cell sg13g2_xnor2_1 (0) disconnected node: B
Cell sg13g2_xnor2_1 (0) disconnected node: VDD
Cell sg13g2_xnor2_1 (0) disconnected node: VSS

Subcircuit pins:
Circuit 1: sg13g2_xnor2_1                  |Circuit 2: sg13g2_xnor2_1                  
-------------------------------------------|-------------------------------------------
Y                                          |Y                                          
A                                          |A                                          
B                                          |B                                          
VDD                                        |VDD                                        
VSS                                        |VSS                                        
---------------------------------------------------------------------------------------
Cell pin lists are equivalent.
Device classes sg13g2_xnor2_1 and sg13g2_xnor2_1 are equivalent.

Cell sg13g2_o21ai_1 (0) disconnected node: Y
Cell sg13g2_o21ai_1 (0) disconnected node: A1
Cell sg13g2_o21ai_1 (0) disconnected node: A2
Cell sg13g2_o21ai_1 (0) disconnected node: B1
Cell sg13g2_o21ai_1 (0) disconnected node: VDD
Cell sg13g2_o21ai_1 (0) disconnected node: VSS

Subcircuit pins:
Circuit 1: sg13g2_o21ai_1                  |Circuit 2: sg13g2_o21ai_1                  
-------------------------------------------|-------------------------------------------
Y                                          |Y                                          
A1                                         |A1                                         
A2                                         |A2                                         
B1                                         |B1                                         
VDD                                        |VDD                                        
VSS                                        |VSS                                        
---------------------------------------------------------------------------------------
Cell pin lists are equivalent.
Device classes sg13g2_o21ai_1 and sg13g2_o21ai_1 are equivalent.

Cell sg13g2_a221oi_1 (0) disconnected node: Y
Cell sg13g2_a221oi_1 (0) disconnected node: A1
Cell sg13g2_a221oi_1 (0) disconnected node: A2
Cell sg13g2_a221oi_1 (0) disconnected node: B1
Cell sg13g2_a221oi_1 (0) disconnected node: B2
Cell sg13g2_a221oi_1 (0) disconnected node: C1
Cell sg13g2_a221oi_1 (0) disconnected node: VDD
Cell sg13g2_a221oi_1 (0) disconnected node: VSS

Subcircuit pins:
Circuit 1: sg13g2_a221oi_1                 |Circuit 2: sg13g2_a221oi_1                 
-------------------------------------------|-------------------------------------------
Y                                          |Y                                          
A1                                         |A1                                         
A2                                         |A2                                         
B1                                         |B1                                         
B2                                         |B2                                         
C1                                         |C1                                         
VDD                                        |VDD                                        
VSS                                        |VSS                                        
---------------------------------------------------------------------------------------
Cell pin lists are equivalent.
Device classes sg13g2_a221oi_1 and sg13g2_a221oi_1 are equivalent.

Cell sg13g2_nand2_1 (0) disconnected node: Y
Cell sg13g2_nand2_1 (0) disconnected node: A
Cell sg13g2_nand2_1 (0) disconnected node: B
Cell sg13g2_nand2_1 (0) disconnected node: VDD
Cell sg13g2_nand2_1 (0) disconnected node: VSS

Subcircuit pins:
Circuit 1: sg13g2_nand2_1                  |Circuit 2: sg13g2_nand2_1                  
-------------------------------------------|-------------------------------------------
Y                                          |Y                                          
A                                          |A                                          
B                                          |B                                          
VDD                                        |VDD                                        
VSS                                        |VSS                                        
---------------------------------------------------------------------------------------
Cell pin lists are equivalent.
Device classes sg13g2_nand2_1 and sg13g2_nand2_1 are equivalent.

Cell sg13g2_buf_4 (0) disconnected node: X
Cell sg13g2_buf_4 (0) disconnected node: A
Cell sg13g2_buf_4 (0) disconnected node: VDD
Cell sg13g2_buf_4 (0) disconnected node: VSS

Subcircuit pins:
Circuit 1: sg13g2_buf_4                    |Circuit 2: sg13g2_buf_4                    
-------------------------------------------|-------------------------------------------
X                                          |X                                          
A                                          |A                                          
VDD                                        |VDD                                        
VSS                                        |VSS                                        
---------------------------------------------------------------------------------------
Cell pin lists are equivalent.
Device classes sg13g2_buf_4 and sg13g2_buf_4 are equivalent.

Cell sg13g2_buf_8 (0) disconnected node: X
Cell sg13g2_buf_8 (0) disconnected node: A
Cell sg13g2_buf_8 (0) disconnected node: VDD
Cell sg13g2_buf_8 (0) disconnected node: VSS

Subcircuit pins:
Circuit 1: sg13g2_buf_8                    |Circuit 2: sg13g2_buf_8                    
-------------------------------------------|-------------------------------------------
X                                          |X                                          
A                                          |A                                          
VDD                                        |VDD                                        
VSS                                        |VSS                                        
---------------------------------------------------------------------------------------
Cell pin lists are equivalent.
Device classes sg13g2_buf_8 and sg13g2_buf_8 are equivalent.

Cell sg13g2_mux2_1 (0) disconnected node: X
Cell sg13g2_mux2_1 (0) disconnected node: A0
Cell sg13g2_mux2_1 (0) disconnected node: A1
Cell sg13g2_mux2_1 (0) disconnected node: S
Cell sg13g2_mux2_1 (0) disconnected node: VDD
Cell sg13g2_mux2_1 (0) disconnected node: VSS

Subcircuit pins:
Circuit 1: sg13g2_mux2_1                   |Circuit 2: sg13g2_mux2_1                   
-------------------------------------------|-------------------------------------------
X                                          |X                                          
A0                                         |A0                                         
A1                                         |A1                                         
S                                          |S                                          
VDD                                        |VDD                                        
VSS                                        |VSS                                        
---------------------------------------------------------------------------------------
Cell pin lists are equivalent.
Device classes sg13g2_mux2_1 and sg13g2_mux2_1 are equivalent.

Cell sg13g2_xor2_1 (0) disconnected node: X
Cell sg13g2_xor2_1 (0) disconnected node: A
Cell sg13g2_xor2_1 (0) disconnected node: B
Cell sg13g2_xor2_1 (0) disconnected node: VDD
Cell sg13g2_xor2_1 (0) disconnected node: VSS

Subcircuit pins:
Circuit 1: sg13g2_xor2_1                   |Circuit 2: sg13g2_xor2_1                   
-------------------------------------------|-------------------------------------------
X                                          |X                                          
A                                          |A                                          
B                                          |B                                          
VDD                                        |VDD                                        
VSS                                        |VSS                                        
---------------------------------------------------------------------------------------
Cell pin lists are equivalent.
Device classes sg13g2_xor2_1 and sg13g2_xor2_1 are equivalent.

Cell sg13g2_nor4_1 (0) disconnected node: Y
Cell sg13g2_nor4_1 (0) disconnected node: A
Cell sg13g2_nor4_1 (0) disconnected node: B
Cell sg13g2_nor4_1 (0) disconnected node: C
Cell sg13g2_nor4_1 (0) disconnected node: D
Cell sg13g2_nor4_1 (0) disconnected node: VDD
Cell sg13g2_nor4_1 (0) disconnected node: VSS

Subcircuit pins:
Circuit 1: sg13g2_nor4_1                   |Circuit 2: sg13g2_nor4_1                   
-------------------------------------------|-------------------------------------------
Y                                          |Y                                          
A                                          |A                                          
B                                          |B                                          
C                                          |C                                          
D                                          |D                                          
VDD                                        |VDD                                        
VSS                                        |VSS                                        
---------------------------------------------------------------------------------------
Cell pin lists are equivalent.
Device classes sg13g2_nor4_1 and sg13g2_nor4_1 are equivalent.

Cell sg13g2_a22oi_1 (0) disconnected node: Y
Cell sg13g2_a22oi_1 (0) disconnected node: A1
Cell sg13g2_a22oi_1 (0) disconnected node: A2
Cell sg13g2_a22oi_1 (0) disconnected node: B1
Cell sg13g2_a22oi_1 (0) disconnected node: B2
Cell sg13g2_a22oi_1 (0) disconnected node: VDD
Cell sg13g2_a22oi_1 (0) disconnected node: VSS

Subcircuit pins:
Circuit 1: sg13g2_a22oi_1                  |Circuit 2: sg13g2_a22oi_1                  
-------------------------------------------|-------------------------------------------
Y                                          |Y                                          
A1                                         |A1                                         
A2                                         |A2                                         
B1                                         |B1                                         
B2                                         |B2                                         
VDD                                        |VDD                                        
VSS                                        |VSS                                        
---------------------------------------------------------------------------------------
Cell pin lists are equivalent.
Device classes sg13g2_a22oi_1 and sg13g2_a22oi_1 are equivalent.

Cell sg13g2_and2_1 (0) disconnected node: X
Cell sg13g2_and2_1 (0) disconnected node: A
Cell sg13g2_and2_1 (0) disconnected node: B
Cell sg13g2_and2_1 (0) disconnected node: VDD
Cell sg13g2_and2_1 (0) disconnected node: VSS

Subcircuit pins:
Circuit 1: sg13g2_and2_1                   |Circuit 2: sg13g2_and2_1                   
-------------------------------------------|-------------------------------------------
X                                          |X                                          
A                                          |A                                          
B                                          |B                                          
VDD                                        |VDD                                        
VSS                                        |VSS                                        
---------------------------------------------------------------------------------------
Cell pin lists are equivalent.
Device classes sg13g2_and2_1 and sg13g2_and2_1 are equivalent.

Cell sg13g2_a21oi_1 (0) disconnected node: Y
Cell sg13g2_a21oi_1 (0) disconnected node: A1
Cell sg13g2_a21oi_1 (0) disconnected node: A2
Cell sg13g2_a21oi_1 (0) disconnected node: B1
Cell sg13g2_a21oi_1 (0) disconnected node: VDD
Cell sg13g2_a21oi_1 (0) disconnected node: VSS

Subcircuit pins:
Circuit 1: sg13g2_a21oi_1                  |Circuit 2: sg13g2_a21oi_1                  
-------------------------------------------|-------------------------------------------
Y                                          |Y                                          
A1                                         |A1                                         
A2                                         |A2                                         
B1                                         |B1                                         
VDD                                        |VDD                                        
VSS                                        |VSS                                        
---------------------------------------------------------------------------------------
Cell pin lists are equivalent.
Device classes sg13g2_a21oi_1 and sg13g2_a21oi_1 are equivalent.

Cell sg13g2_and3_2 (0) disconnected node: X
Cell sg13g2_and3_2 (0) disconnected node: A
Cell sg13g2_and3_2 (0) disconnected node: B
Cell sg13g2_and3_2 (0) disconnected node: C
Cell sg13g2_and3_2 (0) disconnected node: VDD
Cell sg13g2_and3_2 (0) disconnected node: VSS

Subcircuit pins:
Circuit 1: sg13g2_and3_2                   |Circuit 2: sg13g2_and3_2                   
-------------------------------------------|-------------------------------------------
X                                          |X                                          
A                                          |A                                          
B                                          |B                                          
C                                          |C                                          
VDD                                        |VDD                                        
VSS                                        |VSS                                        
---------------------------------------------------------------------------------------
Cell pin lists are equivalent.
Device classes sg13g2_and3_2 and sg13g2_and3_2 are equivalent.

Cell sg13g2_and4_1 (0) disconnected node: X
Cell sg13g2_and4_1 (0) disconnected node: A
Cell sg13g2_and4_1 (0) disconnected node: B
Cell sg13g2_and4_1 (0) disconnected node: C
Cell sg13g2_and4_1 (0) disconnected node: D
Cell sg13g2_and4_1 (0) disconnected node: VDD
Cell sg13g2_and4_1 (0) disconnected node: VSS

Subcircuit pins:
Circuit 1: sg13g2_and4_1                   |Circuit 2: sg13g2_and4_1                   
-------------------------------------------|-------------------------------------------
X                                          |X                                          
A                                          |A                                          
B                                          |B                                          
C                                          |C                                          
D                                          |D                                          
VDD                                        |VDD                                        
VSS                                        |VSS                                        
---------------------------------------------------------------------------------------
Cell pin lists are equivalent.
Device classes sg13g2_and4_1 and sg13g2_and4_1 are equivalent.

Cell sg13g2_nand4_1 (0) disconnected node: Y
Cell sg13g2_nand4_1 (0) disconnected node: A
Cell sg13g2_nand4_1 (0) disconnected node: B
Cell sg13g2_nand4_1 (0) disconnected node: C
Cell sg13g2_nand4_1 (0) disconnected node: D
Cell sg13g2_nand4_1 (0) disconnected node: VDD
Cell sg13g2_nand4_1 (0) disconnected node: VSS

Subcircuit pins:
Circuit 1: sg13g2_nand4_1                  |Circuit 2: sg13g2_nand4_1                  
-------------------------------------------|-------------------------------------------
Y                                          |Y                                          
A                                          |A                                          
B                                          |B                                          
C                                          |C                                          
D                                          |D                                          
VDD                                        |VDD                                        
VSS                                        |VSS                                        
---------------------------------------------------------------------------------------
Cell pin lists are equivalent.
Device classes sg13g2_nand4_1 and sg13g2_nand4_1 are equivalent.

Cell sg13g2_nand3_1 (0) disconnected node: Y
Cell sg13g2_nand3_1 (0) disconnected node: A
Cell sg13g2_nand3_1 (0) disconnected node: B
Cell sg13g2_nand3_1 (0) disconnected node: C
Cell sg13g2_nand3_1 (0) disconnected node: VDD
Cell sg13g2_nand3_1 (0) disconnected node: VSS

Subcircuit pins:
Circuit 1: sg13g2_nand3_1                  |Circuit 2: sg13g2_nand3_1                  
-------------------------------------------|-------------------------------------------
Y                                          |Y                                          
A                                          |A                                          
B                                          |B                                          
C                                          |C                                          
VDD                                        |VDD                                        
VSS                                        |VSS                                        
---------------------------------------------------------------------------------------
Cell pin lists are equivalent.
Device classes sg13g2_nand3_1 and sg13g2_nand3_1 are equivalent.

Cell sg13g2_tiehi (0) disconnected node: L_HI
Cell sg13g2_tiehi (0) disconnected node: VDD
Cell sg13g2_tiehi (0) disconnected node: VSS

Subcircuit pins:
Circuit 1: sg13g2_tiehi                    |Circuit 2: sg13g2_tiehi                    
-------------------------------------------|-------------------------------------------
L_HI                                       |L_HI                                       
VDD                                        |VDD                                        
VSS                                        |VSS                                        
---------------------------------------------------------------------------------------
Cell pin lists are equivalent.
Device classes sg13g2_tiehi and sg13g2_tiehi are equivalent.

Cell sg13g2_nor2_1 (0) disconnected node: Y
Cell sg13g2_nor2_1 (0) disconnected node: A
Cell sg13g2_nor2_1 (0) disconnected node: B
Cell sg13g2_nor2_1 (0) disconnected node: VDD
Cell sg13g2_nor2_1 (0) disconnected node: VSS

Subcircuit pins:
Circuit 1: sg13g2_nor2_1                   |Circuit 2: sg13g2_nor2_1                   
-------------------------------------------|-------------------------------------------
Y                                          |Y                                          
A                                          |A                                          
B                                          |B                                          
VDD                                        |VDD                                        
VSS                                        |VSS                                        
---------------------------------------------------------------------------------------
Cell pin lists are equivalent.
Device classes sg13g2_nor2_1 and sg13g2_nor2_1 are equivalent.

Cell sg13g2_or3_1 (0) disconnected node: X
Cell sg13g2_or3_1 (0) disconnected node: A
Cell sg13g2_or3_1 (0) disconnected node: B
Cell sg13g2_or3_1 (0) disconnected node: C
Cell sg13g2_or3_1 (0) disconnected node: VDD
Cell sg13g2_or3_1 (0) disconnected node: VSS

Subcircuit pins:
Circuit 1: sg13g2_or3_1                    |Circuit 2: sg13g2_or3_1                    
-------------------------------------------|-------------------------------------------
X                                          |X                                          
A                                          |A                                          
B                                          |B                                          
C                                          |C                                          
VDD                                        |VDD                                        
VSS                                        |VSS                                        
---------------------------------------------------------------------------------------
Cell pin lists are equivalent.
Device classes sg13g2_or3_1 and sg13g2_or3_1 are equivalent.

Cell sg13g2_inv_2 (0) disconnected node: Y
Cell sg13g2_inv_2 (0) disconnected node: A
Cell sg13g2_inv_2 (0) disconnected node: VDD
Cell sg13g2_inv_2 (0) disconnected node: VSS

Subcircuit pins:
Circuit 1: sg13g2_inv_2                    |Circuit 2: sg13g2_inv_2                    
-------------------------------------------|-------------------------------------------
Y                                          |Y                                          
A                                          |A                                          
VDD                                        |VDD                                        
VSS                                        |VSS                                        
---------------------------------------------------------------------------------------
Cell pin lists are equivalent.
Device classes sg13g2_inv_2 and sg13g2_inv_2 are equivalent.

Cell sg13g2_nand2b_1 (0) disconnected node: Y
Cell sg13g2_nand2b_1 (0) disconnected node: A_N
Cell sg13g2_nand2b_1 (0) disconnected node: B
Cell sg13g2_nand2b_1 (0) disconnected node: VDD
Cell sg13g2_nand2b_1 (0) disconnected node: VSS

Subcircuit pins:
Circuit 1: sg13g2_nand2b_1                 |Circuit 2: sg13g2_nand2b_1                 
-------------------------------------------|-------------------------------------------
Y                                          |Y                                          
A_N                                        |A_N                                        
B                                          |B                                          
VDD                                        |VDD                                        
VSS                                        |VSS                                        
---------------------------------------------------------------------------------------
Cell pin lists are equivalent.
Device classes sg13g2_nand2b_1 and sg13g2_nand2b_1 are equivalent.

Cell sg13g2_nor3_1 (0) disconnected node: Y
Cell sg13g2_nor3_1 (0) disconnected node: A
Cell sg13g2_nor3_1 (0) disconnected node: B
Cell sg13g2_nor3_1 (0) disconnected node: C
Cell sg13g2_nor3_1 (0) disconnected node: VDD
Cell sg13g2_nor3_1 (0) disconnected node: VSS

Subcircuit pins:
Circuit 1: sg13g2_nor3_1                   |Circuit 2: sg13g2_nor3_1                   
-------------------------------------------|-------------------------------------------
Y                                          |Y                                          
A                                          |A                                          
B                                          |B                                          
C                                          |C                                          
VDD                                        |VDD                                        
VSS                                        |VSS                                        
---------------------------------------------------------------------------------------
Cell pin lists are equivalent.
Device classes sg13g2_nor3_1 and sg13g2_nor3_1 are equivalent.

Cell sg13g2_mux4_1 (0) disconnected node: X
Cell sg13g2_mux4_1 (0) disconnected node: A0
Cell sg13g2_mux4_1 (0) disconnected node: A1
Cell sg13g2_mux4_1 (0) disconnected node: A2
Cell sg13g2_mux4_1 (0) disconnected node: A3
Cell sg13g2_mux4_1 (0) disconnected node: S0
Cell sg13g2_mux4_1 (0) disconnected node: S1
Cell sg13g2_mux4_1 (0) disconnected node: VDD
Cell sg13g2_mux4_1 (0) disconnected node: VSS

Subcircuit pins:
Circuit 1: sg13g2_mux4_1                   |Circuit 2: sg13g2_mux4_1                   
-------------------------------------------|-------------------------------------------
X                                          |X                                          
A0                                         |A0                                         
A1                                         |A1                                         
A2                                         |A2                                         
A3                                         |A3                                         
S0                                         |S0                                         
S1                                         |S1                                         
VDD                                        |VDD                                        
VSS                                        |VSS                                        
---------------------------------------------------------------------------------------
Cell pin lists are equivalent.
Device classes sg13g2_mux4_1 and sg13g2_mux4_1 are equivalent.

Cell sg13g2_nor2b_1 (0) disconnected node: Y
Cell sg13g2_nor2b_1 (0) disconnected node: A
Cell sg13g2_nor2b_1 (0) disconnected node: B_N
Cell sg13g2_nor2b_1 (0) disconnected node: VDD
Cell sg13g2_nor2b_1 (0) disconnected node: VSS

Subcircuit pins:
Circuit 1: sg13g2_nor2b_1                  |Circuit 2: sg13g2_nor2b_1                  
-------------------------------------------|-------------------------------------------
Y                                          |Y                                          
A                                          |A                                          
B_N                                        |B_N                                        
VDD                                        |VDD                                        
VSS                                        |VSS                                        
---------------------------------------------------------------------------------------
Cell pin lists are equivalent.
Device classes sg13g2_nor2b_1 and sg13g2_nor2b_1 are equivalent.

Cell sg13g2_buf_16 (0) disconnected node: X
Cell sg13g2_buf_16 (0) disconnected node: A
Cell sg13g2_buf_16 (0) disconnected node: VDD
Cell sg13g2_buf_16 (0) disconnected node: VSS

Subcircuit pins:
Circuit 1: sg13g2_buf_16                   |Circuit 2: sg13g2_buf_16                   
-------------------------------------------|-------------------------------------------
X                                          |X                                          
A                                          |A                                          
VDD                                        |VDD                                        
VSS                                        |VSS                                        
---------------------------------------------------------------------------------------
Cell pin lists are equivalent.
Device classes sg13g2_buf_16 and sg13g2_buf_16 are equivalent.

Cell sg13g2_or4_1 (0) disconnected node: X
Cell sg13g2_or4_1 (0) disconnected node: A
Cell sg13g2_or4_1 (0) disconnected node: B
Cell sg13g2_or4_1 (0) disconnected node: C
Cell sg13g2_or4_1 (0) disconnected node: D
Cell sg13g2_or4_1 (0) disconnected node: VDD
Cell sg13g2_or4_1 (0) disconnected node: VSS

Subcircuit pins:
Circuit 1: sg13g2_or4_1                    |Circuit 2: sg13g2_or4_1                    
-------------------------------------------|-------------------------------------------
X                                          |X                                          
A                                          |A                                          
B                                          |B                                          
C                                          |C                                          
D                                          |D                                          
VDD                                        |VDD                                        
VSS                                        |VSS                                        
---------------------------------------------------------------------------------------
Cell pin lists are equivalent.
Device classes sg13g2_or4_1 and sg13g2_or4_1 are equivalent.

Cell sg13g2_a21o_1 (0) disconnected node: X
Cell sg13g2_a21o_1 (0) disconnected node: A1
Cell sg13g2_a21o_1 (0) disconnected node: A2
Cell sg13g2_a21o_1 (0) disconnected node: B1
Cell sg13g2_a21o_1 (0) disconnected node: VDD
Cell sg13g2_a21o_1 (0) disconnected node: VSS

Subcircuit pins:
Circuit 1: sg13g2_a21o_1                   |Circuit 2: sg13g2_a21o_1                   
-------------------------------------------|-------------------------------------------
X                                          |X                                          
A1                                         |A1                                         
A2                                         |A2                                         
B1                                         |B1                                         
VDD                                        |VDD                                        
VSS                                        |VSS                                        
---------------------------------------------------------------------------------------
Cell pin lists are equivalent.
Device classes sg13g2_a21o_1 and sg13g2_a21o_1 are equivalent.

Cell sg13g2_tielo (0) disconnected node: L_LO
Cell sg13g2_tielo (0) disconnected node: VDD
Cell sg13g2_tielo (0) disconnected node: VSS

Subcircuit pins:
Circuit 1: sg13g2_tielo                    |Circuit 2: sg13g2_tielo                    
-------------------------------------------|-------------------------------------------
L_LO                                       |L_LO                                       
VDD                                        |VDD                                        
VSS                                        |VSS                                        
---------------------------------------------------------------------------------------
Cell pin lists are equivalent.
Device classes sg13g2_tielo and sg13g2_tielo are equivalent.

Cell sg13g2_or2_1 (0) disconnected node: X
Cell sg13g2_or2_1 (0) disconnected node: A
Cell sg13g2_or2_1 (0) disconnected node: B
Cell sg13g2_or2_1 (0) disconnected node: VDD
Cell sg13g2_or2_1 (0) disconnected node: VSS

Subcircuit pins:
Circuit 1: sg13g2_or2_1                    |Circuit 2: sg13g2_or2_1                    
-------------------------------------------|-------------------------------------------
X                                          |X                                          
A                                          |A                                          
B                                          |B                                          
VDD                                        |VDD                                        
VSS                                        |VSS                                        
---------------------------------------------------------------------------------------
Cell pin lists are equivalent.
Device classes sg13g2_or2_1 and sg13g2_or2_1 are equivalent.

Cell sg13g2_nand2_2 (0) disconnected node: Y
Cell sg13g2_nand2_2 (0) disconnected node: A
Cell sg13g2_nand2_2 (0) disconnected node: B
Cell sg13g2_nand2_2 (0) disconnected node: VDD
Cell sg13g2_nand2_2 (0) disconnected node: VSS

Subcircuit pins:
Circuit 1: sg13g2_nand2_2                  |Circuit 2: sg13g2_nand2_2                  
-------------------------------------------|-------------------------------------------
Y                                          |Y                                          
A                                          |A                                          
B                                          |B                                          
VDD                                        |VDD                                        
VSS                                        |VSS                                        
---------------------------------------------------------------------------------------
Cell pin lists are equivalent.
Device classes sg13g2_nand2_2 and sg13g2_nand2_2 are equivalent.

Cell sg13g2_dlygate4sd3_1 (0) disconnected node: X
Cell sg13g2_dlygate4sd3_1 (0) disconnected node: A
Cell sg13g2_dlygate4sd3_1 (0) disconnected node: VDD
Cell sg13g2_dlygate4sd3_1 (0) disconnected node: VSS

Subcircuit pins:
Circuit 1: sg13g2_dlygate4sd3_1            |Circuit 2: sg13g2_dlygate4sd3_1            
-------------------------------------------|-------------------------------------------
X                                          |X                                          
A                                          |A                                          
VDD                                        |VDD                                        
VSS                                        |VSS                                        
---------------------------------------------------------------------------------------
Cell pin lists are equivalent.
Device classes sg13g2_dlygate4sd3_1 and sg13g2_dlygate4sd3_1 are equivalent.

Cell sg13g2_nor4_2 (0) disconnected node: Y
Cell sg13g2_nor4_2 (0) disconnected node: A
Cell sg13g2_nor4_2 (0) disconnected node: B
Cell sg13g2_nor4_2 (0) disconnected node: C
Cell sg13g2_nor4_2 (0) disconnected node: D
Cell sg13g2_nor4_2 (0) disconnected node: VDD
Cell sg13g2_nor4_2 (0) disconnected node: VSS

Subcircuit pins:
Circuit 1: sg13g2_nor4_2                   |Circuit 2: sg13g2_nor4_2                   
-------------------------------------------|-------------------------------------------
Y                                          |Y                                          
A                                          |A                                          
B                                          |B                                          
C                                          |C                                          
D                                          |D                                          
VDD                                        |VDD                                        
VSS                                        |VSS                                        
---------------------------------------------------------------------------------------
Cell pin lists are equivalent.
Device classes sg13g2_nor4_2 and sg13g2_nor4_2 are equivalent.

Cell sg13g2_inv_8 (0) disconnected node: Y
Cell sg13g2_inv_8 (0) disconnected node: A
Cell sg13g2_inv_8 (0) disconnected node: VDD
Cell sg13g2_inv_8 (0) disconnected node: VSS

Subcircuit pins:
Circuit 1: sg13g2_inv_8                    |Circuit 2: sg13g2_inv_8                    
-------------------------------------------|-------------------------------------------
Y                                          |Y                                          
A                                          |A                                          
VDD                                        |VDD                                        
VSS                                        |VSS                                        
---------------------------------------------------------------------------------------
Cell pin lists are equivalent.
Device classes sg13g2_inv_8 and sg13g2_inv_8 are equivalent.

Cell sg13g2_nand3b_1 (0) disconnected node: Y
Cell sg13g2_nand3b_1 (0) disconnected node: A_N
Cell sg13g2_nand3b_1 (0) disconnected node: B
Cell sg13g2_nand3b_1 (0) disconnected node: C
Cell sg13g2_nand3b_1 (0) disconnected node: VDD
Cell sg13g2_nand3b_1 (0) disconnected node: VSS

Subcircuit pins:
Circuit 1: sg13g2_nand3b_1                 |Circuit 2: sg13g2_nand3b_1                 
-------------------------------------------|-------------------------------------------
Y                                          |Y                                          
A_N                                        |A_N                                        
B                                          |B                                          
C                                          |C                                          
VDD                                        |VDD                                        
VSS                                        |VSS                                        
---------------------------------------------------------------------------------------
Cell pin lists are equivalent.
Device classes sg13g2_nand3b_1 and sg13g2_nand3b_1 are equivalent.

Cell sg13g2_nor2_2 (0) disconnected node: Y
Cell sg13g2_nor2_2 (0) disconnected node: A
Cell sg13g2_nor2_2 (0) disconnected node: B
Cell sg13g2_nor2_2 (0) disconnected node: VDD
Cell sg13g2_nor2_2 (0) disconnected node: VSS

Subcircuit pins:
Circuit 1: sg13g2_nor2_2                   |Circuit 2: sg13g2_nor2_2                   
-------------------------------------------|-------------------------------------------
Y                                          |Y                                          
A                                          |A                                          
B                                          |B                                          
VDD                                        |VDD                                        
VSS                                        |VSS                                        
---------------------------------------------------------------------------------------
Cell pin lists are equivalent.
Device classes sg13g2_nor2_2 and sg13g2_nor2_2 are equivalent.

Cell sg13g2_antennanp (0) disconnected node: A
Cell sg13g2_antennanp (0) disconnected node: VDD
Cell sg13g2_antennanp (0) disconnected node: VSS

Subcircuit pins:
Circuit 1: sg13g2_antennanp                |Circuit 2: sg13g2_antennanp                
-------------------------------------------|-------------------------------------------
A                                          |A                                          
VDD                                        |VDD                                        
VSS                                        |VSS                                        
---------------------------------------------------------------------------------------
Cell pin lists are equivalent.
Device classes sg13g2_antennanp and sg13g2_antennanp are equivalent.

Cell sg13g2_a21oi_2 (0) disconnected node: Y
Cell sg13g2_a21oi_2 (0) disconnected node: A1
Cell sg13g2_a21oi_2 (0) disconnected node: A2
Cell sg13g2_a21oi_2 (0) disconnected node: B1
Cell sg13g2_a21oi_2 (0) disconnected node: VDD
Cell sg13g2_a21oi_2 (0) disconnected node: VSS

Subcircuit pins:
Circuit 1: sg13g2_a21oi_2                  |Circuit 2: sg13g2_a21oi_2                  
-------------------------------------------|-------------------------------------------
Y                                          |Y                                          
A1                                         |A1                                         
A2                                         |A2                                         
B1                                         |B1                                         
VDD                                        |VDD                                        
VSS                                        |VSS                                        
---------------------------------------------------------------------------------------
Cell pin lists are equivalent.
Device classes sg13g2_a21oi_2 and sg13g2_a21oi_2 are equivalent.

Cell sg13g2_nor3_2 (0) disconnected node: Y
Cell sg13g2_nor3_2 (0) disconnected node: A
Cell sg13g2_nor3_2 (0) disconnected node: B
Cell sg13g2_nor3_2 (0) disconnected node: C
Cell sg13g2_nor3_2 (0) disconnected node: VDD
Cell sg13g2_nor3_2 (0) disconnected node: VSS

Subcircuit pins:
Circuit 1: sg13g2_nor3_2                   |Circuit 2: sg13g2_nor3_2                   
-------------------------------------------|-------------------------------------------
Y                                          |Y                                          
A                                          |A                                          
B                                          |B                                          
C                                          |C                                          
VDD                                        |VDD                                        
VSS                                        |VSS                                        
---------------------------------------------------------------------------------------
Cell pin lists are equivalent.
Device classes sg13g2_nor3_2 and sg13g2_nor3_2 are equivalent.

Cell sg13g2_and2_2 (0) disconnected node: X
Cell sg13g2_and2_2 (0) disconnected node: A
Cell sg13g2_and2_2 (0) disconnected node: B
Cell sg13g2_and2_2 (0) disconnected node: VDD
Cell sg13g2_and2_2 (0) disconnected node: VSS

Subcircuit pins:
Circuit 1: sg13g2_and2_2                   |Circuit 2: sg13g2_and2_2                   
-------------------------------------------|-------------------------------------------
X                                          |X                                          
A                                          |A                                          
B                                          |B                                          
VDD                                        |VDD                                        
VSS                                        |VSS                                        
---------------------------------------------------------------------------------------
Cell pin lists are equivalent.
Device classes sg13g2_and2_2 and sg13g2_and2_2 are equivalent.

Cell sg13g2_nor2b_2 (0) disconnected node: Y
Cell sg13g2_nor2b_2 (0) disconnected node: A
Cell sg13g2_nor2b_2 (0) disconnected node: B_N
Cell sg13g2_nor2b_2 (0) disconnected node: VDD
Cell sg13g2_nor2b_2 (0) disconnected node: VSS

Subcircuit pins:
Circuit 1: sg13g2_nor2b_2                  |Circuit 2: sg13g2_nor2b_2                  
-------------------------------------------|-------------------------------------------
Y                                          |Y                                          
A                                          |A                                          
B_N                                        |B_N                                        
VDD                                        |VDD                                        
VSS                                        |VSS                                        
---------------------------------------------------------------------------------------
Cell pin lists are equivalent.
Device classes sg13g2_nor2b_2 and sg13g2_nor2b_2 are equivalent.

Cell sg13g2_mux2_2 (0) disconnected node: X
Cell sg13g2_mux2_2 (0) disconnected node: A0
Cell sg13g2_mux2_2 (0) disconnected node: A1
Cell sg13g2_mux2_2 (0) disconnected node: S
Cell sg13g2_mux2_2 (0) disconnected node: VDD
Cell sg13g2_mux2_2 (0) disconnected node: VSS

Subcircuit pins:
Circuit 1: sg13g2_mux2_2                   |Circuit 2: sg13g2_mux2_2                   
-------------------------------------------|-------------------------------------------
X                                          |X                                          
A0                                         |A0                                         
A1                                         |A1                                         
S                                          |S                                          
VDD                                        |VDD                                        
VSS                                        |VSS                                        
---------------------------------------------------------------------------------------
Cell pin lists are equivalent.
Device classes sg13g2_mux2_2 and sg13g2_mux2_2 are equivalent.

Cell sg13g2_dfrbpq_2 (0) disconnected node: Q
Cell sg13g2_dfrbpq_2 (0) disconnected node: CLK
Cell sg13g2_dfrbpq_2 (0) disconnected node: D
Cell sg13g2_dfrbpq_2 (0) disconnected node: RESET_B
Cell sg13g2_dfrbpq_2 (0) disconnected node: VDD
Cell sg13g2_dfrbpq_2 (0) disconnected node: VSS

Subcircuit pins:
Circuit 1: sg13g2_dfrbpq_2                 |Circuit 2: sg13g2_dfrbpq_2                 
-------------------------------------------|-------------------------------------------
Q                                          |Q                                          
CLK                                        |CLK                                        
D                                          |D                                          
RESET_B                                    |RESET_B                                    
VDD                                        |VDD                                        
VSS                                        |VSS                                        
---------------------------------------------------------------------------------------
Cell pin lists are equivalent.
Device classes sg13g2_dfrbpq_2 and sg13g2_dfrbpq_2 are equivalent.

Cell sg13g2_inv_4 (0) disconnected node: Y
Cell sg13g2_inv_4 (0) disconnected node: A
Cell sg13g2_inv_4 (0) disconnected node: VDD
Cell sg13g2_inv_4 (0) disconnected node: VSS

Subcircuit pins:
Circuit 1: sg13g2_inv_4                    |Circuit 2: sg13g2_inv_4                    
-------------------------------------------|-------------------------------------------
Y                                          |Y                                          
A                                          |A                                          
VDD                                        |VDD                                        
VSS                                        |VSS                                        
---------------------------------------------------------------------------------------
Cell pin lists are equivalent.
Device classes sg13g2_inv_4 and sg13g2_inv_4 are equivalent.

Cell sg13g2_a21o_2 (0) disconnected node: X
Cell sg13g2_a21o_2 (0) disconnected node: A1
Cell sg13g2_a21o_2 (0) disconnected node: A2
Cell sg13g2_a21o_2 (0) disconnected node: B1
Cell sg13g2_a21o_2 (0) disconnected node: VDD
Cell sg13g2_a21o_2 (0) disconnected node: VSS

Subcircuit pins:
Circuit 1: sg13g2_a21o_2                   |Circuit 2: sg13g2_a21o_2                   
-------------------------------------------|-------------------------------------------
X                                          |X                                          
A1                                         |A1                                         
A2                                         |A2                                         
B1                                         |B1                                         
VDD                                        |VDD                                        
VSS                                        |VSS                                        
---------------------------------------------------------------------------------------
Cell pin lists are equivalent.
Device classes sg13g2_a21o_2 and sg13g2_a21o_2 are equivalent.

Cell sg13g2_or2_2 (0) disconnected node: X
Cell sg13g2_or2_2 (0) disconnected node: A
Cell sg13g2_or2_2 (0) disconnected node: B
Cell sg13g2_or2_2 (0) disconnected node: VDD
Cell sg13g2_or2_2 (0) disconnected node: VSS

Subcircuit pins:
Circuit 1: sg13g2_or2_2                    |Circuit 2: sg13g2_or2_2                    
-------------------------------------------|-------------------------------------------
X                                          |X                                          
A                                          |A                                          
B                                          |B                                          
VDD                                        |VDD                                        
VSS                                        |VSS                                        
---------------------------------------------------------------------------------------
Cell pin lists are equivalent.
Device classes sg13g2_or2_2 and sg13g2_or2_2 are equivalent.

Cell sg13g2_nand2b_2 (0) disconnected node: Y
Cell sg13g2_nand2b_2 (0) disconnected node: A_N
Cell sg13g2_nand2b_2 (0) disconnected node: B
Cell sg13g2_nand2b_2 (0) disconnected node: VDD
Cell sg13g2_nand2b_2 (0) disconnected node: VSS

Subcircuit pins:
Circuit 1: sg13g2_nand2b_2                 |Circuit 2: sg13g2_nand2b_2                 
-------------------------------------------|-------------------------------------------
Y                                          |Y                                          
A_N                                        |A_N                                        
B                                          |B                                          
VDD                                        |VDD                                        
VSS                                        |VSS                                        
---------------------------------------------------------------------------------------
Cell pin lists are equivalent.
Device classes sg13g2_nand2b_2 and sg13g2_nand2b_2 are equivalent.

Cell sg13g2_or3_2 (0) disconnected node: X
Cell sg13g2_or3_2 (0) disconnected node: A
Cell sg13g2_or3_2 (0) disconnected node: B
Cell sg13g2_or3_2 (0) disconnected node: C
Cell sg13g2_or3_2 (0) disconnected node: VDD
Cell sg13g2_or3_2 (0) disconnected node: VSS

Subcircuit pins:
Circuit 1: sg13g2_or3_2                    |Circuit 2: sg13g2_or3_2                    
-------------------------------------------|-------------------------------------------
X                                          |X                                          
A                                          |A                                          
B                                          |B                                          
C                                          |C                                          
VDD                                        |VDD                                        
VSS                                        |VSS                                        
---------------------------------------------------------------------------------------
Cell pin lists are equivalent.
Device classes sg13g2_or3_2 and sg13g2_or3_2 are equivalent.

Cell csi2_top (0) disconnected node: statut_phy[0]
Cell csi2_top (0) disconnected node: statut_phy[10]
Cell csi2_top (0) disconnected node: statut_phy[11]
Cell csi2_top (0) disconnected node: statut_phy[1]
Cell csi2_top (0) disconnected node: statut_phy[2]
Cell csi2_top (0) disconnected node: statut_phy[3]
Cell csi2_top (0) disconnected node: statut_phy[4]
Cell csi2_top (0) disconnected node: statut_phy[5]
Cell csi2_top (0) disconnected node: statut_phy[6]
Cell csi2_top (0) disconnected node: statut_phy[7]
Cell csi2_top (0) disconnected node: statut_phy[8]
Cell csi2_top (0) disconnected node: statut_phy[9]
Cell csi2_top (0) disconnected node: tx_pix_data[104]
Cell csi2_top (0) disconnected node: tx_pix_data[105]
Cell csi2_top (0) disconnected node: tx_pix_data[106]
Cell csi2_top (0) disconnected node: tx_pix_data[107]
Cell csi2_top (0) disconnected node: tx_pix_data[108]
Cell csi2_top (0) disconnected node: tx_pix_data[109]
Cell csi2_top (0) disconnected node: tx_pix_data[110]
Cell csi2_top (0) disconnected node: tx_pix_data[111]
Cell csi2_top (0) disconnected node: tx_pix_data[62]
Cell csi2_top (0) disconnected node: tx_pix_data[63]
Cell csi2_top (0) disconnected node: tx_pix_data[64]
Cell csi2_top (0) disconnected node: tx_pix_data[65]
Cell csi2_top (0) disconnected node: tx_pix_data[66]
Cell csi2_top (0) disconnected node: tx_pix_data[67]
Cell csi2_top (0) disconnected node: tx_pix_data[68]
Cell csi2_top (0) disconnected node: tx_pix_data[69]
Cell csi2_top (0) disconnected node: tx_pix_data[76]
Cell csi2_top (0) disconnected node: tx_pix_data[77]
Cell csi2_top (0) disconnected node: tx_pix_data[78]
Cell csi2_top (0) disconnected node: tx_pix_data[79]
Cell csi2_top (0) disconnected node: tx_pix_data[80]
Cell csi2_top (0) disconnected node: tx_pix_data[81]
Cell csi2_top (0) disconnected node: tx_pix_data[82]
Cell csi2_top (0) disconnected node: tx_pix_data[83]
Cell csi2_top (0) disconnected node: tx_pix_data[90]
Cell csi2_top (0) disconnected node: tx_pix_data[91]
Cell csi2_top (0) disconnected node: tx_pix_data[92]
Cell csi2_top (0) disconnected node: tx_pix_data[93]
Cell csi2_top (0) disconnected node: tx_pix_data[94]
Cell csi2_top (0) disconnected node: tx_pix_data[95]
Cell csi2_top (0) disconnected node: tx_pix_data[96]
Cell csi2_top (0) disconnected node: tx_pix_data[97]
Cell csi2_top (1) disconnected node: statut_phy[11]
Cell csi2_top (1) disconnected node: statut_phy[10]
Cell csi2_top (1) disconnected node: statut_phy[9]
Cell csi2_top (1) disconnected node: statut_phy[8]
Cell csi2_top (1) disconnected node: statut_phy[7]
Cell csi2_top (1) disconnected node: statut_phy[6]
Cell csi2_top (1) disconnected node: statut_phy[5]
Cell csi2_top (1) disconnected node: statut_phy[4]
Cell csi2_top (1) disconnected node: statut_phy[3]
Cell csi2_top (1) disconnected node: statut_phy[2]
Cell csi2_top (1) disconnected node: statut_phy[1]
Cell csi2_top (1) disconnected node: statut_phy[0]
Cell csi2_top (1) disconnected node: tx_pix_data[111]
Cell csi2_top (1) disconnected node: tx_pix_data[110]
Cell csi2_top (1) disconnected node: tx_pix_data[109]
Cell csi2_top (1) disconnected node: tx_pix_data[108]
Cell csi2_top (1) disconnected node: tx_pix_data[107]
Cell csi2_top (1) disconnected node: tx_pix_data[106]
Cell csi2_top (1) disconnected node: tx_pix_data[105]
Cell csi2_top (1) disconnected node: tx_pix_data[104]
Cell csi2_top (1) disconnected node: tx_pix_data[97]
Cell csi2_top (1) disconnected node: tx_pix_data[96]
Cell csi2_top (1) disconnected node: tx_pix_data[95]
Cell csi2_top (1) disconnected node: tx_pix_data[94]
Cell csi2_top (1) disconnected node: tx_pix_data[93]
Cell csi2_top (1) disconnected node: tx_pix_data[92]
Cell csi2_top (1) disconnected node: tx_pix_data[91]
Cell csi2_top (1) disconnected node: tx_pix_data[90]
Cell csi2_top (1) disconnected node: tx_pix_data[83]
Cell csi2_top (1) disconnected node: tx_pix_data[82]
Cell csi2_top (1) disconnected node: tx_pix_data[81]
Cell csi2_top (1) disconnected node: tx_pix_data[80]
Cell csi2_top (1) disconnected node: tx_pix_data[79]
Cell csi2_top (1) disconnected node: tx_pix_data[78]
Cell csi2_top (1) disconnected node: tx_pix_data[77]
Cell csi2_top (1) disconnected node: tx_pix_data[76]
Cell csi2_top (1) disconnected node: tx_pix_data[69]
Cell csi2_top (1) disconnected node: tx_pix_data[68]
Cell csi2_top (1) disconnected node: tx_pix_data[67]
Cell csi2_top (1) disconnected node: tx_pix_data[66]
Cell csi2_top (1) disconnected node: tx_pix_data[65]
Cell csi2_top (1) disconnected node: tx_pix_data[64]
Cell csi2_top (1) disconnected node: tx_pix_data[63]
Cell csi2_top (1) disconnected node: tx_pix_data[62]
Class csi2_top (0):  Merged 110033 parallel devices.
Class csi2_top (1):  Merged 110033 parallel devices.
Cell csi2_top (0) disconnected node: statut_phy[0]
Cell csi2_top (0) disconnected node: statut_phy[10]
Cell csi2_top (0) disconnected node: statut_phy[11]
Cell csi2_top (0) disconnected node: statut_phy[1]
Cell csi2_top (0) disconnected node: statut_phy[2]
Cell csi2_top (0) disconnected node: statut_phy[3]
Cell csi2_top (0) disconnected node: statut_phy[4]
Cell csi2_top (0) disconnected node: statut_phy[5]
Cell csi2_top (0) disconnected node: statut_phy[6]
Cell csi2_top (0) disconnected node: statut_phy[7]
Cell csi2_top (0) disconnected node: statut_phy[8]
Cell csi2_top (0) disconnected node: statut_phy[9]
Cell csi2_top (0) disconnected node: tx_pix_data[104]
Cell csi2_top (0) disconnected node: tx_pix_data[105]
Cell csi2_top (0) disconnected node: tx_pix_data[106]
Cell csi2_top (0) disconnected node: tx_pix_data[107]
Cell csi2_top (0) disconnected node: tx_pix_data[108]
Cell csi2_top (0) disconnected node: tx_pix_data[109]
Cell csi2_top (0) disconnected node: tx_pix_data[110]
Cell csi2_top (0) disconnected node: tx_pix_data[111]
Cell csi2_top (0) disconnected node: tx_pix_data[62]
Cell csi2_top (0) disconnected node: tx_pix_data[63]
Cell csi2_top (0) disconnected node: tx_pix_data[64]
Cell csi2_top (0) disconnected node: tx_pix_data[65]
Cell csi2_top (0) disconnected node: tx_pix_data[66]
Cell csi2_top (0) disconnected node: tx_pix_data[67]
Cell csi2_top (0) disconnected node: tx_pix_data[68]
Cell csi2_top (0) disconnected node: tx_pix_data[69]
Cell csi2_top (0) disconnected node: tx_pix_data[76]
Cell csi2_top (0) disconnected node: tx_pix_data[77]
Cell csi2_top (0) disconnected node: tx_pix_data[78]
Cell csi2_top (0) disconnected node: tx_pix_data[79]
Cell csi2_top (0) disconnected node: tx_pix_data[80]
Cell csi2_top (0) disconnected node: tx_pix_data[81]
Cell csi2_top (0) disconnected node: tx_pix_data[82]
Cell csi2_top (0) disconnected node: tx_pix_data[83]
Cell csi2_top (0) disconnected node: tx_pix_data[90]
Cell csi2_top (0) disconnected node: tx_pix_data[91]
Cell csi2_top (0) disconnected node: tx_pix_data[92]
Cell csi2_top (0) disconnected node: tx_pix_data[93]
Cell csi2_top (0) disconnected node: tx_pix_data[94]
Cell csi2_top (0) disconnected node: tx_pix_data[95]
Cell csi2_top (0) disconnected node: tx_pix_data[96]
Cell csi2_top (0) disconnected node: tx_pix_data[97]
Cell csi2_top (1) disconnected node: statut_phy[11]
Cell csi2_top (1) disconnected node: statut_phy[10]
Cell csi2_top (1) disconnected node: statut_phy[9]
Cell csi2_top (1) disconnected node: statut_phy[8]
Cell csi2_top (1) disconnected node: statut_phy[7]
Cell csi2_top (1) disconnected node: statut_phy[6]
Cell csi2_top (1) disconnected node: statut_phy[5]
Cell csi2_top (1) disconnected node: statut_phy[4]
Cell csi2_top (1) disconnected node: statut_phy[3]
Cell csi2_top (1) disconnected node: statut_phy[2]
Cell csi2_top (1) disconnected node: statut_phy[1]
Cell csi2_top (1) disconnected node: statut_phy[0]
Cell csi2_top (1) disconnected node: tx_pix_data[111]
Cell csi2_top (1) disconnected node: tx_pix_data[110]
Cell csi2_top (1) disconnected node: tx_pix_data[109]
Cell csi2_top (1) disconnected node: tx_pix_data[108]
Cell csi2_top (1) disconnected node: tx_pix_data[107]
Cell csi2_top (1) disconnected node: tx_pix_data[106]
Cell csi2_top (1) disconnected node: tx_pix_data[105]
Cell csi2_top (1) disconnected node: tx_pix_data[104]
Cell csi2_top (1) disconnected node: tx_pix_data[97]
Cell csi2_top (1) disconnected node: tx_pix_data[96]
Cell csi2_top (1) disconnected node: tx_pix_data[95]
Cell csi2_top (1) disconnected node: tx_pix_data[94]
Cell csi2_top (1) disconnected node: tx_pix_data[93]
Cell csi2_top (1) disconnected node: tx_pix_data[92]
Cell csi2_top (1) disconnected node: tx_pix_data[91]
Cell csi2_top (1) disconnected node: tx_pix_data[90]
Cell csi2_top (1) disconnected node: tx_pix_data[83]
Cell csi2_top (1) disconnected node: tx_pix_data[82]
Cell csi2_top (1) disconnected node: tx_pix_data[81]
Cell csi2_top (1) disconnected node: tx_pix_data[80]
Cell csi2_top (1) disconnected node: tx_pix_data[79]
Cell csi2_top (1) disconnected node: tx_pix_data[78]
Cell csi2_top (1) disconnected node: tx_pix_data[77]
Cell csi2_top (1) disconnected node: tx_pix_data[76]
Cell csi2_top (1) disconnected node: tx_pix_data[69]
Cell csi2_top (1) disconnected node: tx_pix_data[68]
Cell csi2_top (1) disconnected node: tx_pix_data[67]
Cell csi2_top (1) disconnected node: tx_pix_data[66]
Cell csi2_top (1) disconnected node: tx_pix_data[65]
Cell csi2_top (1) disconnected node: tx_pix_data[64]
Cell csi2_top (1) disconnected node: tx_pix_data[63]
Cell csi2_top (1) disconnected node: tx_pix_data[62]
Subcircuit summary:
Circuit 1: csi2_top                        |Circuit 2: csi2_top                        
-------------------------------------------|-------------------------------------------
sg13g2_decap_8 (50855->1)                  |sg13g2_decap_8 (50855->1)                  
sg13g2_fill_2 (20917->1)                   |sg13g2_fill_2 (20917->1)                   
sg13g2_dfrbpq_1 (5900)                     |sg13g2_dfrbpq_1 (5900)                     
sg13g2_inv_1 (1302)                        |sg13g2_inv_1 (1302)                        
sg13g2_buf_1 (27834)                       |sg13g2_buf_1 (27834)                       
sg13g2_fill_1 (22455->1)                   |sg13g2_fill_1 (22455->1)                   
sg13g2_decap_4 (15810->1)                  |sg13g2_decap_4 (15810->1)                  
sg13g2_buf_2 (3339)                        |sg13g2_buf_2 (3339)                        
sg13g2_xnor2_1 (2433)                      |sg13g2_xnor2_1 (2433)                      
sg13g2_o21ai_1 (4682)                      |sg13g2_o21ai_1 (4682)                      
sg13g2_a221oi_1 (837)                      |sg13g2_a221oi_1 (837)                      
sg13g2_nand2_1 (4272)                      |sg13g2_nand2_1 (4272)                      
sg13g2_buf_4 (1762)                        |sg13g2_buf_4 (1762)                        
sg13g2_buf_8 (1934)                        |sg13g2_buf_8 (1934)                        
sg13g2_mux2_1 (3387)                       |sg13g2_mux2_1 (3387)                       
sg13g2_xor2_1 (896)                        |sg13g2_xor2_1 (896)                        
sg13g2_nor4_1 (371)                        |sg13g2_nor4_1 (371)                        
sg13g2_a22oi_1 (1589)                      |sg13g2_a22oi_1 (1589)                      
sg13g2_and2_1 (908)                        |sg13g2_and2_1 (908)                        
sg13g2_a21oi_1 (2468)                      |sg13g2_a21oi_1 (2468)                      
sg13g2_and3_2 (169)                        |sg13g2_and3_2 (169)                        
sg13g2_and4_1 (91)                         |sg13g2_and4_1 (91)                         
sg13g2_nand4_1 (264)                       |sg13g2_nand4_1 (264)                       
sg13g2_nand3_1 (919)                       |sg13g2_nand3_1 (919)                       
sg13g2_tiehi (1291)                        |sg13g2_tiehi (1291)                        
sg13g2_nor2_1 (2978)                       |sg13g2_nor2_1 (2978)                       
sg13g2_or3_1 (89)                          |sg13g2_or3_1 (89)                          
sg13g2_inv_2 (37)                          |sg13g2_inv_2 (37)                          
sg13g2_nand2b_1 (797)                      |sg13g2_nand2b_1 (797)                      
sg13g2_nor3_1 (712)                        |sg13g2_nor3_1 (712)                        
sg13g2_mux4_1 (567)                        |sg13g2_mux4_1 (567)                        
sg13g2_nor2b_1 (543)                       |sg13g2_nor2b_1 (543)                       
sg13g2_buf_16 (82)                         |sg13g2_buf_16 (82)                         
sg13g2_or4_1 (81)                          |sg13g2_or4_1 (81)                          
sg13g2_a21o_1 (597)                        |sg13g2_a21o_1 (597)                        
sg13g2_tielo (202)                         |sg13g2_tielo (202)                         
sg13g2_or2_1 (294)                         |sg13g2_or2_1 (294)                         
sg13g2_nand2_2 (30)                        |sg13g2_nand2_2 (30)                        
sg13g2_dlygate4sd3_1 (187)                 |sg13g2_dlygate4sd3_1 (187)                 
sg13g2_nor4_2 (21)                         |sg13g2_nor4_2 (21)                         
sg13g2_inv_8 (3)                           |sg13g2_inv_8 (3)                           
sg13g2_nand3b_1 (89)                       |sg13g2_nand3b_1 (89)                       
sg13g2_nor2_2 (29)                         |sg13g2_nor2_2 (29)                         
sg13g2_antennanp (66)                      |sg13g2_antennanp (66)                      
sg13g2_a21oi_2 (71)                        |sg13g2_a21oi_2 (71)                        
sg13g2_nor3_2 (17)                         |sg13g2_nor3_2 (17)                         
sg13g2_and2_2 (5)                          |sg13g2_and2_2 (5)                          
sg13g2_nor2b_2 (9)                         |sg13g2_nor2b_2 (9)                         
sg13g2_mux2_2 (2)                          |sg13g2_mux2_2 (2)                          
sg13g2_dfrbpq_2 (10)                       |sg13g2_dfrbpq_2 (10)                       
sg13g2_inv_4 (12)                          |sg13g2_inv_4 (12)                          
sg13g2_a21o_2 (9)                          |sg13g2_a21o_2 (9)                          
sg13g2_or2_2 (3)                           |sg13g2_or2_2 (3)                           
sg13g2_nand2b_2 (7)                        |sg13g2_nand2b_2 (7)                        
sg13g2_or3_2 (1)                           |sg13g2_or3_2 (1)                           
Number of devices: 74202                   |Number of devices: 74202                   
Number of nets: 74291                      |Number of nets: 74291                      
---------------------------------------------------------------------------------------
Resolving symmetries by property value.
Resolving symmetries by pin name.
Resolving symmetries by net name.
Netlists match with 8 symmetries.

Subcircuit pins:
Circuit 1: csi2_top                        |Circuit 2: csi2_top                        
-------------------------------------------|-------------------------------------------
renvoi_mode[0]                             |renvoi_mode[0]                             
mots[1]                                    |mots[1]                                    
mots[2]                                    |mots[2]                                    
mots[0]                                    |mots[0]                                    
mots[3]                                    |mots[3]                                    
mots[4]                                    |mots[4]                                    
mots[5]                                    |mots[5]                                    
mots[11]                                   |mots[11]                                   
mots[12]                                   |mots[12]                                   
mots[6]                                    |mots[6]                                    
mots[17]                                   |mots[17]                                   
mots[7]                                    |mots[7]                                    
mots[18]                                   |mots[18]                                   
mots[13]                                   |mots[13]                                   
mots[8]                                    |mots[8]                                    
mots[14]                                   |mots[14]                                   
mots[9]                                    |mots[9]                                    
mots[15]                                   |mots[15]                                   
mots[10]                                   |mots[10]                                   
mots[16]                                   |mots[16]                                   
mots[19]                                   |mots[19]                                   
mots[20]                                   |mots[20]                                   
mots[24]                                   |mots[24]                                   
mots[25]                                   |mots[25]                                   
mots[21]                                   |mots[21]                                   
mots[22]                                   |mots[22]                                   
mots[23]                                   |mots[23]                                   
mots[26]                                   |mots[26]                                   
mots[27]                                   |mots[27]                                   
mots[30]                                   |mots[30]                                   
mots[31]                                   |mots[31]                                   
mots[28]                                   |mots[28]                                   
clk_w                                      |clk_w                                      
clk                                        |clk                                        
dbg_erreur                                 |dbg_erreur                                 
dbg_evt                                    |dbg_evt                                    
dbg_verrou[0]                              |dbg_verrou[0]                              
dbg_verrou[1]                              |dbg_verrou[1]                              
dbg_verrou[2]                              |dbg_verrou[2]                              
dbg_verrou[3]                              |dbg_verrou[3]                              
llp_cnt_burst[0]                           |llp_cnt_burst[0]                           
llp_cnt_burst[1]                           |llp_cnt_burst[1]                           
llp_cnt_burst[2]                           |llp_cnt_burst[2]                           
llp_cnt_burst[3]                           |llp_cnt_burst[3]                           
llp_cnt_burst[4]                           |llp_cnt_burst[4]                           
llp_cnt_burst[5]                           |llp_cnt_burst[5]                           
llp_cnt_burst[6]                           |llp_cnt_burst[6]                           
llp_cnt_burst[7]                           |llp_cnt_burst[7]                           
llp_cnt_burst[8]                           |llp_cnt_burst[8]                           
llp_cnt_burst[9]                           |llp_cnt_burst[9]                           
llp_cnt_burst[10]                          |llp_cnt_burst[10]                          
llp_cnt_burst[11]                          |llp_cnt_burst[11]                          
llp_cnt_burst[12]                          |llp_cnt_burst[12]                          
llp_cnt_burst[13]                          |llp_cnt_burst[13]                          
llp_cnt_burst[14]                          |llp_cnt_burst[14]                          
llp_cnt_burst[15]                          |llp_cnt_burst[15]                          
llp_cnt_crc[0]                             |llp_cnt_crc[0]                             
llp_cnt_crc[1]                             |llp_cnt_crc[1]                             
llp_cnt_crc[2]                             |llp_cnt_crc[2]                             
llp_cnt_crc[3]                             |llp_cnt_crc[3]                             
llp_cnt_crc[4]                             |llp_cnt_crc[4]                             
llp_cnt_crc[5]                             |llp_cnt_crc[5]                             
llp_cnt_crc[6]                             |llp_cnt_crc[6]                             
llp_cnt_crc[7]                             |llp_cnt_crc[7]                             
llp_cnt_crc[8]                             |llp_cnt_crc[8]                             
llp_cnt_crc[9]                             |llp_cnt_crc[9]                             
llp_cnt_crc[10]                            |llp_cnt_crc[10]                            
llp_cnt_crc[11]                            |llp_cnt_crc[11]                            
llp_cnt_crc[12]                            |llp_cnt_crc[12]                            
llp_cnt_crc[13]                            |llp_cnt_crc[13]                            
llp_cnt_crc[14]                            |llp_cnt_crc[14]                            
llp_cnt_crc[15]                            |llp_cnt_crc[15]                            
llp_cnt_dt[0]                              |llp_cnt_dt[0]                              
llp_cnt_dt[1]                              |llp_cnt_dt[1]                              
llp_cnt_dt[2]                              |llp_cnt_dt[2]                              
llp_cnt_dt[3]                              |llp_cnt_dt[3]                              
llp_cnt_dt[4]                              |llp_cnt_dt[4]                              
llp_cnt_dt[5]                              |llp_cnt_dt[5]                              
llp_cnt_dt[6]                              |llp_cnt_dt[6]                              
llp_cnt_dt[7]                              |llp_cnt_dt[7]                              
llp_cnt_dt[8]                              |llp_cnt_dt[8]                              
llp_cnt_dt[9]                              |llp_cnt_dt[9]                              
llp_cnt_dt[10]                             |llp_cnt_dt[10]                             
llp_cnt_dt[11]                             |llp_cnt_dt[11]                             
llp_cnt_dt[12]                             |llp_cnt_dt[12]                             
llp_cnt_dt[13]                             |llp_cnt_dt[13]                             
llp_cnt_dt[14]                             |llp_cnt_dt[14]                             
llp_cnt_dt[15]                             |llp_cnt_dt[15]                             
llp_cnt_ecc_corrected[0]                   |llp_cnt_ecc_corrected[0]                   
llp_cnt_ecc_corrected[1]                   |llp_cnt_ecc_corrected[1]                   
llp_cnt_ecc_corrected[2]                   |llp_cnt_ecc_corrected[2]                   
llp_cnt_ecc_corrected[3]                   |llp_cnt_ecc_corrected[3]                   
llp_cnt_ecc_corrected[4]                   |llp_cnt_ecc_corrected[4]                   
llp_cnt_ecc_corrected[5]                   |llp_cnt_ecc_corrected[5]                   
llp_cnt_ecc_corrected[6]                   |llp_cnt_ecc_corrected[6]                   
llp_cnt_ecc_corrected[7]                   |llp_cnt_ecc_corrected[7]                   
llp_cnt_ecc_corrected[8]                   |llp_cnt_ecc_corrected[8]                   
llp_cnt_ecc_corrected[9]                   |llp_cnt_ecc_corrected[9]                   
llp_cnt_ecc_corrected[10]                  |llp_cnt_ecc_corrected[10]                  
llp_cnt_ecc_corrected[11]                  |llp_cnt_ecc_corrected[11]                  
llp_cnt_ecc_corrected[12]                  |llp_cnt_ecc_corrected[12]                  
llp_cnt_ecc_corrected[13]                  |llp_cnt_ecc_corrected[13]                  
llp_cnt_ecc_corrected[14]                  |llp_cnt_ecc_corrected[14]                  
llp_cnt_ecc_corrected[15]                  |llp_cnt_ecc_corrected[15]                  
llp_cnt_ecc_double[0]                      |llp_cnt_ecc_double[0]                      
llp_cnt_ecc_double[1]                      |llp_cnt_ecc_double[1]                      
llp_cnt_ecc_double[2]                      |llp_cnt_ecc_double[2]                      
llp_cnt_ecc_double[3]                      |llp_cnt_ecc_double[3]                      
llp_cnt_ecc_double[4]                      |llp_cnt_ecc_double[4]                      
llp_cnt_ecc_double[5]                      |llp_cnt_ecc_double[5]                      
llp_cnt_ecc_double[6]                      |llp_cnt_ecc_double[6]                      
llp_cnt_ecc_double[7]                      |llp_cnt_ecc_double[7]                      
llp_cnt_ecc_double[8]                      |llp_cnt_ecc_double[8]                      
llp_cnt_ecc_double[9]                      |llp_cnt_ecc_double[9]                      
llp_cnt_ecc_double[10]                     |llp_cnt_ecc_double[10]                     
llp_cnt_ecc_double[11]                     |llp_cnt_ecc_double[11]                     
llp_cnt_ecc_double[12]                     |llp_cnt_ecc_double[12]                     
llp_cnt_ecc_double[13]                     |llp_cnt_ecc_double[13]                     
llp_cnt_ecc_double[14]                     |llp_cnt_ecc_double[14]                     
llp_cnt_ecc_double[15]                     |llp_cnt_ecc_double[15]                     
llp_cnt_ok[0]                              |llp_cnt_ok[0]                              
llp_cnt_ok[1]                              |llp_cnt_ok[1]                              
llp_cnt_ok[2]                              |llp_cnt_ok[2]                              
llp_cnt_ok[3]                              |llp_cnt_ok[3]                              
llp_cnt_ok[4]                              |llp_cnt_ok[4]                              
llp_cnt_ok[5]                              |llp_cnt_ok[5]                              
llp_cnt_ok[6]                              |llp_cnt_ok[6]                              
llp_cnt_ok[7]                              |llp_cnt_ok[7]                              
llp_cnt_ok[8]                              |llp_cnt_ok[8]                              
llp_cnt_ok[9]                              |llp_cnt_ok[9]                              
llp_cnt_ok[10]                             |llp_cnt_ok[10]                             
llp_cnt_ok[11]                             |llp_cnt_ok[11]                             
llp_cnt_ok[12]                             |llp_cnt_ok[12]                             
llp_cnt_ok[13]                             |llp_cnt_ok[13]                             
llp_cnt_ok[14]                             |llp_cnt_ok[14]                             
llp_cnt_ok[15]                             |llp_cnt_ok[15]                             
llp_cnt_sot_err[0]                         |llp_cnt_sot_err[0]                         
llp_cnt_sot_err[1]                         |llp_cnt_sot_err[1]                         
llp_cnt_sot_err[2]                         |llp_cnt_sot_err[2]                         
llp_cnt_sot_err[3]                         |llp_cnt_sot_err[3]                         
llp_cnt_sot_err[4]                         |llp_cnt_sot_err[4]                         
llp_cnt_sot_err[5]                         |llp_cnt_sot_err[5]                         
llp_cnt_sot_err[6]                         |llp_cnt_sot_err[6]                         
llp_cnt_sot_err[7]                         |llp_cnt_sot_err[7]                         
llp_cnt_sot_err[8]                         |llp_cnt_sot_err[8]                         
llp_cnt_sot_err[9]                         |llp_cnt_sot_err[9]                         
llp_cnt_sot_err[10]                        |llp_cnt_sot_err[10]                        
llp_cnt_sot_err[11]                        |llp_cnt_sot_err[11]                        
llp_cnt_sot_err[12]                        |llp_cnt_sot_err[12]                        
llp_cnt_sot_err[13]                        |llp_cnt_sot_err[13]                        
llp_cnt_sot_err[14]                        |llp_cnt_sot_err[14]                        
llp_cnt_sot_err[15]                        |llp_cnt_sot_err[15]                        
llp_cnt_trunc[0]                           |llp_cnt_trunc[0]                           
llp_cnt_trunc[1]                           |llp_cnt_trunc[1]                           
llp_cnt_trunc[2]                           |llp_cnt_trunc[2]                           
llp_cnt_trunc[3]                           |llp_cnt_trunc[3]                           
llp_cnt_trunc[4]                           |llp_cnt_trunc[4]                           
llp_cnt_trunc[5]                           |llp_cnt_trunc[5]                           
llp_cnt_trunc[6]                           |llp_cnt_trunc[6]                           
llp_cnt_trunc[7]                           |llp_cnt_trunc[7]                           
llp_cnt_trunc[8]                           |llp_cnt_trunc[8]                           
llp_cnt_trunc[9]                           |llp_cnt_trunc[9]                           
llp_cnt_trunc[10]                          |llp_cnt_trunc[10]                          
llp_cnt_trunc[11]                          |llp_cnt_trunc[11]                          
llp_cnt_trunc[12]                          |llp_cnt_trunc[12]                          
llp_cnt_trunc[13]                          |llp_cnt_trunc[13]                          
llp_cnt_trunc[14]                          |llp_cnt_trunc[14]                          
llp_cnt_trunc[15]                          |llp_cnt_trunc[15]                          
rx_pix_data[62]                            |rx_pix_data[62]                            
rx_pix_data[63]                            |rx_pix_data[63]                            
rx_pix_data[64]                            |rx_pix_data[64]                            
rx_pix_data[65]                            |rx_pix_data[65]                            
rx_pix_data[66]                            |rx_pix_data[66]                            
rx_pix_data[67]                            |rx_pix_data[67]                            
rx_pix_data[68]                            |rx_pix_data[68]                            
rx_pix_data[69]                            |rx_pix_data[69]                            
rx_pix_data[76]                            |rx_pix_data[76]                            
rx_pix_data[77]                            |rx_pix_data[77]                            
rx_pix_data[78]                            |rx_pix_data[78]                            
rx_pix_data[79]                            |rx_pix_data[79]                            
rx_pix_data[80]                            |rx_pix_data[80]                            
rx_pix_data[81]                            |rx_pix_data[81]                            
rx_pix_data[82]                            |rx_pix_data[82]                            
rx_pix_data[83]                            |rx_pix_data[83]                            
trame_cnt_err[0]                           |trame_cnt_err[0]                           
trame_cnt_err[1]                           |trame_cnt_err[1]                           
trame_cnt_err[2]                           |trame_cnt_err[2]                           
trame_cnt_err[3]                           |trame_cnt_err[3]                           
trame_cnt_err[4]                           |trame_cnt_err[4]                           
trame_cnt_err[5]                           |trame_cnt_err[5]                           
trame_cnt_err[6]                           |trame_cnt_err[6]                           
trame_cnt_err[7]                           |trame_cnt_err[7]                           
trame_cnt_err[8]                           |trame_cnt_err[8]                           
trame_cnt_err[9]                           |trame_cnt_err[9]                           
trame_cnt_err[10]                          |trame_cnt_err[10]                          
trame_cnt_err[11]                          |trame_cnt_err[11]                          
trame_cnt_err[12]                          |trame_cnt_err[12]                          
trame_cnt_err[13]                          |trame_cnt_err[13]                          
trame_cnt_err[14]                          |trame_cnt_err[14]                          
trame_cnt_err[15]                          |trame_cnt_err[15]                          
trame_cnt_ligne[0]                         |trame_cnt_ligne[0]                         
trame_cnt_ligne[1]                         |trame_cnt_ligne[1]                         
trame_cnt_ligne[2]                         |trame_cnt_ligne[2]                         
trame_cnt_ligne[3]                         |trame_cnt_ligne[3]                         
trame_cnt_ligne[4]                         |trame_cnt_ligne[4]                         
trame_cnt_ligne[5]                         |trame_cnt_ligne[5]                         
trame_cnt_ligne[6]                         |trame_cnt_ligne[6]                         
trame_cnt_ligne[7]                         |trame_cnt_ligne[7]                         
trame_cnt_ligne[8]                         |trame_cnt_ligne[8]                         
trame_cnt_ligne[9]                         |trame_cnt_ligne[9]                         
trame_cnt_ligne[10]                        |trame_cnt_ligne[10]                        
trame_cnt_ligne[11]                        |trame_cnt_ligne[11]                        
trame_cnt_ligne[12]                        |trame_cnt_ligne[12]                        
trame_cnt_ligne[13]                        |trame_cnt_ligne[13]                        
trame_cnt_ligne[14]                        |trame_cnt_ligne[14]                        
trame_cnt_ligne[15]                        |trame_cnt_ligne[15]                        
trame_cnt_ok[0]                            |trame_cnt_ok[0]                            
trame_cnt_ok[1]                            |trame_cnt_ok[1]                            
trame_cnt_ok[2]                            |trame_cnt_ok[2]                            
trame_cnt_ok[3]                            |trame_cnt_ok[3]                            
trame_cnt_ok[4]                            |trame_cnt_ok[4]                            
trame_cnt_ok[5]                            |trame_cnt_ok[5]                            
trame_cnt_ok[6]                            |trame_cnt_ok[6]                            
trame_cnt_ok[7]                            |trame_cnt_ok[7]                            
trame_cnt_ok[8]                            |trame_cnt_ok[8]                            
trame_cnt_ok[9]                            |trame_cnt_ok[9]                            
trame_cnt_ok[10]                           |trame_cnt_ok[10]                           
trame_cnt_ok[11]                           |trame_cnt_ok[11]                           
trame_cnt_ok[12]                           |trame_cnt_ok[12]                           
trame_cnt_ok[13]                           |trame_cnt_ok[13]                           
trame_cnt_ok[14]                           |trame_cnt_ok[14]                           
trame_cnt_ok[15]                           |trame_cnt_ok[15]                           
fifo_tx_full                               |fifo_tx_full                               
rst_n                                      |rst_n                                      
tx_req_width[0]                            |tx_req_width[0]                            
tx_pix_data[6]                             |tx_pix_data[6]                             
tx_req_width[15]                           |tx_req_width[15]                           
enable[2]                                  |enable[2]                                  
tx_req_vc[0]                               |tx_req_vc[0]                               
tx_req_vc[1]                               |tx_req_vc[1]                               
enable[0]                                  |enable[0]                                  
enable[1]                                  |enable[1]                                  
enable[3]                                  |enable[3]                                  
tx_req_width[6]                            |tx_req_width[6]                            
tx_req_width[5]                            |tx_req_width[5]                            
tx_pix_data[11]                            |tx_pix_data[11]                            
tx_req_dt[1]                               |tx_req_dt[1]                               
tx_req_width[14]                           |tx_req_width[14]                           
tx_req_width[9]                            |tx_req_width[9]                            
tx_req_width[11]                           |tx_req_width[11]                           
tx_req_width[10]                           |tx_req_width[10]                           
tx_req_width[8]                            |tx_req_width[8]                            
tx_req_width[1]                            |tx_req_width[1]                            
tx_req_width[2]                            |tx_req_width[2]                            
tx_req_width[4]                            |tx_req_width[4]                            
tx_req_width[3]                            |tx_req_width[3]                            
tx_req_width[7]                            |tx_req_width[7]                            
tx_pix_data[29]                            |tx_pix_data[29]                            
tx_pix_data[39]                            |tx_pix_data[39]                            
tx_req_valid                               |tx_req_valid                               
tx_pix_nb[2]                               |tx_pix_nb[2]                               
tx_pix_data[2]                             |tx_pix_data[2]                             
tx_req_dt[0]                               |tx_req_dt[0]                               
tx_pix_data[28]                            |tx_pix_data[28]                            
tx_pix_data[38]                            |tx_pix_data[38]                            
tx_pix_data[12]                            |tx_pix_data[12]                            
tx_pix_data[14]                            |tx_pix_data[14]                            
hspr[3]                                    |hspr[3]                                    
tx_pix_data[15]                            |tx_pix_data[15]                            
tx_pix_data[18]                            |tx_pix_data[18]                            
hspr[1]                                    |hspr[1]                                    
hspr[0]                                    |hspr[0]                                    
tx_pix_data[54]                            |tx_pix_data[54]                            
tx_pix_data[55]                            |tx_pix_data[55]                            
tx_pix_data[32]                            |tx_pix_data[32]                            
tx_pix_data[33]                            |tx_pix_data[33]                            
tx_pix_data[37]                            |tx_pix_data[37]                            
tx_pix_data[36]                            |tx_pix_data[36]                            
tx_req_dt[3]                               |tx_req_dt[3]                               
tx_req_dt[5]                               |tx_req_dt[5]                               
tx_req_dt[4]                               |tx_req_dt[4]                               
tx_pix_nb[3]                               |tx_pix_nb[3]                               
tx_pix_nb[1]                               |tx_pix_nb[1]                               
cnt_gel                                    |cnt_gel                                    
hspr[2]                                    |hspr[2]                                    
tx_pix_data[3]                             |tx_pix_data[3]                             
tx_pix_data[46]                            |tx_pix_data[46]                            
tx_pix_data[47]                            |tx_pix_data[47]                            
tx_pix_data[44]                            |tx_pix_data[44]                            
tx_pix_data[45]                            |tx_pix_data[45]                            
tx_pix_data[75]                            |tx_pix_data[75]                            
tx_pix_data[74]                            |tx_pix_data[74]                            
tx_pix_data[85]                            |tx_pix_data[85]                            
tx_pix_data[84]                            |tx_pix_data[84]                            
tx_pix_data[87]                            |tx_pix_data[87]                            
tx_pix_data[86]                            |tx_pix_data[86]                            
tx_pix_valid                               |tx_pix_valid                               
tx_pix_data[34]                            |tx_pix_data[34]                            
tx_pix_data[35]                            |tx_pix_data[35]                            
tx_pix_data[41]                            |tx_pix_data[41]                            
tx_pix_data[4]                             |tx_pix_data[4]                             
tx_pix_data[7]                             |tx_pix_data[7]                             
tx_pix_data[72]                            |tx_pix_data[72]                            
tx_pix_data[73]                            |tx_pix_data[73]                            
tx_pix_data[24]                            |tx_pix_data[24]                            
tx_pix_data[25]                            |tx_pix_data[25]                            
tx_pix_data[26]                            |tx_pix_data[26]                            
tx_pix_data[27]                            |tx_pix_data[27]                            
tx_pix_data[13]                            |tx_pix_data[13]                            
tx_pix_data[40]                            |tx_pix_data[40]                            
tx_pix_data[10]                            |tx_pix_data[10]                            
tx_pix_data[5]                             |tx_pix_data[5]                             
tx_pix_data[19]                            |tx_pix_data[19]                            
tx_pix_data[88]                            |tx_pix_data[88]                            
tx_pix_data[89]                            |tx_pix_data[89]                            
tx_pix_data[42]                            |tx_pix_data[42]                            
tx_pix_data[8]                             |tx_pix_data[8]                             
tx_pix_data[9]                             |tx_pix_data[9]                             
tx_pix_data[21]                            |tx_pix_data[21]                            
tx_pix_data[20]                            |tx_pix_data[20]                            
tx_pix_data[22]                            |tx_pix_data[22]                            
tx_pix_data[23]                            |tx_pix_data[23]                            
tx_pix_data[17]                            |tx_pix_data[17]                            
tx_pix_data[16]                            |tx_pix_data[16]                            
tx_pix_data[56]                            |tx_pix_data[56]                            
tx_pix_data[57]                            |tx_pix_data[57]                            
tx_pix_data[60]                            |tx_pix_data[60]                            
tx_pix_data[61]                            |tx_pix_data[61]                            
tx_pix_data[58]                            |tx_pix_data[58]                            
tx_pix_data[59]                            |tx_pix_data[59]                            
tx_pix_data[71]                            |tx_pix_data[71]                            
tx_pix_data[70]                            |tx_pix_data[70]                            
tx_pix_data[1]                             |tx_pix_data[1]                             
tx_pix_data[0]                             |tx_pix_data[0]                             
tx_pix_data[30]                            |tx_pix_data[30]                            
tx_pix_data[31]                            |tx_pix_data[31]                            
tx_pix_data[50]                            |tx_pix_data[50]                            
tx_pix_data[48]                            |tx_pix_data[48]                            
tx_pix_data[49]                            |tx_pix_data[49]                            
tx_pix_data[51]                            |tx_pix_data[51]                            
tx_pix_data[52]                            |tx_pix_data[52]                            
tx_pix_data[53]                            |tx_pix_data[53]                            
tx_pix_data[98]                            |tx_pix_data[98]                            
tx_pix_data[99]                            |tx_pix_data[99]                            
tx_pix_nb[0]                               |tx_pix_nb[0]                               
tx_pix_data[43]                            |tx_pix_data[43]                            
tx_pix_data[100]                           |tx_pix_data[100]                           
tx_pix_data[102]                           |tx_pix_data[102]                           
tx_pix_data[101]                           |tx_pix_data[101]                           
tx_pix_data[103]                           |tx_pix_data[103]                           
trame_vc[0]                                |trame_vc[0]                                
trame_vc[1]                                |trame_vc[1]                                
fifo_tx_wr                                 |fifo_tx_wr                                 
rx_sol_wc[4]                               |rx_sol_wc[4]                               
rx_sol_wc[2]                               |rx_sol_wc[2]                               
rx_sol_wc[5]                               |rx_sol_wc[5]                               
rx_sol_wc[3]                               |rx_sol_wc[3]                               
rx_sol_wc[7]                               |rx_sol_wc[7]                               
rx_sol_wc[0]                               |rx_sol_wc[0]                               
rx_sol_wc[8]                               |rx_sol_wc[8]                               
rx_sol_wc[9]                               |rx_sol_wc[9]                               
tx_req_ready                               |tx_req_ready                               
trame_numero[10]                           |trame_numero[10]                           
trame_numero[9]                            |trame_numero[9]                            
trame_err_end_vc[0]                        |trame_err_end_vc[0]                        
trame_late_mask[1]                         |trame_late_mask[1]                         
trame_late_mask[2]                         |trame_late_mask[2]                         
trame_err_end_vc[1]                        |trame_err_end_vc[1]                        
trame_fs                                   |trame_fs                                   
trame_loss_mask[1]                         |trame_loss_mask[1]                         
trame_loss_mask[0]                         |trame_loss_mask[0]                         
trame_loss_mask[2]                         |trame_loss_mask[2]                         
trame_late_mask[0]                         |trame_late_mask[0]                         
trame_loss_mask[3]                         |trame_loss_mask[3]                         
trame_numero[12]                           |trame_numero[12]                           
trame_numero[13]                           |trame_numero[13]                           
trame_numero[14]                           |trame_numero[14]                           
trame_numero[15]                           |trame_numero[15]                           
trame_numero[1]                            |trame_numero[1]                            
trame_numero[5]                            |trame_numero[5]                            
trame_numero[4]                            |trame_numero[4]                            
trame_numero[6]                            |trame_numero[6]                            
trame_numero[7]                            |trame_numero[7]                            
trame_numero[8]                            |trame_numero[8]                            
trame_numero[11]                           |trame_numero[11]                           
trame_slots_pleins                         |trame_slots_pleins                         
tx_evt_nb                                  |tx_evt_nb                                  
tx_evt_width                               |tx_evt_width                               
trame_late_mask[3]                         |trame_late_mask[3]                         
trame_numero[2]                            |trame_numero[2]                            
trame_numero[0]                            |trame_numero[0]                            
trame_numero[3]                            |trame_numero[3]                            
rx_pix_data[14]                            |rx_pix_data[14]                            
rx_pix_data[30]                            |rx_pix_data[30]                            
rx_eol_status[1]                           |rx_eol_status[1]                           
rx_eol_status[2]                           |rx_eol_status[2]                           
rx_short_data[11]                          |rx_short_data[11]                          
rx_pix_data[52]                            |rx_pix_data[52]                            
rx_short_data[15]                          |rx_short_data[15]                          
trame_err_hdr_vc[1]                        |trame_err_hdr_vc[1]                        
trame_err_hdr_vc[0]                        |trame_err_hdr_vc[0]                        
rx_short_data[10]                          |rx_short_data[10]                          
rx_short_data[12]                          |rx_short_data[12]                          
rx_short_data[1]                           |rx_short_data[1]                           
rx_short_data[4]                           |rx_short_data[4]                           
rx_short_data[8]                           |rx_short_data[8]                           
rx_short_data[9]                           |rx_short_data[9]                           
rx_short_dt[1]                             |rx_short_dt[1]                             
rx_short_vc[0]                             |rx_short_vc[0]                             
trame_err_hdr[4]                           |trame_err_hdr[4]                           
trame_loss[2]                              |trame_loss[2]                              
rx_pix_data[61]                            |rx_pix_data[61]                            
rx_pix_data[40]                            |rx_pix_data[40]                            
rx_pix_data[46]                            |rx_pix_data[46]                            
rx_pix_data[44]                            |rx_pix_data[44]                            
rx_pix_data[45]                            |rx_pix_data[45]                            
rx_pix_data[47]                            |rx_pix_data[47]                            
rx_pix_data[60]                            |rx_pix_data[60]                            
rx_pix_data[75]                            |rx_pix_data[75]                            
rx_sol_wc[12]                              |rx_sol_wc[12]                              
rx_pix_data[72]                            |rx_pix_data[72]                            
rx_short_valid                             |rx_short_valid                             
rx_sol_wc[11]                              |rx_sol_wc[11]                              
rx_pix_valid                               |rx_pix_valid                               
rx_pix_data[71]                            |rx_pix_data[71]                            
rx_pix_data[74]                            |rx_pix_data[74]                            
trame_err_hdr[2]                           |trame_err_hdr[2]                           
rx_sol_wc[6]                               |rx_sol_wc[6]                               
rx_sol_wc[10]                              |rx_sol_wc[10]                              
rx_pix_nb[2]                               |rx_pix_nb[2]                               
rx_short_data[2]                           |rx_short_data[2]                           
rx_short_data[3]                           |rx_short_data[3]                           
rx_pix_nb[1]                               |rx_pix_nb[1]                               
rx_pix_nb[0]                               |rx_pix_nb[0]                               
rx_sol_dt[0]                               |rx_sol_dt[0]                               
rx_sol_dt[1]                               |rx_sol_dt[1]                               
rx_sol_dt[3]                               |rx_sol_dt[3]                               
rx_sol_dt[4]                               |rx_sol_dt[4]                               
rx_sol_vc[0]                               |rx_sol_vc[0]                               
trame_fe                                   |trame_fe                                   
rx_sol_sot_err                             |rx_sol_sot_err                             
rx_sol                                     |rx_sol                                     
rx_sol_wc[1]                               |rx_sol_wc[1]                               
rx_sol_fmt[2]                              |rx_sol_fmt[2]                              
rx_pix_data[70]                            |rx_pix_data[70]                            
rx_short_data[0]                           |rx_short_data[0]                           
rx_short_data[14]                          |rx_short_data[14]                          
rx_short_data[5]                           |rx_short_data[5]                           
rx_short_data[6]                           |rx_short_data[6]                           
rx_short_data[13]                          |rx_short_data[13]                          
rx_short_data[7]                           |rx_short_data[7]                           
rx_short_dt[0]                             |rx_short_dt[0]                             
rx_short_dt[2]                             |rx_short_dt[2]                             
rx_short_dt[3]                             |rx_short_dt[3]                             
rx_short_dt[4]                             |rx_short_dt[4]                             
rx_short_dt[5]                             |rx_short_dt[5]                             
rx_short_vc[1]                             |rx_short_vc[1]                             
rx_sol_dt[2]                               |rx_sol_dt[2]                               
rx_sol_dt[5]                               |rx_sol_dt[5]                               
rx_sol_vc[1]                               |rx_sol_vc[1]                               
rx_sol_wc[15]                              |rx_sol_wc[15]                              
rx_sol_wc[14]                              |rx_sol_wc[14]                              
rx_sol_fmt[0]                              |rx_sol_fmt[0]                              
rx_sol_wc[13]                              |rx_sol_wc[13]                              
trame_err_hdr[0]                           |trame_err_hdr[0]                           
trame_err_hdr[3]                           |trame_err_hdr[3]                           
rx_eol                                     |rx_eol                                     
fifo_tx_wdata[13]                          |fifo_tx_wdata[13]                          
fifo_tx_wdata[12]                          |fifo_tx_wdata[12]                          
fifo_tx_wdata[11]                          |fifo_tx_wdata[11]                          
fifo_tx_wdata[25]                          |fifo_tx_wdata[25]                          
fifo_tx_wdata[30]                          |fifo_tx_wdata[30]                          
trame_fe_ok                                |trame_fe_ok                                
fifo_tx_wdata[21]                          |fifo_tx_wdata[21]                          
fifo_tx_wdata[20]                          |fifo_tx_wdata[20]                          
rx_pix_data[53]                            |rx_pix_data[53]                            
rx_pix_data[32]                            |rx_pix_data[32]                            
rx_pix_data[48]                            |rx_pix_data[48]                            
rx_pix_data[49]                            |rx_pix_data[49]                            
tx_pix_ready                               |tx_pix_ready                               
rx_short_ecc_corrected                     |rx_short_ecc_corrected                     
rx_short_sot_err                           |rx_short_sot_err                           
rx_sol_ecc_corrected                       |rx_sol_ecc_corrected                       
trame_loss[0]                              |trame_loss[0]                              
fifo_tx_wdata[26]                          |fifo_tx_wdata[26]                          
fifo_tx_wdata[29]                          |fifo_tx_wdata[29]                          
fifo_tx_wlanes[2]                          |fifo_tx_wlanes[2]                          
fifo_tx_wlanes[1]                          |fifo_tx_wlanes[1]                          
fifo_tx_wlanes[3]                          |fifo_tx_wlanes[3]                          
fifo_tx_fin                                |fifo_tx_fin                                
tx_init_done                               |tx_init_done                               
rx_pix_data[43]                            |rx_pix_data[43]                            
tx_init                                    |tx_init                                    
rx_pix_data[8]                             |rx_pix_data[8]                             
trame_err_hdr[1]                           |trame_err_hdr[1]                           
rx_pix_data[20]                            |rx_pix_data[20]                            
rx_pix_data[4]                             |rx_pix_data[4]                             
rx_pix_data[58]                            |rx_pix_data[58]                            
rx_sol_fmt[1]                              |rx_sol_fmt[1]                              
trame_err_end[0]                           |trame_err_end[0]                           
rx_pix_data[1]                             |rx_pix_data[1]                             
rx_pix_data[54]                            |rx_pix_data[54]                            
rx_pix_data[55]                            |rx_pix_data[55]                            
rx_pix_data[56]                            |rx_pix_data[56]                            
rx_pix_data[57]                            |rx_pix_data[57]                            
rx_pix_data[59]                            |rx_pix_data[59]                            
rx_pix_data[5]                             |rx_pix_data[5]                             
rx_pix_data[6]                             |rx_pix_data[6]                             
rx_pix_data[73]                            |rx_pix_data[73]                            
rx_pix_data[7]                             |rx_pix_data[7]                             
rx_pix_data[9]                             |rx_pix_data[9]                             
rx_pix_data[0]                             |rx_pix_data[0]                             
rx_pix_data[10]                            |rx_pix_data[10]                            
rx_pix_data[11]                            |rx_pix_data[11]                            
rx_pix_data[12]                            |rx_pix_data[12]                            
rx_pix_data[13]                            |rx_pix_data[13]                            
rx_pix_data[15]                            |rx_pix_data[15]                            
rx_pix_data[16]                            |rx_pix_data[16]                            
rx_pix_data[17]                            |rx_pix_data[17]                            
rx_pix_data[18]                            |rx_pix_data[18]                            
rx_pix_data[19]                            |rx_pix_data[19]                            
rx_pix_data[21]                            |rx_pix_data[21]                            
rx_pix_data[22]                            |rx_pix_data[22]                            
rx_pix_data[23]                            |rx_pix_data[23]                            
rx_pix_data[25]                            |rx_pix_data[25]                            
rx_pix_data[24]                            |rx_pix_data[24]                            
rx_pix_data[26]                            |rx_pix_data[26]                            
rx_pix_data[27]                            |rx_pix_data[27]                            
rx_pix_data[28]                            |rx_pix_data[28]                            
rx_pix_data[29]                            |rx_pix_data[29]                            
rx_pix_data[2]                             |rx_pix_data[2]                             
rx_pix_data[31]                            |rx_pix_data[31]                            
rx_pix_data[33]                            |rx_pix_data[33]                            
rx_pix_data[34]                            |rx_pix_data[34]                            
rx_pix_data[35]                            |rx_pix_data[35]                            
rx_pix_data[36]                            |rx_pix_data[36]                            
rx_pix_data[37]                            |rx_pix_data[37]                            
rx_pix_data[38]                            |rx_pix_data[38]                            
rx_pix_data[39]                            |rx_pix_data[39]                            
rx_pix_data[3]                             |rx_pix_data[3]                             
rx_pix_data[41]                            |rx_pix_data[41]                            
rx_pix_data[42]                            |rx_pix_data[42]                            
rx_pix_data[50]                            |rx_pix_data[50]                            
rx_pix_data[51]                            |rx_pix_data[51]                            
fifo_tx_wdata[15]                          |fifo_tx_wdata[15]                          
trame_err_end[1]                           |trame_err_end[1]                           
trame_err_end[2]                           |trame_err_end[2]                           
trame_err_hdr[5]                           |trame_err_hdr[5]                           
trame_err_hdr[6]                           |trame_err_hdr[6]                           
trame_late                                 |trame_late                                 
fifo_tx_wdata[16]                          |fifo_tx_wdata[16]                          
fifo_tx_wdata[17]                          |fifo_tx_wdata[17]                          
trame_loss[1]                              |trame_loss[1]                              
fifo_tx_wdata[14]                          |fifo_tx_wdata[14]                          
fifo_tx_wdata[19]                          |fifo_tx_wdata[19]                          
fifo_tx_wdata[18]                          |fifo_tx_wdata[18]                          
fifo_tx_wdata[22]                          |fifo_tx_wdata[22]                          
fifo_tx_wdata[23]                          |fifo_tx_wdata[23]                          
fifo_tx_wdata[24]                          |fifo_tx_wdata[24]                          
fifo_tx_wdata[27]                          |fifo_tx_wdata[27]                          
fifo_tx_wdata[28]                          |fifo_tx_wdata[28]                          
fifo_tx_wdata[31]                          |fifo_tx_wdata[31]                          
fifo_tx_wdata[3]                           |fifo_tx_wdata[3]                           
fifo_tx_wdata[2]                           |fifo_tx_wdata[2]                           
fifo_tx_wdata[4]                           |fifo_tx_wdata[4]                           
fifo_tx_wdata[5]                           |fifo_tx_wdata[5]                           
fifo_tx_wdata[6]                           |fifo_tx_wdata[6]                           
fifo_tx_wdata[7]                           |fifo_tx_wdata[7]                           
fifo_tx_wdata[8]                           |fifo_tx_wdata[8]                           
fifo_tx_wdata[1]                           |fifo_tx_wdata[1]                           
fifo_tx_wdata[0]                           |fifo_tx_wdata[0]                           
fifo_tx_wdata[10]                          |fifo_tx_wdata[10]                          
fifo_tx_wdata[9]                           |fifo_tx_wdata[9]                           
fifo_tx_wlanes[0]                          |fifo_tx_wlanes[0]                          
rx_eol_status[0]                           |rx_eol_status[0]                           
renvoi_mode[1]                             |renvoi_mode[1]                             
mots[29]                                   |mots[29]                                   
tx_req_dt[2]                               |tx_req_dt[2]                               
tx_req_width[13]                           |tx_req_width[13]                           
tx_req_width[12]                           |tx_req_width[12]                           
VPWR                                       |VPWR                                       
VGND                                       |VGND                                       
statut_phy[0]                              |statut_phy[0]                              
statut_phy[10]                             |statut_phy[10]                             
statut_phy[11]                             |statut_phy[11]                             
statut_phy[1]                              |statut_phy[1]                              
statut_phy[2]                              |statut_phy[2]                              
statut_phy[3]                              |statut_phy[3]                              
statut_phy[4]                              |statut_phy[4]                              
statut_phy[5]                              |statut_phy[5]                              
statut_phy[6]                              |statut_phy[6]                              
statut_phy[7]                              |statut_phy[7]                              
statut_phy[8]                              |statut_phy[8]                              
statut_phy[9]                              |statut_phy[9]                              
tx_pix_data[104]                           |tx_pix_data[104]                           
tx_pix_data[105]                           |tx_pix_data[105]                           
tx_pix_data[106]                           |tx_pix_data[106]                           
tx_pix_data[107]                           |tx_pix_data[107]                           
tx_pix_data[108]                           |tx_pix_data[108]                           
tx_pix_data[109]                           |tx_pix_data[109]                           
tx_pix_data[110]                           |tx_pix_data[110]                           
tx_pix_data[111]                           |tx_pix_data[111]                           
tx_pix_data[62]                            |tx_pix_data[62]                            
tx_pix_data[63]                            |tx_pix_data[63]                            
tx_pix_data[64]                            |tx_pix_data[64]                            
tx_pix_data[65]                            |tx_pix_data[65]                            
tx_pix_data[66]                            |tx_pix_data[66]                            
tx_pix_data[67]                            |tx_pix_data[67]                            
tx_pix_data[68]                            |tx_pix_data[68]                            
tx_pix_data[69]                            |tx_pix_data[69]                            
tx_pix_data[76]                            |tx_pix_data[76]                            
tx_pix_data[77]                            |tx_pix_data[77]                            
tx_pix_data[78]                            |tx_pix_data[78]                            
tx_pix_data[79]                            |tx_pix_data[79]                            
tx_pix_data[80]                            |tx_pix_data[80]                            
tx_pix_data[81]                            |tx_pix_data[81]                            
tx_pix_data[82]                            |tx_pix_data[82]                            
tx_pix_data[83]                            |tx_pix_data[83]                            
tx_pix_data[90]                            |tx_pix_data[90]                            
tx_pix_data[91]                            |tx_pix_data[91]                            
tx_pix_data[92]                            |tx_pix_data[92]                            
tx_pix_data[93]                            |tx_pix_data[93]                            
tx_pix_data[94]                            |tx_pix_data[94]                            
tx_pix_data[95]                            |tx_pix_data[95]                            
tx_pix_data[96]                            |tx_pix_data[96]                            
tx_pix_data[97]                            |tx_pix_data[97]                            
---------------------------------------------------------------------------------------
Cell pin lists are equivalent.
Device classes csi2_top and csi2_top are equivalent.

Final result: Circuits match uniquely.
.
