max_delay/setup group clk

                                     Required   Actual
Endpoint                                Delay    Delay    Slack
---------------------------------------------------------------
_129761_/D (sg13g2_dfrbpq_1)            9.581   12.796   -3.215 (VIOLATED)
_129760_/D (sg13g2_dfrbpq_1)            9.563   12.755   -3.193 (VIOLATED)
_129759_/D (sg13g2_dfrbpq_1)            9.581   12.688   -3.107 (VIOLATED)
_129495_/D (sg13g2_dfrbpq_1)            9.397   12.432   -3.035 (VIOLATED)
_129758_/D (sg13g2_dfrbpq_1)            9.564   12.546   -2.983 (VIOLATED)
_129757_/D (sg13g2_dfrbpq_1)            9.573   12.488   -2.915 (VIOLATED)
_129756_/D (sg13g2_dfrbpq_1)            9.574   12.488   -2.914 (VIOLATED)
_134100_/D (sg13g2_dfrbpq_1)            9.609   12.474   -2.865 (VIOLATED)
_129755_/D (sg13g2_dfrbpq_1)            9.569   12.111   -2.542 (VIOLATED)
_134105_/D (sg13g2_dfrbpq_1)            9.615   12.143   -2.529 (VIOLATED)
_129743_/D (sg13g2_dfrbpq_1)            9.735   12.226   -2.492 (VIOLATED)
_134106_/D (sg13g2_dfrbpq_1)            9.636   11.973   -2.336 (VIOLATED)
_134102_/D (sg13g2_dfrbpq_1)            9.614   11.923   -2.309 (VIOLATED)
_134103_/D (sg13g2_dfrbpq_1)            9.595   11.886   -2.291 (VIOLATED)
_129505_/D (sg13g2_dfrbpq_1)            9.703   11.929   -2.226 (VIOLATED)
_129510_/D (sg13g2_dfrbpq_1)            9.702   11.744   -2.042 (VIOLATED)
_134104_/D (sg13g2_dfrbpq_1)            9.590   11.627   -2.037 (VIOLATED)
_129511_/D (sg13g2_dfrbpq_1)            9.715   11.724   -2.010 (VIOLATED)
_129753_/D (sg13g2_dfrbpq_1)            9.574   11.498   -1.924 (VIOLATED)
_129507_/D (sg13g2_dfrbpq_1)            9.571   11.418   -1.847 (VIOLATED)
_129752_/D (sg13g2_dfrbpq_1)            9.581   11.425   -1.844 (VIOLATED)
_134097_/D (sg13g2_dfrbpq_1)            9.493   11.310   -1.817 (VIOLATED)
_134101_/D (sg13g2_dfrbpq_1)            9.620   11.399   -1.779 (VIOLATED)
_129509_/D (sg13g2_dfrbpq_1)            9.736   11.485   -1.750 (VIOLATED)
_129751_/D (sg13g2_dfrbpq_1)            9.583   11.275   -1.692 (VIOLATED)
_134094_/D (sg13g2_dfrbpq_1)            9.493   11.173   -1.680 (VIOLATED)
_129508_/D (sg13g2_dfrbpq_1)            9.714   11.372   -1.658 (VIOLATED)
_129754_/D (sg13g2_dfrbpq_1)            9.546   11.182   -1.636 (VIOLATED)
_135153_/D (sg13g2_dfrbpq_1)            9.526   11.141   -1.615 (VIOLATED)
_129536_/D (sg13g2_dfrbpq_1)            9.554   11.142   -1.588 (VIOLATED)
_129543_/D (sg13g2_dfrbpq_1)            9.567   11.089   -1.522 (VIOLATED)
_129522_/D (sg13g2_dfrbpq_1)            9.535   11.049   -1.514 (VIOLATED)
_134099_/D (sg13g2_dfrbpq_1)            9.615   11.113   -1.498 (VIOLATED)
_129530_/D (sg13g2_dfrbpq_1)            9.574   11.064   -1.490 (VIOLATED)
_134096_/D (sg13g2_dfrbpq_1)            9.592   11.059   -1.467 (VIOLATED)
_129555_/D (sg13g2_dfrbpq_1)            9.589   11.055   -1.466 (VIOLATED)
_134098_/D (sg13g2_dfrbpq_1)            9.607   11.047   -1.440 (VIOLATED)
_129563_/D (sg13g2_dfrbpq_1)            9.563   10.994   -1.431 (VIOLATED)
_134095_/D (sg13g2_dfrbpq_1)            9.619   11.040   -1.421 (VIOLATED)
_129541_/D (sg13g2_dfrbpq_1)            9.561   10.982   -1.421 (VIOLATED)
_129524_/D (sg13g2_dfrbpq_1)            9.564   10.936   -1.372 (VIOLATED)
_129750_/D (sg13g2_dfrbpq_1)            9.584   10.948   -1.364 (VIOLATED)
_129560_/D (sg13g2_dfrbpq_1)            9.593   10.950   -1.357 (VIOLATED)
_129533_/D (sg13g2_dfrbpq_1)            9.554   10.909   -1.355 (VIOLATED)
_129525_/D (sg13g2_dfrbpq_1)            9.552   10.900   -1.348 (VIOLATED)
_129544_/D (sg13g2_dfrbpq_1)            9.567   10.915   -1.348 (VIOLATED)
_129538_/D (sg13g2_dfrbpq_1)            9.572   10.919   -1.347 (VIOLATED)
_129534_/D (sg13g2_dfrbpq_1)            9.576   10.923   -1.347 (VIOLATED)
_129597_/D (sg13g2_dfrbpq_1)            9.566   10.909   -1.343 (VIOLATED)
_134081_/D (sg13g2_dfrbpq_1)            9.589   10.927   -1.338 (VIOLATED)
_135152_/D (sg13g2_dfrbpq_1)            9.529   10.852   -1.323 (VIOLATED)
_129749_/D (sg13g2_dfrbpq_1)            9.554   10.875   -1.321 (VIOLATED)
_129535_/D (sg13g2_dfrbpq_1)            9.571   10.891   -1.320 (VIOLATED)
_129542_/D (sg13g2_dfrbpq_1)            9.622   10.928   -1.306 (VIOLATED)
_129580_/D (sg13g2_dfrbpq_1)            9.424   10.719   -1.296 (VIOLATED)
_129748_/D (sg13g2_dfrbpq_1)            9.590   10.884   -1.294 (VIOLATED)
_129526_/D (sg13g2_dfrbpq_1)            9.572   10.863   -1.291 (VIOLATED)
_134093_/D (sg13g2_dfrbpq_1)            9.590   10.871   -1.281 (VIOLATED)
_129527_/D (sg13g2_dfrbpq_1)            9.575   10.852   -1.277 (VIOLATED)
_129578_/D (sg13g2_dfrbpq_1)            9.368   10.622   -1.254 (VIOLATED)
_129557_/D (sg13g2_dfrbpq_1)            9.592   10.843   -1.251 (VIOLATED)
_129537_/D (sg13g2_dfrbpq_1)            9.574   10.821   -1.247 (VIOLATED)
_129916_/D (sg13g2_dfrbpq_1)            9.523   10.766   -1.243 (VIOLATED)
_129520_/D (sg13g2_dfrbpq_1)            9.570   10.809   -1.240 (VIOLATED)
_129664_/D (sg13g2_dfrbpq_1)            9.657   10.891   -1.234 (VIOLATED)
_129568_/D (sg13g2_dfrbpq_1)            9.571   10.797   -1.226 (VIOLATED)
_129528_/D (sg13g2_dfrbpq_1)            9.573   10.796   -1.224 (VIOLATED)
_129552_/D (sg13g2_dfrbpq_1)            9.594   10.812   -1.218 (VIOLATED)
_129600_/D (sg13g2_dfrbpq_1)            9.546   10.764   -1.217 (VIOLATED)
_129583_/D (sg13g2_dfrbpq_1)            9.565   10.779   -1.214 (VIOLATED)
_129503_/D (sg13g2_dfrbpq_1)            9.637   10.812   -1.175 (VIOLATED)
_134082_/D (sg13g2_dfrbpq_1)            9.598   10.773   -1.175 (VIOLATED)
_129561_/D (sg13g2_dfrbpq_1)            9.567   10.734   -1.166 (VIOLATED)
_135029_/D (sg13g2_dfrbpq_1)            9.578   10.741   -1.163 (VIOLATED)
_129603_/D (sg13g2_dfrbpq_1)            9.591   10.738   -1.147 (VIOLATED)
_134086_/D (sg13g2_dfrbpq_1)            9.598   10.740   -1.141 (VIOLATED)
_129559_/D (sg13g2_dfrbpq_1)            9.527   10.668   -1.141 (VIOLATED)
_129604_/D (sg13g2_dfrbpq_1)            9.606   10.739   -1.132 (VIOLATED)
_129785_/D (sg13g2_dfrbpq_1)            9.430   10.556   -1.127 (VIOLATED)
_129590_/D (sg13g2_dfrbpq_1)            9.583   10.710   -1.126 (VIOLATED)
_129592_/D (sg13g2_dfrbpq_1)            9.573   10.692   -1.119 (VIOLATED)
_129501_/D (sg13g2_dfrbpq_1)            9.703   10.821   -1.118 (VIOLATED)
_129569_/D (sg13g2_dfrbpq_1)            9.567   10.685   -1.118 (VIOLATED)
_129550_/D (sg13g2_dfrbpq_1)            9.485   10.602   -1.117 (VIOLATED)
_129519_/D (sg13g2_dfrbpq_1)            9.571   10.688   -1.117 (VIOLATED)
_129540_/D (sg13g2_dfrbpq_1)            9.629   10.740   -1.112 (VIOLATED)
_129499_/D (sg13g2_dfrbpq_1)            9.544   10.653   -1.109 (VIOLATED)
_129662_/D (sg13g2_dfrbpq_1)            9.654   10.754   -1.100 (VIOLATED)
_129521_/D (sg13g2_dfrbpq_1)            9.554   10.651   -1.098 (VIOLATED)
_129571_/D (sg13g2_dfrbpq_1)            9.578   10.669   -1.090 (VIOLATED)
_129582_/D (sg13g2_dfrbpq_1)            9.583   10.670   -1.087 (VIOLATED)
_129565_/D (sg13g2_dfrbpq_1)            9.580   10.665   -1.085 (VIOLATED)
_129646_/D (sg13g2_dfrbpq_1)            9.645   10.727   -1.082 (VIOLATED)
_129591_/D (sg13g2_dfrbpq_1)            9.556   10.638   -1.082 (VIOLATED)
_129553_/D (sg13g2_dfrbpq_1)            9.594   10.671   -1.077 (VIOLATED)
_135102_/D (sg13g2_dfrbpq_1)            9.517   10.589   -1.072 (VIOLATED)
_129576_/D (sg13g2_dfrbpq_1)            9.570   10.641   -1.071 (VIOLATED)
_129579_/D (sg13g2_dfrbpq_1)            9.553   10.623   -1.071 (VIOLATED)
_129731_/D (sg13g2_dfrbpq_1)            9.593   10.662   -1.069 (VIOLATED)
_129532_/D (sg13g2_dfrbpq_1)            9.575   10.633   -1.059 (VIOLATED)
_129506_/D (sg13g2_dfrbpq_1)            9.693   10.744   -1.051 (VIOLATED)
_129529_/D (sg13g2_dfrbpq_1)            9.555   10.603   -1.048 (VIOLATED)
_129539_/D (sg13g2_dfrbpq_1)            9.582   10.629   -1.047 (VIOLATED)
_129587_/D (sg13g2_dfrbpq_1)            9.635   10.672   -1.036 (VIOLATED)
_129581_/D (sg13g2_dfrbpq_1)            9.541   10.575   -1.034 (VIOLATED)
_129717_/D (sg13g2_dfrbpq_1)            9.557   10.589   -1.032 (VIOLATED)
_129558_/D (sg13g2_dfrbpq_1)            9.466   10.496   -1.030 (VIOLATED)
_129523_/D (sg13g2_dfrbpq_1)            9.550   10.580   -1.030 (VIOLATED)
_129502_/D (sg13g2_dfrbpq_1)            9.608   10.632   -1.024 (VIOLATED)
_129650_/D (sg13g2_dfrbpq_1)            9.641   10.665   -1.024 (VIOLATED)
_129594_/D (sg13g2_dfrbpq_1)            9.575   10.597   -1.022 (VIOLATED)
_129593_/D (sg13g2_dfrbpq_1)            9.569   10.589   -1.020 (VIOLATED)
_129596_/D (sg13g2_dfrbpq_1)            9.351   10.370   -1.018 (VIOLATED)
_129589_/D (sg13g2_dfrbpq_1)            9.595   10.608   -1.014 (VIOLATED)
_129719_/D (sg13g2_dfrbpq_1)            9.514   10.527   -1.013 (VIOLATED)
_129549_/D (sg13g2_dfrbpq_1)            9.455   10.460   -1.004 (VIOLATED)
_129547_/D (sg13g2_dfrbpq_1)            9.480   10.480   -1.000 (VIOLATED)
_134836_/D (sg13g2_dfrbpq_1)            9.574   10.572   -0.998 (VIOLATED)
_129608_/D (sg13g2_dfrbpq_1)            9.496   10.487   -0.991 (VIOLATED)
_134092_/D (sg13g2_dfrbpq_1)            9.618   10.596   -0.978 (VIOLATED)
_129546_/D (sg13g2_dfrbpq_1)            9.616   10.593   -0.977 (VIOLATED)
_129531_/D (sg13g2_dfrbpq_1)            9.582   10.555   -0.973 (VIOLATED)
_129598_/D (sg13g2_dfrbpq_1)            9.609   10.581   -0.972 (VIOLATED)
_129932_/D (sg13g2_dfrbpq_1)            9.481   10.449   -0.968 (VIOLATED)
_129595_/D (sg13g2_dfrbpq_1)            9.374   10.342   -0.968 (VIOLATED)
_129573_/D (sg13g2_dfrbpq_1)            9.582   10.548   -0.966 (VIOLATED)
_129545_/D (sg13g2_dfrbpq_1)            9.462   10.428   -0.966 (VIOLATED)
_129611_/D (sg13g2_dfrbpq_1)            9.622   10.578   -0.956 (VIOLATED)
_134083_/D (sg13g2_dfrbpq_1)            9.618   10.572   -0.954 (VIOLATED)
_129607_/D (sg13g2_dfrbpq_1)            9.531   10.482   -0.951 (VIOLATED)
_129709_/D (sg13g2_dfrbpq_1)            9.567   10.517   -0.950 (VIOLATED)
_129649_/D (sg13g2_dfrbpq_1)            9.642   10.592   -0.949 (VIOLATED)
_129584_/D (sg13g2_dfrbpq_1)            9.581   10.528   -0.947 (VIOLATED)
_129575_/D (sg13g2_dfrbpq_1)            9.441   10.388   -0.947 (VIOLATED)
_129554_/D (sg13g2_dfrbpq_1)            9.447   10.393   -0.946 (VIOLATED)
_129699_/D (sg13g2_dfrbpq_1)            9.565   10.509   -0.944 (VIOLATED)
_129648_/D (sg13g2_dfrbpq_1)            9.644   10.586   -0.942 (VIOLATED)
_129605_/D (sg13g2_dfrbpq_1)            9.621   10.563   -0.942 (VIOLATED)
_129613_/D (sg13g2_dfrbpq_1)            9.584   10.520   -0.936 (VIOLATED)
_129718_/D (sg13g2_dfrbpq_1)            9.571   10.505   -0.934 (VIOLATED)
_129599_/D (sg13g2_dfrbpq_1)            9.565   10.495   -0.930 (VIOLATED)
_129551_/D (sg13g2_dfrbpq_1)            9.432   10.357   -0.925 (VIOLATED)
_129696_/D (sg13g2_dfrbpq_1)            9.565   10.487   -0.922 (VIOLATED)
_129654_/D (sg13g2_dfrbpq_1)            9.651   10.571   -0.920 (VIOLATED)
_129653_/D (sg13g2_dfrbpq_1)            9.634   10.551   -0.917 (VIOLATED)
_135151_/D (sg13g2_dfrbpq_1)            9.557   10.463   -0.907 (VIOLATED)
_129588_/D (sg13g2_dfrbpq_1)            9.573   10.479   -0.906 (VIOLATED)
_129577_/D (sg13g2_dfrbpq_1)            9.572   10.477   -0.905 (VIOLATED)
_134084_/D (sg13g2_dfrbpq_1)            9.611   10.516   -0.905 (VIOLATED)
_129504_/D (sg13g2_dfrbpq_1)            9.701   10.605   -0.904 (VIOLATED)
_129500_/D (sg13g2_dfrbpq_1)            9.702   10.592   -0.891 (VIOLATED)
_129601_/D (sg13g2_dfrbpq_1)            9.512   10.402   -0.891 (VIOLATED)
_129698_/D (sg13g2_dfrbpq_1)            9.462   10.353   -0.890 (VIOLATED)
_129747_/D (sg13g2_dfrbpq_1)            9.566   10.454   -0.888 (VIOLATED)
_129659_/D (sg13g2_dfrbpq_1)            9.608   10.492   -0.885 (VIOLATED)
_129645_/D (sg13g2_dfrbpq_1)            9.641   10.514   -0.874 (VIOLATED)
_129609_/D (sg13g2_dfrbpq_1)            9.620   10.493   -0.873 (VIOLATED)
_129622_/D (sg13g2_dfrbpq_1)            9.657   10.522   -0.865 (VIOLATED)
_129602_/D (sg13g2_dfrbpq_1)            9.605   10.466   -0.861 (VIOLATED)
_129728_/D (sg13g2_dfrbpq_1)            9.513   10.372   -0.859 (VIOLATED)
_129734_/D (sg13g2_dfrbpq_1)            9.595   10.444   -0.848 (VIOLATED)
_129574_/D (sg13g2_dfrbpq_1)            9.453   10.301   -0.848 (VIOLATED)
_129670_/D (sg13g2_dfrbpq_1)            9.657   10.504   -0.847 (VIOLATED)
_129727_/D (sg13g2_dfrbpq_1)            9.537   10.378   -0.842 (VIOLATED)
_129671_/D (sg13g2_dfrbpq_1)            9.636   10.476   -0.840 (VIOLATED)
_129610_/D (sg13g2_dfrbpq_1)            9.622   10.461   -0.839 (VIOLATED)
_129733_/D (sg13g2_dfrbpq_1)            9.575   10.410   -0.835 (VIOLATED)
_129660_/D (sg13g2_dfrbpq_1)            9.615   10.449   -0.834 (VIOLATED)
_129585_/D (sg13g2_dfrbpq_1)            9.566   10.398   -0.831 (VIOLATED)
_129498_/D (sg13g2_dfrbpq_1)            9.567   10.390   -0.824 (VIOLATED)
_129556_/D (sg13g2_dfrbpq_1)            9.492   10.316   -0.823 (VIOLATED)
_129672_/D (sg13g2_dfrbpq_1)            9.643   10.461   -0.819 (VIOLATED)
_129572_/D (sg13g2_dfrbpq_1)            9.435   10.253   -0.819 (VIOLATED)
_129724_/D (sg13g2_dfrbpq_1)            9.514   10.333   -0.818 (VIOLATED)
_129720_/D (sg13g2_dfrbpq_1)            9.565   10.379   -0.814 (VIOLATED)
_129566_/D (sg13g2_dfrbpq_1)            9.456   10.266   -0.810 (VIOLATED)
_129705_/D (sg13g2_dfrbpq_1)            9.433   10.242   -0.809 (VIOLATED)
_134087_/D (sg13g2_dfrbpq_1)            9.619   10.428   -0.809 (VIOLATED)
_129586_/D (sg13g2_dfrbpq_1)            9.582   10.389   -0.807 (VIOLATED)
_129741_/D (sg13g2_dfrbpq_1)            9.525   10.328   -0.803 (VIOLATED)
_129564_/D (sg13g2_dfrbpq_1)            9.469   10.272   -0.803 (VIOLATED)
_129669_/D (sg13g2_dfrbpq_1)            9.635   10.435   -0.800 (VIOLATED)
_135184_/D (sg13g2_dfrbpq_1)            9.603   10.402   -0.799 (VIOLATED)
_129570_/D (sg13g2_dfrbpq_1)            9.459   10.257   -0.798 (VIOLATED)
_129562_/D (sg13g2_dfrbpq_1)            9.480   10.276   -0.796 (VIOLATED)
_129715_/D (sg13g2_dfrbpq_1)            9.550   10.345   -0.795 (VIOLATED)
_129732_/D (sg13g2_dfrbpq_1)            9.575   10.370   -0.795 (VIOLATED)
_129716_/D (sg13g2_dfrbpq_1)            9.571   10.360   -0.789 (VIOLATED)
_129725_/D (sg13g2_dfrbpq_1)            9.545   10.324   -0.779 (VIOLATED)
_129497_/D (sg13g2_dfrbpq_1)            9.569   10.339   -0.770 (VIOLATED)
_134088_/D (sg13g2_dfrbpq_1)            9.620   10.389   -0.769 (VIOLATED)
_129548_/D (sg13g2_dfrbpq_1)            9.517   10.284   -0.767 (VIOLATED)
_134835_/D (sg13g2_dfrbpq_1)            9.574   10.340   -0.766 (VIOLATED)
_129665_/D (sg13g2_dfrbpq_1)            9.639   10.401   -0.763 (VIOLATED)
_129635_/D (sg13g2_dfrbpq_1)            9.637   10.399   -0.762 (VIOLATED)
_129700_/D (sg13g2_dfrbpq_1)            9.476   10.218   -0.743 (VIOLATED)
_129735_/D (sg13g2_dfrbpq_1)            9.496   10.236   -0.740 (VIOLATED)
_129606_/D (sg13g2_dfrbpq_1)            9.601   10.336   -0.735 (VIOLATED)
_129612_/D (sg13g2_dfrbpq_1)            9.643   10.377   -0.735 (VIOLATED)
_129656_/D (sg13g2_dfrbpq_1)            9.653   10.387   -0.735 (VIOLATED)
_129651_/D (sg13g2_dfrbpq_1)            9.637   10.369   -0.731 (VIOLATED)
_129652_/D (sg13g2_dfrbpq_1)            9.649   10.379   -0.730 (VIOLATED)
_129621_/D (sg13g2_dfrbpq_1)            9.642   10.368   -0.726 (VIOLATED)
_134870_/D (sg13g2_dfrbpq_1)            9.580   10.298   -0.719 (VIOLATED)
_133293_/D (sg13g2_dfrbpq_1)            9.556   10.272   -0.716 (VIOLATED)
_129655_/D (sg13g2_dfrbpq_1)            9.619   10.335   -0.715 (VIOLATED)
_129666_/D (sg13g2_dfrbpq_1)            9.654   10.366   -0.711 (VIOLATED)
_129629_/D (sg13g2_dfrbpq_1)            9.641   10.351   -0.710 (VIOLATED)
_129620_/D (sg13g2_dfrbpq_1)            9.627   10.337   -0.710 (VIOLATED)
_133291_/D (sg13g2_dfrbpq_1)            9.557   10.267   -0.710 (VIOLATED)
_133292_/D (sg13g2_dfrbpq_1)            9.562   10.261   -0.699 (VIOLATED)
_135150_/D (sg13g2_dfrbpq_1)            9.540   10.237   -0.698 (VIOLATED)
_133287_/D (sg13g2_dfrbpq_1)            9.561   10.258   -0.696 (VIOLATED)
_129494_/D (sg13g2_dfrbpq_1)            9.205    9.899   -0.694 (VIOLATED)
_133274_/D (sg13g2_dfrbpq_1)            9.557   10.248   -0.691 (VIOLATED)
_129729_/D (sg13g2_dfrbpq_1)            9.513   10.202   -0.689 (VIOLATED)
_129739_/D (sg13g2_dfrbpq_1)            9.556   10.243   -0.687 (VIOLATED)
_133288_/D (sg13g2_dfrbpq_1)            9.571   10.256   -0.685 (VIOLATED)
_133290_/D (sg13g2_dfrbpq_1)            9.571   10.254   -0.684 (VIOLATED)
_133289_/D (sg13g2_dfrbpq_1)            9.571   10.254   -0.683 (VIOLATED)
_133275_/D (sg13g2_dfrbpq_1)            9.562   10.242   -0.680 (VIOLATED)
_129677_/D (sg13g2_dfrbpq_1)            9.645   10.322   -0.678 (VIOLATED)
_133270_/D (sg13g2_dfrbpq_1)            9.563   10.239   -0.677 (VIOLATED)
_133276_/D (sg13g2_dfrbpq_1)            9.560   10.234   -0.675 (VIOLATED)
_133284_/D (sg13g2_dfrbpq_1)            9.570   10.240   -0.670 (VIOLATED)
_133273_/D (sg13g2_dfrbpq_1)            9.560   10.228   -0.668 (VIOLATED)
_133271_/D (sg13g2_dfrbpq_1)            9.563   10.231   -0.668 (VIOLATED)
_129740_/D (sg13g2_dfrbpq_1)            9.531   10.198   -0.667 (VIOLATED)
_129567_/D (sg13g2_dfrbpq_1)            9.469   10.136   -0.666 (VIOLATED)
_133955_/D (sg13g2_dfrbpq_1)            9.530   10.195   -0.665 (VIOLATED)
_133952_/D (sg13g2_dfrbpq_1)            9.525   10.186   -0.661 (VIOLATED)
_133282_/D (sg13g2_dfrbpq_1)            9.574   10.234   -0.661 (VIOLATED)
_133283_/D (sg13g2_dfrbpq_1)            9.574   10.234   -0.661 (VIOLATED)
_133286_/D (sg13g2_dfrbpq_1)            9.571   10.230   -0.659 (VIOLATED)
_133272_/D (sg13g2_dfrbpq_1)            9.571   10.228   -0.658 (VIOLATED)
_133285_/D (sg13g2_dfrbpq_1)            9.575   10.231   -0.656 (VIOLATED)
_133956_/D (sg13g2_dfrbpq_1)            9.528   10.184   -0.656 (VIOLATED)
_133953_/D (sg13g2_dfrbpq_1)            9.530   10.186   -0.655 (VIOLATED)
_135028_/D (sg13g2_dfrbpq_1)            9.548   10.199   -0.651 (VIOLATED)
_133936_/D (sg13g2_dfrbpq_1)            9.526   10.169   -0.643 (VIOLATED)
_133935_/D (sg13g2_dfrbpq_1)            9.525   10.166   -0.642 (VIOLATED)
_129737_/D (sg13g2_dfrbpq_1)            9.540   10.181   -0.641 (VIOLATED)
_133937_/D (sg13g2_dfrbpq_1)            9.528   10.166   -0.638 (VIOLATED)
_133938_/D (sg13g2_dfrbpq_1)            9.531   10.167   -0.636 (VIOLATED)
_129661_/D (sg13g2_dfrbpq_1)            9.593   10.226   -0.633 (VIOLATED)
_134085_/D (sg13g2_dfrbpq_1)            9.631   10.254   -0.623 (VIOLATED)
_129658_/D (sg13g2_dfrbpq_1)            9.651   10.272   -0.621 (VIOLATED)
_129636_/D (sg13g2_dfrbpq_1)            9.644   10.265   -0.621 (VIOLATED)
_129668_/D (sg13g2_dfrbpq_1)            9.638   10.259   -0.620 (VIOLATED)
_129931_/D (sg13g2_dfrbpq_1)            9.500   10.119   -0.619 (VIOLATED)
_129723_/D (sg13g2_dfrbpq_1)            9.527   10.136   -0.609 (VIOLATED)
_129701_/D (sg13g2_dfrbpq_1)            9.506   10.114   -0.608 (VIOLATED)
_129712_/D (sg13g2_dfrbpq_1)            9.571   10.176   -0.605 (VIOLATED)
_129614_/D (sg13g2_dfrbpq_1)            9.626   10.231   -0.605 (VIOLATED)
_129742_/D (sg13g2_dfrbpq_1)            9.527   10.132   -0.605 (VIOLATED)
_129632_/D (sg13g2_dfrbpq_1)            9.634   10.238   -0.605 (VIOLATED)
_129616_/D (sg13g2_dfrbpq_1)            9.564   10.163   -0.599 (VIOLATED)
_129710_/D (sg13g2_dfrbpq_1)            9.575   10.170   -0.594 (VIOLATED)
_129619_/D (sg13g2_dfrbpq_1)            9.625   10.218   -0.593 (VIOLATED)
_129684_/D (sg13g2_dfrbpq_1)            9.633   10.226   -0.593 (VIOLATED)
_129726_/D (sg13g2_dfrbpq_1)            9.576   10.167   -0.591 (VIOLATED)
_133954_/D (sg13g2_dfrbpq_1)            9.595   10.180   -0.585 (VIOLATED)
_129708_/D (sg13g2_dfrbpq_1)            9.569   10.154   -0.585 (VIOLATED)
_129642_/D (sg13g2_dfrbpq_1)            9.652   10.235   -0.584 (VIOLATED)
_129647_/D (sg13g2_dfrbpq_1)            9.641   10.225   -0.583 (VIOLATED)
_129630_/D (sg13g2_dfrbpq_1)            9.602   10.183   -0.581 (VIOLATED)
_133267_/D (sg13g2_dfrbpq_1)            9.574   10.146   -0.572 (VIOLATED)
_129736_/D (sg13g2_dfrbpq_1)            9.543   10.115   -0.572 (VIOLATED)
_129663_/D (sg13g2_dfrbpq_1)            9.599   10.167   -0.568 (VIOLATED)
_129738_/D (sg13g2_dfrbpq_1)            9.543   10.103   -0.560 (VIOLATED)
_133298_/D (sg13g2_dfrbpq_1)            9.546   10.106   -0.560 (VIOLATED)
_135079_/D (sg13g2_dfrbpq_1)            9.597   10.157   -0.560 (VIOLATED)
_129634_/D (sg13g2_dfrbpq_1)            9.597   10.153   -0.557 (VIOLATED)
_133939_/D (sg13g2_dfrbpq_1)            9.596   10.152   -0.556 (VIOLATED)
_129707_/D (sg13g2_dfrbpq_1)            9.575   10.131   -0.556 (VIOLATED)
_133269_/D (sg13g2_dfrbpq_1)            9.571   10.123   -0.553 (VIOLATED)
_133266_/D (sg13g2_dfrbpq_1)            9.574   10.126   -0.552 (VIOLATED)
_133265_/D (sg13g2_dfrbpq_1)            9.575   10.126   -0.551 (VIOLATED)
_129730_/D (sg13g2_dfrbpq_1)            9.494   10.043   -0.549 (VIOLATED)
_129615_/D (sg13g2_dfrbpq_1)            9.548   10.095   -0.547 (VIOLATED)
_129706_/D (sg13g2_dfrbpq_1)            9.575   10.123   -0.547 (VIOLATED)
_133967_/D (sg13g2_dfrbpq_1)            9.542   10.085   -0.543 (VIOLATED)
_133268_/D (sg13g2_dfrbpq_1)            9.592   10.133   -0.541 (VIOLATED)
_129633_/D (sg13g2_dfrbpq_1)            9.591   10.132   -0.540 (VIOLATED)
_134975_/D (sg13g2_dfrbpq_1)            9.590   10.129   -0.539 (VIOLATED)
_129702_/D (sg13g2_dfrbpq_1)            9.562   10.097   -0.535 (VIOLATED)
_129640_/D (sg13g2_dfrbpq_1)            9.646   10.175   -0.529 (VIOLATED)
_133933_/D (sg13g2_dfrbpq_1)            9.525   10.053   -0.528 (VIOLATED)
_134753_/D (sg13g2_dfrbpq_1)            9.561   10.087   -0.525 (VIOLATED)
_134921_/D (sg13g2_dfrbpq_1)            9.517   10.042   -0.525 (VIOLATED)
_133962_/D (sg13g2_dfrbpq_1)            9.591   10.112   -0.521 (VIOLATED)
_129618_/D (sg13g2_dfrbpq_1)            9.628   10.149   -0.521 (VIOLATED)
_129685_/D (sg13g2_dfrbpq_1)            9.651   10.170   -0.519 (VIOLATED)
_133960_/D (sg13g2_dfrbpq_1)            9.592   10.110   -0.518 (VIOLATED)
_129711_/D (sg13g2_dfrbpq_1)            9.529   10.047   -0.518 (VIOLATED)
_133950_/D (sg13g2_dfrbpq_1)            9.548   10.065   -0.518 (VIOLATED)
_129639_/D (sg13g2_dfrbpq_1)            9.645   10.159   -0.514 (VIOLATED)
_133958_/D (sg13g2_dfrbpq_1)            9.592   10.105   -0.514 (VIOLATED)
_133961_/D (sg13g2_dfrbpq_1)            9.591   10.102   -0.512 (VIOLATED)
_133959_/D (sg13g2_dfrbpq_1)            9.594   10.104   -0.511 (VIOLATED)
_129617_/D (sg13g2_dfrbpq_1)            9.624   10.133   -0.509 (VIOLATED)
_129680_/D (sg13g2_dfrbpq_1)            9.649   10.152   -0.504 (VIOLATED)
_133963_/D (sg13g2_dfrbpq_1)            9.594   10.094   -0.499 (VIOLATED)
_129703_/D (sg13g2_dfrbpq_1)            9.524   10.022   -0.497 (VIOLATED)
_133957_/D (sg13g2_dfrbpq_1)            9.595   10.092   -0.497 (VIOLATED)
_133943_/D (sg13g2_dfrbpq_1)            9.592   10.086   -0.494 (VIOLATED)
_133947_/D (sg13g2_dfrbpq_1)            9.525   10.019   -0.493 (VIOLATED)
_133944_/D (sg13g2_dfrbpq_1)            9.592   10.085   -0.493 (VIOLATED)
_129657_/D (sg13g2_dfrbpq_1)            9.646   10.136   -0.490 (VIOLATED)
_133941_/D (sg13g2_dfrbpq_1)            9.591   10.080   -0.489 (VIOLATED)
_133942_/D (sg13g2_dfrbpq_1)            9.595   10.081   -0.486 (VIOLATED)
_133940_/D (sg13g2_dfrbpq_1)            9.595   10.078   -0.483 (VIOLATED)
_133946_/D (sg13g2_dfrbpq_1)            9.592   10.074   -0.482 (VIOLATED)
_133945_/D (sg13g2_dfrbpq_1)            9.595   10.076   -0.482 (VIOLATED)
_133932_/D (sg13g2_dfrbpq_1)            9.493    9.972   -0.479 (VIOLATED)
_133951_/D (sg13g2_dfrbpq_1)            9.526    9.999   -0.473 (VIOLATED)
_133295_/D (sg13g2_dfrbpq_1)            9.556   10.026   -0.471 (VIOLATED)
_129641_/D (sg13g2_dfrbpq_1)            9.648   10.116   -0.468 (VIOLATED)
_129714_/D (sg13g2_dfrbpq_1)            9.570   10.032   -0.463 (VIOLATED)
_129678_/D (sg13g2_dfrbpq_1)            9.648   10.109   -0.461 (VIOLATED)
_129627_/D (sg13g2_dfrbpq_1)            9.534    9.994   -0.460 (VIOLATED)
_133965_/D (sg13g2_dfrbpq_1)            9.593   10.051   -0.458 (VIOLATED)
_129697_/D (sg13g2_dfrbpq_1)            9.618   10.072   -0.455 (VIOLATED)
_133294_/D (sg13g2_dfrbpq_1)            9.556   10.007   -0.451 (VIOLATED)
_133966_/D (sg13g2_dfrbpq_1)            9.595   10.041   -0.446 (VIOLATED)
_133281_/D (sg13g2_dfrbpq_1)            9.573   10.018   -0.445 (VIOLATED)
_133934_/D (sg13g2_dfrbpq_1)            9.526    9.971   -0.445 (VIOLATED)
_133964_/D (sg13g2_dfrbpq_1)            9.594   10.036   -0.442 (VIOLATED)
_133296_/D (sg13g2_dfrbpq_1)            9.562   10.004   -0.442 (VIOLATED)
_129631_/D (sg13g2_dfrbpq_1)            9.626   10.067   -0.441 (VIOLATED)
_129722_/D (sg13g2_dfrbpq_1)            9.565   10.006   -0.441 (VIOLATED)
_135058_/D (sg13g2_dfrbpq_1)            9.577   10.016   -0.439 (VIOLATED)
_133278_/D (sg13g2_dfrbpq_1)            9.556    9.992   -0.436 (VIOLATED)
_133277_/D (sg13g2_dfrbpq_1)            9.557    9.992   -0.435 (VIOLATED)
_129644_/D (sg13g2_dfrbpq_1)            9.644   10.078   -0.434 (VIOLATED)
_133280_/D (sg13g2_dfrbpq_1)            9.556    9.990   -0.434 (VIOLATED)
_133263_/D (sg13g2_dfrbpq_1)            9.531    9.965   -0.434 (VIOLATED)
_129693_/D (sg13g2_dfrbpq_1)            9.628   10.057   -0.429 (VIOLATED)
_134091_/D (sg13g2_dfrbpq_1)            9.630   10.056   -0.427 (VIOLATED)
_129637_/D (sg13g2_dfrbpq_1)            9.649   10.075   -0.427 (VIOLATED)
_129694_/D (sg13g2_dfrbpq_1)            9.614   10.040   -0.426 (VIOLATED)
_133949_/D (sg13g2_dfrbpq_1)            9.594   10.018   -0.424 (VIOLATED)
_133948_/D (sg13g2_dfrbpq_1)            9.593   10.016   -0.423 (VIOLATED)
_129667_/D (sg13g2_dfrbpq_1)            9.625   10.044   -0.419 (VIOLATED)
_133279_/D (sg13g2_dfrbpq_1)            9.562    9.979   -0.417 (VIOLATED)
_129625_/D (sg13g2_dfrbpq_1)            9.608   10.023   -0.414 (VIOLATED)
_129686_/D (sg13g2_dfrbpq_1)            9.633   10.047   -0.414 (VIOLATED)
_135065_/D (sg13g2_dfrbpq_1)            9.457    9.869   -0.412 (VIOLATED)
_129813_/D (sg13g2_dfrbpq_1)            9.510    9.921   -0.411 (VIOLATED)
_129713_/D (sg13g2_dfrbpq_1)            9.547    9.957   -0.410 (VIOLATED)
_135039_/D (sg13g2_dfrbpq_1)            9.514    9.923   -0.409 (VIOLATED)
_129673_/D (sg13g2_dfrbpq_1)            9.555    9.960   -0.405 (VIOLATED)
_129679_/D (sg13g2_dfrbpq_1)            9.650   10.054   -0.405 (VIOLATED)
_129683_/D (sg13g2_dfrbpq_1)            9.628   10.025   -0.397 (VIOLATED)
_129930_/D (sg13g2_dfrbpq_1)            9.501    9.896   -0.395 (VIOLATED)
_129928_/D (sg13g2_dfrbpq_1)            9.492    9.886   -0.395 (VIOLATED)
_129691_/D (sg13g2_dfrbpq_1)            9.616   10.006   -0.390 (VIOLATED)
_134090_/D (sg13g2_dfrbpq_1)            9.710   10.099   -0.389 (VIOLATED)
_129704_/D (sg13g2_dfrbpq_1)            9.523    9.912   -0.389 (VIOLATED)
_129628_/D (sg13g2_dfrbpq_1)            9.601    9.988   -0.387 (VIOLATED)
_135038_/D (sg13g2_dfrbpq_1)            9.505    9.886   -0.381 (VIOLATED)
_133297_/D (sg13g2_dfrbpq_1)            9.616    9.996   -0.380 (VIOLATED)
_129638_/D (sg13g2_dfrbpq_1)            9.652   10.030   -0.378 (VIOLATED)
_129643_/D (sg13g2_dfrbpq_1)            9.650   10.026   -0.376 (VIOLATED)
_129721_/D (sg13g2_dfrbpq_1)            9.570    9.945   -0.375 (VIOLATED)
_129695_/D (sg13g2_dfrbpq_1)            9.627    9.994   -0.368 (VIOLATED)
_134833_/D (sg13g2_dfrbpq_1)            9.552    9.917   -0.365 (VIOLATED)
_129626_/D (sg13g2_dfrbpq_1)            9.612    9.970   -0.358 (VIOLATED)
_129623_/D (sg13g2_dfrbpq_1)            9.645   10.002   -0.357 (VIOLATED)
_129624_/D (sg13g2_dfrbpq_1)            9.610    9.965   -0.355 (VIOLATED)
_133514_/D (sg13g2_dfrbpq_1)            9.494    9.841   -0.346 (VIOLATED)
_134752_/D (sg13g2_dfrbpq_1)            9.400    9.746   -0.346 (VIOLATED)
_133515_/D (sg13g2_dfrbpq_1)            9.493    9.839   -0.346 (VIOLATED)
_129815_/D (sg13g2_dfrbpq_1)            9.464    9.809   -0.344 (VIOLATED)
_129676_/D (sg13g2_dfrbpq_1)            9.619    9.963   -0.344 (VIOLATED)
_133516_/D (sg13g2_dfrbpq_1)            9.495    9.838   -0.343 (VIOLATED)
_133510_/D (sg13g2_dfrbpq_1)            9.495    9.835   -0.341 (VIOLATED)
_133511_/D (sg13g2_dfrbpq_1)            9.503    9.844   -0.341 (VIOLATED)
_133512_/D (sg13g2_dfrbpq_1)            9.503    9.843   -0.340 (VIOLATED)
_129674_/D (sg13g2_dfrbpq_1)            9.617    9.956   -0.338 (VIOLATED)
_134834_/D (sg13g2_dfrbpq_1)            9.573    9.911   -0.337 (VIOLATED)
_133513_/D (sg13g2_dfrbpq_1)            9.504    9.839   -0.336 (VIOLATED)
_133498_/D (sg13g2_dfrbpq_1)            9.495    9.829   -0.334 (VIOLATED)
_133499_/D (sg13g2_dfrbpq_1)            9.495    9.827   -0.332 (VIOLATED)
_133493_/D (sg13g2_dfrbpq_1)            9.495    9.825   -0.330 (VIOLATED)
_133264_/D (sg13g2_dfrbpq_1)            9.615    9.943   -0.328 (VIOLATED)
_133496_/D (sg13g2_dfrbpq_1)            9.504    9.832   -0.328 (VIOLATED)
_133489_/D (sg13g2_dfrbpq_1)            9.503    9.831   -0.327 (VIOLATED)
_129682_/D (sg13g2_dfrbpq_1)            9.634    9.961   -0.327 (VIOLATED)
_133497_/D (sg13g2_dfrbpq_1)            9.504    9.829   -0.325 (VIOLATED)
_133488_/D (sg13g2_dfrbpq_1)            9.504    9.823   -0.320 (VIOLATED)
_135027_/D (sg13g2_dfrbpq_1)            9.573    9.892   -0.319 (VIOLATED)
_133491_/D (sg13g2_dfrbpq_1)            9.504    9.820   -0.316 (VIOLATED)
_133492_/D (sg13g2_dfrbpq_1)            9.501    9.816   -0.315 (VIOLATED)
_129675_/D (sg13g2_dfrbpq_1)            9.626    9.940   -0.313 (VIOLATED)
_133490_/D (sg13g2_dfrbpq_1)            9.501    9.814   -0.313 (VIOLATED)
_129692_/D (sg13g2_dfrbpq_1)            9.627    9.939   -0.312 (VIOLATED)
_129681_/D (sg13g2_dfrbpq_1)            9.632    9.942   -0.311 (VIOLATED)
_129926_/D (sg13g2_dfrbpq_1)            9.478    9.782   -0.304 (VIOLATED)
_129929_/D (sg13g2_dfrbpq_1)            9.475    9.780   -0.304 (VIOLATED)
_133494_/D (sg13g2_dfrbpq_1)            9.530    9.832   -0.302 (VIOLATED)
_134913_/D (sg13g2_dfrbpq_1)            9.503    9.804   -0.300 (VIOLATED)
_133495_/D (sg13g2_dfrbpq_1)            9.531    9.829   -0.298 (VIOLATED)
_135037_/D (sg13g2_dfrbpq_1)            9.577    9.870   -0.294 (VIOLATED)
_129516_/D (sg13g2_dfrbpq_1)            9.580    9.869   -0.289 (VIOLATED)
_133487_/D (sg13g2_dfrbpq_1)            9.522    9.780   -0.259 (VIOLATED)
_133506_/D (sg13g2_dfrbpq_1)            9.503    9.757   -0.254 (VIOLATED)
_129816_/D (sg13g2_dfrbpq_1)            9.461    9.709   -0.248 (VIOLATED)
_135149_/D (sg13g2_dfrbpq_1)            9.539    9.784   -0.245 (VIOLATED)
_133505_/D (sg13g2_dfrbpq_1)            9.498    9.740   -0.243 (VIOLATED)
_133507_/D (sg13g2_dfrbpq_1)            9.498    9.740   -0.242 (VIOLATED)
_133509_/D (sg13g2_dfrbpq_1)            9.501    9.740   -0.239 (VIOLATED)
_133508_/D (sg13g2_dfrbpq_1)            9.501    9.739   -0.238 (VIOLATED)
_130087_/D (sg13g2_dfrbpq_1)            9.573    9.809   -0.237 (VIOLATED)
_129690_/D (sg13g2_dfrbpq_1)            9.616    9.850   -0.234 (VIOLATED)
_135072_/D (sg13g2_dfrbpq_1)            9.615    9.843   -0.228 (VIOLATED)
_135052_/D (sg13g2_dfrbpq_1)            9.480    9.701   -0.222 (VIOLATED)
_129687_/D (sg13g2_dfrbpq_1)            9.650    9.868   -0.218 (VIOLATED)
_130062_/D (sg13g2_dfrbpq_1)            9.432    9.640   -0.207 (VIOLATED)
_130060_/D (sg13g2_dfrbpq_1)            9.423    9.628   -0.205 (VIOLATED)
_134920_/D (sg13g2_dfrbpq_1)            9.532    9.735   -0.203 (VIOLATED)
_133504_/D (sg13g2_dfrbpq_1)            9.501    9.698   -0.197 (VIOLATED)
_134699_/D (sg13g2_dfrbpq_1)            9.570    9.764   -0.195 (VIOLATED)
_130058_/D (sg13g2_dfrbpq_1)            9.571    9.760   -0.190 (VIOLATED)
_129689_/D (sg13g2_dfrbpq_1)            9.631    9.820   -0.188 (VIOLATED)
_130059_/D (sg13g2_dfrbpq_1)            9.571    9.757   -0.186 (VIOLATED)
_133486_/D (sg13g2_dfrbpq_1)            9.517    9.701   -0.184 (VIOLATED)
_135040_/D (sg13g2_dfrbpq_1)            9.615    9.779   -0.164 (VIOLATED)
_134080_/D (sg13g2_dfrbpq_1)            9.612    9.776   -0.164 (VIOLATED)
_129688_/D (sg13g2_dfrbpq_1)            9.645    9.807   -0.162 (VIOLATED)
_129518_/D (sg13g2_dfrbpq_1)            9.691    9.850   -0.159 (VIOLATED)
_129496_/D (sg13g2_dfrbpq_1)            9.585    9.742   -0.157 (VIOLATED)
_129517_/D (sg13g2_dfrbpq_1)            9.592    9.744   -0.151 (VIOLATED)
_133521_/D (sg13g2_dfrbpq_1)            9.497    9.626   -0.129 (VIOLATED)
_133502_/D (sg13g2_dfrbpq_1)            9.499    9.627   -0.128 (VIOLATED)
_133501_/D (sg13g2_dfrbpq_1)            9.497    9.624   -0.127 (VIOLATED)
_133500_/D (sg13g2_dfrbpq_1)            9.495    9.620   -0.125 (VIOLATED)
_133503_/D (sg13g2_dfrbpq_1)            9.498    9.622   -0.125 (VIOLATED)
_134828_/D (sg13g2_dfrbpq_1)            9.572    9.696   -0.124 (VIOLATED)
_130035_/D (sg13g2_dfrbpq_1)            9.531    9.652   -0.121 (VIOLATED)
_130045_/D (sg13g2_dfrbpq_1)            9.574    9.692   -0.118 (VIOLATED)
_134832_/D (sg13g2_dfrbpq_1)            9.576    9.693   -0.117 (VIOLATED)
_130047_/D (sg13g2_dfrbpq_1)            9.468    9.580   -0.112 (VIOLATED)
_134690_/D (sg13g2_dfrbpq_1)            9.566    9.675   -0.109 (VIOLATED)
_130037_/D (sg13g2_dfrbpq_1)            9.536    9.645   -0.109 (VIOLATED)
_135148_/D (sg13g2_dfrbpq_1)            9.501    9.608   -0.107 (VIOLATED)
_135049_/D (sg13g2_dfrbpq_1)            9.522    9.626   -0.105 (VIOLATED)
_134721_/D (sg13g2_dfrbpq_1)            9.575    9.679   -0.104 (VIOLATED)
_129845_/D (sg13g2_dfrbpq_1)            9.437    9.515   -0.078 (VIOLATED)
_129818_/D (sg13g2_dfrbpq_1)            9.461    9.527   -0.066 (VIOLATED)
_133519_/D (sg13g2_dfrbpq_1)            9.499    9.565   -0.066 (VIOLATED)
_129927_/D (sg13g2_dfrbpq_1)            9.494    9.559   -0.065 (VIOLATED)
_129819_/D (sg13g2_dfrbpq_1)            9.462    9.525   -0.063 (VIOLATED)
_129745_/D (sg13g2_dfrbpq_1)            9.534    9.596   -0.062 (VIOLATED)
_129746_/D (sg13g2_dfrbpq_1)            9.543    9.604   -0.061 (VIOLATED)
_129925_/D (sg13g2_dfrbpq_1)            9.494    9.554   -0.061 (VIOLATED)
_133518_/D (sg13g2_dfrbpq_1)            9.497    9.555   -0.059 (VIOLATED)
_133517_/D (sg13g2_dfrbpq_1)            9.498    9.556   -0.058 (VIOLATED)
_133520_/D (sg13g2_dfrbpq_1)            9.498    9.554   -0.056 (VIOLATED)
_134722_/D (sg13g2_dfrbpq_1)            9.581    9.633   -0.052 (VIOLATED)
_130043_/D (sg13g2_dfrbpq_1)            9.491    9.542   -0.051 (VIOLATED)
_130025_/D (sg13g2_dfrbpq_1)            9.554    9.601   -0.047 (VIOLATED)
_130038_/D (sg13g2_dfrbpq_1)            9.502    9.540   -0.038 (VIOLATED)
_134719_/D (sg13g2_dfrbpq_1)            9.574    9.611   -0.037 (VIOLATED)
_135046_/D (sg13g2_dfrbpq_1)            9.518    9.554   -0.036 (VIOLATED)
_129817_/D (sg13g2_dfrbpq_1)            9.527    9.558   -0.031 (VIOLATED)
_130016_/D (sg13g2_dfrbpq_1)            9.595    9.624   -0.029 (VIOLATED)
_134720_/D (sg13g2_dfrbpq_1)            9.574    9.599   -0.025 (VIOLATED)
_134718_/D (sg13g2_dfrbpq_1)            9.576    9.599   -0.023 (VIOLATED)
_130061_/D (sg13g2_dfrbpq_1)            9.536    9.552   -0.016 (VIOLATED)
_130046_/D (sg13g2_dfrbpq_1)            9.573    9.589   -0.016 (VIOLATED)
_134717_/D (sg13g2_dfrbpq_1)            9.576    9.587   -0.011 (VIOLATED)
_129877_/D (sg13g2_dfrbpq_1)            9.494    9.503   -0.008 (VIOLATED)
_129879_/D (sg13g2_dfrbpq_1)            9.480    9.488   -0.008 (VIOLATED)
_134694_/D (sg13g2_dfrbpq_1)            9.571    9.579   -0.008 (VIOLATED)
_130051_/D (sg13g2_dfrbpq_1)            9.505    9.505    0.000 (MET)
_130050_/D (sg13g2_dfrbpq_1)            9.510    9.500    0.010 (MET)
_130018_/D (sg13g2_dfrbpq_1)            9.568    9.555    0.013 (MET)
_129847_/D (sg13g2_dfrbpq_1)            9.510    9.497    0.014 (MET)
_129909_/D (sg13g2_dfrbpq_1)            9.482    9.468    0.014 (MET)
_130020_/D (sg13g2_dfrbpq_1)            9.503    9.488    0.015 (MET)
_130044_/D (sg13g2_dfrbpq_1)            9.573    9.555    0.018 (MET)
_130057_/D (sg13g2_dfrbpq_1)            9.500    9.480    0.020 (MET)
_130065_/D (sg13g2_dfrbpq_1)            9.486    9.456    0.031 (MET)
_130024_/D (sg13g2_dfrbpq_1)            9.556    9.519    0.037 (MET)
_130088_/D (sg13g2_dfrbpq_1)            9.583    9.540    0.043 (MET)
_135043_/D (sg13g2_dfrbpq_1)            9.620    9.576    0.045 (MET)
_135145_/D (sg13g2_dfrbpq_1)            9.544    9.497    0.047 (MET)
_130017_/D (sg13g2_dfrbpq_1)            9.507    9.454    0.053 (MET)
_129911_/D (sg13g2_dfrbpq_1)            9.483    9.427    0.056 (MET)
_129848_/D (sg13g2_dfrbpq_1)            9.447    9.374    0.073 (MET)
_129744_/D (sg13g2_dfrbpq_1)            9.590    9.515    0.075 (MET)
_129880_/D (sg13g2_dfrbpq_1)            9.446    9.370    0.076 (MET)
_134918_/D (sg13g2_dfrbpq_1)            9.503    9.425    0.078 (MET)
_130036_/D (sg13g2_dfrbpq_1)            9.548    9.468    0.080 (MET)
_134732_/D (sg13g2_dfrbpq_1)            9.576    9.495    0.080 (MET)
_129906_/D (sg13g2_dfrbpq_1)            9.483    9.398    0.084 (MET)
_130021_/D (sg13g2_dfrbpq_1)            9.586    9.498    0.088 (MET)
_129885_/D (sg13g2_dfrbpq_1)            9.478    9.385    0.093 (MET)
_130029_/D (sg13g2_dfrbpq_1)            9.456    9.362    0.095 (MET)
_134691_/D (sg13g2_dfrbpq_1)            9.563    9.468    0.095 (MET)
_129814_/D (sg13g2_dfrbpq_1)            9.514    9.417    0.097 (MET)
_134730_/D (sg13g2_dfrbpq_1)            9.577    9.478    0.098 (MET)
_130068_/D (sg13g2_dfrbpq_1)            9.547    9.446    0.101 (MET)
_134750_/D (sg13g2_dfrbpq_1)            9.393    9.292    0.101 (MET)
_129901_/D (sg13g2_dfrbpq_1)            9.470    9.368    0.102 (MET)
_130069_/D (sg13g2_dfrbpq_1)            9.583    9.477    0.106 (MET)
_130064_/D (sg13g2_dfrbpq_1)            9.524    9.416    0.108 (MET)
_134740_/D (sg13g2_dfrbpq_1)            9.578    9.470    0.108 (MET)
_134727_/D (sg13g2_dfrbpq_1)            9.590    9.480    0.110 (MET)
_134693_/D (sg13g2_dfrbpq_1)            9.573    9.463    0.110 (MET)
_129923_/D (sg13g2_dfrbpq_1)            9.493    9.381    0.112 (MET)
_129907_/D (sg13g2_dfrbpq_1)            9.486    9.373    0.112 (MET)
_134728_/D (sg13g2_dfrbpq_1)            9.590    9.477    0.112 (MET)
_134726_/D (sg13g2_dfrbpq_1)            9.590    9.476    0.113 (MET)
_134731_/D (sg13g2_dfrbpq_1)            9.588    9.474    0.115 (MET)
_130070_/D (sg13g2_dfrbpq_1)            9.584    9.470    0.115 (MET)
_133739_/D (sg13g2_dfrbpq_1)            9.589    9.474    0.115 (MET)
_134733_/D (sg13g2_dfrbpq_1)            9.590    9.474    0.116 (MET)
_134739_/D (sg13g2_dfrbpq_1)            9.578    9.459    0.119 (MET)
_130031_/D (sg13g2_dfrbpq_1)            9.541    9.421    0.120 (MET)
_134919_/D (sg13g2_dfrbpq_1)            9.519    9.398    0.121 (MET)
_130022_/D (sg13g2_dfrbpq_1)            9.552    9.430    0.122 (MET)
_134735_/D (sg13g2_dfrbpq_1)            9.589    9.467    0.122 (MET)
_130039_/D (sg13g2_dfrbpq_1)            9.563    9.439    0.124 (MET)
_133737_/D (sg13g2_dfrbpq_1)            9.589    9.465    0.124 (MET)
_133738_/D (sg13g2_dfrbpq_1)            9.589    9.465    0.124 (MET)
_129812_/D (sg13g2_dfrbpq_1)            9.511    9.387    0.124 (MET)
_133733_/D (sg13g2_dfrbpq_1)            9.576    9.452    0.124 (MET)
_133734_/D (sg13g2_dfrbpq_1)            9.576    9.451    0.125 (MET)
_130066_/D (sg13g2_dfrbpq_1)            9.525    9.397    0.129 (MET)
_133735_/D (sg13g2_dfrbpq_1)            9.582    9.452    0.130 (MET)
_133736_/D (sg13g2_dfrbpq_1)            9.591    9.460    0.130 (MET)
_130067_/D (sg13g2_dfrbpq_1)            9.553    9.422    0.131 (MET)
_129831_/D (sg13g2_dfrbpq_1)            9.446    9.315    0.132 (MET)
_134738_/D (sg13g2_dfrbpq_1)            9.582    9.449    0.132 (MET)
_129829_/D (sg13g2_dfrbpq_1)            9.451    9.318    0.132 (MET)
_133729_/D (sg13g2_dfrbpq_1)            9.587    9.453    0.134 (MET)
_129843_/D (sg13g2_dfrbpq_1)            9.469    9.333    0.135 (MET)
_130023_/D (sg13g2_dfrbpq_1)            9.525    9.390    0.135 (MET)
_134734_/D (sg13g2_dfrbpq_1)            9.596    9.460    0.136 (MET)
_130048_/D (sg13g2_dfrbpq_1)            9.463    9.328    0.136 (MET)
_134736_/D (sg13g2_dfrbpq_1)            9.596    9.460    0.137 (MET)
_134737_/D (sg13g2_dfrbpq_1)            9.589    9.451    0.138 (MET)
_133732_/D (sg13g2_dfrbpq_1)            9.575    9.437    0.138 (MET)
_135026_/D (sg13g2_dfrbpq_1)            9.531    9.391    0.139 (MET)
_134729_/D (sg13g2_dfrbpq_1)            9.581    9.442    0.139 (MET)
_133731_/D (sg13g2_dfrbpq_1)            9.575    9.435    0.140 (MET)
_133730_/D (sg13g2_dfrbpq_1)            9.588    9.447    0.141 (MET)
_130040_/D (sg13g2_dfrbpq_1)            9.547    9.406    0.141 (MET)
_129912_/D (sg13g2_dfrbpq_1)            9.474    9.332    0.141 (MET)
_129884_/D (sg13g2_dfrbpq_1)            9.478    9.331    0.147 (MET)
_133719_/D (sg13g2_dfrbpq_1)            9.575    9.427    0.149 (MET)
_133728_/D (sg13g2_dfrbpq_1)            9.588    9.438    0.150 (MET)
_130033_/D (sg13g2_dfrbpq_1)            9.523    9.372    0.151 (MET)
_134697_/D (sg13g2_dfrbpq_1)            9.590    9.439    0.151 (MET)
_133712_/D (sg13g2_dfrbpq_1)            9.588    9.435    0.153 (MET)
_130030_/D (sg13g2_dfrbpq_1)            9.558    9.405    0.153 (MET)
_130026_/D (sg13g2_dfrbpq_1)            9.559    9.405    0.154 (MET)
_133718_/D (sg13g2_dfrbpq_1)            9.577    9.419    0.158 (MET)
_130019_/D (sg13g2_dfrbpq_1)            9.568    9.409    0.159 (MET)
_130054_/D (sg13g2_dfrbpq_1)            9.550    9.391    0.159 (MET)
_130049_/D (sg13g2_dfrbpq_1)            9.527    9.368    0.159 (MET)
_133717_/D (sg13g2_dfrbpq_1)            9.587    9.428    0.159 (MET)
_133722_/D (sg13g2_dfrbpq_1)            9.589    9.428    0.161 (MET)
_133721_/D (sg13g2_dfrbpq_1)            9.588    9.426    0.162 (MET)
_133714_/D (sg13g2_dfrbpq_1)            9.576    9.413    0.163 (MET)
_133720_/D (sg13g2_dfrbpq_1)            9.588    9.424    0.164 (MET)
_133716_/D (sg13g2_dfrbpq_1)            9.582    9.417    0.165 (MET)
_133715_/D (sg13g2_dfrbpq_1)            9.576    9.411    0.165 (MET)
_129893_/D (sg13g2_dfrbpq_1)            9.439    9.272    0.167 (MET)
_133713_/D (sg13g2_dfrbpq_1)            9.588    9.419    0.169 (MET)
_130063_/D (sg13g2_dfrbpq_1)            9.543    9.370    0.173 (MET)
_130053_/D (sg13g2_dfrbpq_1)            9.533    9.359    0.174 (MET)
_129900_/D (sg13g2_dfrbpq_1)            9.487    9.313    0.174 (MET)
_133711_/D (sg13g2_dfrbpq_1)            9.588    9.413    0.175 (MET)
_129822_/D (sg13g2_dfrbpq_1)            9.498    9.318    0.180 (MET)
_134695_/D (sg13g2_dfrbpq_1)            9.590    9.409    0.181 (MET)
_134725_/D (sg13g2_dfrbpq_1)            9.588    9.404    0.184 (MET)
_134827_/D (sg13g2_dfrbpq_1)            9.585    9.400    0.184 (MET)
_129821_/D (sg13g2_dfrbpq_1)            9.508    9.321    0.188 (MET)
_134751_/D (sg13g2_dfrbpq_1)            9.477    9.283    0.194 (MET)
_129842_/D (sg13g2_dfrbpq_1)            9.469    9.269    0.200 (MET)
_129827_/D (sg13g2_dfrbpq_1)            9.494    9.293    0.200 (MET)
_129904_/D (sg13g2_dfrbpq_1)            9.484    9.283    0.201 (MET)
_135021_/D (sg13g2_dfrbpq_1)            9.554    9.349    0.205 (MET)
_129826_/D (sg13g2_dfrbpq_1)            9.498    9.292    0.205 (MET)
_134702_/D (sg13g2_dfrbpq_1)            9.589    9.379    0.211 (MET)
_129820_/D (sg13g2_dfrbpq_1)            9.497    9.285    0.212 (MET)
_129833_/D (sg13g2_dfrbpq_1)            9.441    9.228    0.213 (MET)
_134696_/D (sg13g2_dfrbpq_1)            9.589    9.374    0.215 (MET)
_129823_/D (sg13g2_dfrbpq_1)            9.511    9.294    0.217 (MET)
_129888_/D (sg13g2_dfrbpq_1)            9.455    9.238    0.217 (MET)
_134089_/D (sg13g2_dfrbpq_1)            9.694    9.477    0.217 (MET)
_129882_/D (sg13g2_dfrbpq_1)            9.440    9.220    0.219 (MET)
_129825_/D (sg13g2_dfrbpq_1)            9.496    9.277    0.220 (MET)
_129850_/D (sg13g2_dfrbpq_1)            9.447    9.223    0.224 (MET)
_129903_/D (sg13g2_dfrbpq_1)            9.487    9.263    0.224 (MET)
_130034_/D (sg13g2_dfrbpq_1)            9.495    9.270    0.224 (MET)
_129824_/D (sg13g2_dfrbpq_1)            9.499    9.272    0.227 (MET)
_135147_/D (sg13g2_dfrbpq_1)            9.518    9.290    0.228 (MET)
_135401_/D (sg13g2_dfrbpq_1)            9.379    9.149    0.229 (MET)
_129883_/D (sg13g2_dfrbpq_1)            9.449    9.217    0.232 (MET)
_134700_/D (sg13g2_dfrbpq_1)            9.591    9.357    0.234 (MET)
_129851_/D (sg13g2_dfrbpq_1)            9.445    9.207    0.238 (MET)
_129881_/D (sg13g2_dfrbpq_1)            9.448    9.210    0.238 (MET)
_129895_/D (sg13g2_dfrbpq_1)            9.473    9.235    0.238 (MET)
_129922_/D (sg13g2_dfrbpq_1)            9.494    9.255    0.239 (MET)
_129891_/D (sg13g2_dfrbpq_1)            9.488    9.246    0.242 (MET)
_129835_/D (sg13g2_dfrbpq_1)            9.466    9.221    0.245 (MET)
_133744_/D (sg13g2_dfrbpq_1)            9.571    9.320    0.251 (MET)
_129905_/D (sg13g2_dfrbpq_1)            9.479    9.226    0.253 (MET)
_129889_/D (sg13g2_dfrbpq_1)            9.485    9.230    0.255 (MET)
_135402_/D (sg13g2_dfrbpq_1)            9.526    9.266    0.260 (MET)
_130052_/D (sg13g2_dfrbpq_1)            9.568    9.307    0.261 (MET)
_129914_/D (sg13g2_dfrbpq_1)            9.440    9.174    0.266 (MET)
_130032_/D (sg13g2_dfrbpq_1)            9.551    9.285    0.266 (MET)
_129849_/D (sg13g2_dfrbpq_1)            9.511    9.243    0.267 (MET)
_129890_/D (sg13g2_dfrbpq_1)            9.477    9.209    0.269 (MET)
_135211_/D (sg13g2_dfrbpq_1)            9.531    9.261    0.269 (MET)
_133727_/D (sg13g2_dfrbpq_1)            9.571    9.301    0.270 (MET)
_129897_/D (sg13g2_dfrbpq_1)            9.448    9.177    0.271 (MET)
_134723_/D (sg13g2_dfrbpq_1)            9.581    9.309    0.272 (MET)
_129978_/D (sg13g2_dfrbpq_1)            9.494    9.216    0.278 (MET)
_130041_/D (sg13g2_dfrbpq_1)            9.566    9.286    0.280 (MET)
_133726_/D (sg13g2_dfrbpq_1)            9.550    9.270    0.280 (MET)
_129832_/D (sg13g2_dfrbpq_1)            9.470    9.189    0.280 (MET)
_129924_/D (sg13g2_dfrbpq_1)            9.487    9.198    0.289 (MET)
_134724_/D (sg13g2_dfrbpq_1)            9.581    9.291    0.290 (MET)
_129804_/D (sg13g2_dfrbpq_1)            9.511    9.217    0.293 (MET)
_129844_/D (sg13g2_dfrbpq_1)            9.441    9.147    0.293 (MET)
_129887_/D (sg13g2_dfrbpq_1)            9.483    9.188    0.295 (MET)
_129902_/D (sg13g2_dfrbpq_1)            9.489    9.189    0.299 (MET)
_134711_/D (sg13g2_dfrbpq_1)            9.595    9.295    0.300 (MET)
_129782_/D (sg13g2_dfrbpq_1)            9.486    9.183    0.304 (MET)
_129913_/D (sg13g2_dfrbpq_1)            9.473    9.167    0.305 (MET)
_135382_/D (sg13g2_dfrbpq_1)            9.526    9.221    0.306 (MET)
_133709_/D (sg13g2_dfrbpq_1)            9.575    9.267    0.308 (MET)
_129878_/D (sg13g2_dfrbpq_1)            9.449    9.139    0.309 (MET)
_129837_/D (sg13g2_dfrbpq_1)            9.488    9.177    0.311 (MET)
_133723_/D (sg13g2_dfrbpq_1)            9.589    9.277    0.312 (MET)
_129846_/D (sg13g2_dfrbpq_1)            9.447    9.134    0.313 (MET)
_133724_/D (sg13g2_dfrbpq_1)            9.587    9.272    0.316 (MET)
_133725_/D (sg13g2_dfrbpq_1)            9.590    9.274    0.316 (MET)
_130027_/D (sg13g2_dfrbpq_1)            9.566    9.246    0.320 (MET)
_134707_/D (sg13g2_dfrbpq_1)            9.572    9.252    0.320 (MET)
_129886_/D (sg13g2_dfrbpq_1)            9.491    9.169    0.322 (MET)
_133742_/D (sg13g2_dfrbpq_1)            9.552    9.228    0.324 (MET)
_134713_/D (sg13g2_dfrbpq_1)            9.581    9.256    0.325 (MET)
_134912_/D (sg13g2_dfrbpq_1)            9.630    9.305    0.325 (MET)
_133032_/D (sg13g2_dfrbpq_1)            9.587    9.260    0.326 (MET)
_129921_/D (sg13g2_dfrbpq_1)            9.494    9.167    0.327 (MET)
_134710_/D (sg13g2_dfrbpq_1)            9.596    9.264    0.332 (MET)
_129828_/D (sg13g2_dfrbpq_1)            9.498    9.162    0.336 (MET)
_129915_/D (sg13g2_dfrbpq_1)            9.472    9.135    0.336 (MET)
_133743_/D (sg13g2_dfrbpq_1)            9.551    9.214    0.336 (MET)
_129836_/D (sg13g2_dfrbpq_1)            9.491    9.154    0.337 (MET)
_133710_/D (sg13g2_dfrbpq_1)            9.586    9.249    0.337 (MET)
_134715_/D (sg13g2_dfrbpq_1)            9.581    9.242    0.339 (MET)
_129838_/D (sg13g2_dfrbpq_1)            9.502    9.156    0.346 (MET)
_134705_/D (sg13g2_dfrbpq_1)            9.588    9.240    0.348 (MET)
_129894_/D (sg13g2_dfrbpq_1)            9.490    9.142    0.348 (MET)
_129839_/D (sg13g2_dfrbpq_1)            9.502    9.150    0.352 (MET)
_129892_/D (sg13g2_dfrbpq_1)            9.487    9.135    0.352 (MET)
_129805_/D (sg13g2_dfrbpq_1)            9.509    9.154    0.355 (MET)
_129810_/D (sg13g2_dfrbpq_1)            9.510    9.154    0.356 (MET)
_129896_/D (sg13g2_dfrbpq_1)            9.478    9.121    0.356 (MET)
_133740_/D (sg13g2_dfrbpq_1)            9.589    9.225    0.364 (MET)
_129830_/D (sg13g2_dfrbpq_1)            9.497    9.133    0.365 (MET)
_134708_/D (sg13g2_dfrbpq_1)            9.537    9.171    0.366 (MET)
_129899_/D (sg13g2_dfrbpq_1)            9.490    9.124    0.367 (MET)
_129910_/D (sg13g2_dfrbpq_1)            9.479    9.112    0.367 (MET)
_129840_/D (sg13g2_dfrbpq_1)            9.487    9.119    0.367 (MET)
_133741_/D (sg13g2_dfrbpq_1)            9.587    9.218    0.369 (MET)
_135144_/D (sg13g2_dfrbpq_1)            9.544    9.173    0.371 (MET)
_134831_/D (sg13g2_dfrbpq_1)            9.546    9.174    0.372 (MET)
_130028_/D (sg13g2_dfrbpq_1)            9.578    9.205    0.373 (MET)
_134703_/D (sg13g2_dfrbpq_1)            9.591    9.204    0.386 (MET)
_134704_/D (sg13g2_dfrbpq_1)            9.588    9.195    0.393 (MET)
_129908_/D (sg13g2_dfrbpq_1)            9.483    9.088    0.395 (MET)
_129811_/D (sg13g2_dfrbpq_1)            9.509    9.114    0.395 (MET)
_129876_/D (sg13g2_dfrbpq_1)            9.512    9.116    0.395 (MET)
_134917_/D (sg13g2_dfrbpq_1)            9.515    9.115    0.401 (MET)
_135400_/D (sg13g2_dfrbpq_1)            9.508    9.107    0.401 (MET)
_130015_/D (sg13g2_dfrbpq_1)            9.552    9.148    0.404 (MET)
_129515_/D (sg13g2_dfrbpq_1)            9.592    9.179    0.413 (MET)
_129841_/D (sg13g2_dfrbpq_1)            9.501    9.087    0.414 (MET)
_130055_/D (sg13g2_dfrbpq_1)            9.543    9.128    0.414 (MET)
_134701_/D (sg13g2_dfrbpq_1)            9.570    9.153    0.417 (MET)
_129861_/D (sg13g2_dfrbpq_1)            9.491    9.069    0.422 (MET)
_129800_/D (sg13g2_dfrbpq_1)            9.513    9.087    0.425 (MET)
_129834_/D (sg13g2_dfrbpq_1)            9.450    9.024    0.427 (MET)
_129514_/D (sg13g2_dfrbpq_1)            9.558    9.127    0.432 (MET)
_129781_/D (sg13g2_dfrbpq_1)            9.488    9.054    0.434 (MET)
_129802_/D (sg13g2_dfrbpq_1)            9.512    9.054    0.457 (MET)
_134698_/D (sg13g2_dfrbpq_1)            9.608    9.144    0.464 (MET)
_129875_/D (sg13g2_dfrbpq_1)            9.483    9.017    0.466 (MET)
_129797_/D (sg13g2_dfrbpq_1)            9.524    9.058    0.466 (MET)
_134706_/D (sg13g2_dfrbpq_1)            9.589    9.122    0.466 (MET)
_129801_/D (sg13g2_dfrbpq_1)            9.570    9.102    0.468 (MET)
_129865_/D (sg13g2_dfrbpq_1)            9.490    9.022    0.468 (MET)
_130042_/D (sg13g2_dfrbpq_1)            9.562    9.091    0.470 (MET)
_129863_/D (sg13g2_dfrbpq_1)            9.494    9.023    0.470 (MET)
_135025_/D (sg13g2_dfrbpq_1)            9.575    9.104    0.471 (MET)
_130056_/D (sg13g2_dfrbpq_1)            9.563    9.089    0.474 (MET)
_135020_/D (sg13g2_dfrbpq_1)            9.540    9.058    0.482 (MET)
_130760_/D (sg13g2_dfrbpq_1)            9.489    9.002    0.487 (MET)
_129874_/D (sg13g2_dfrbpq_1)            9.501    9.014    0.487 (MET)
_134714_/D (sg13g2_dfrbpq_1)            9.595    9.106    0.489 (MET)
_130755_/D (sg13g2_dfrbpq_1)            9.484    8.994    0.490 (MET)
_130759_/D (sg13g2_dfrbpq_1)            9.492    8.994    0.498 (MET)
_130761_/D (sg13g2_dfrbpq_1)            9.486    8.989    0.498 (MET)
_133474_/D (sg13g2_dfrbpq_1)            9.573    9.074    0.499 (MET)
_134692_/D (sg13g2_dfrbpq_1)            9.567    9.067    0.500 (MET)
_130757_/D (sg13g2_dfrbpq_1)            9.505    9.004    0.501 (MET)
_130758_/D (sg13g2_dfrbpq_1)            9.507    9.006    0.501 (MET)
_130756_/D (sg13g2_dfrbpq_1)            9.506    8.998    0.508 (MET)
_133033_/D (sg13g2_dfrbpq_1)            9.586    9.077    0.509 (MET)
_133479_/D (sg13g2_dfrbpq_1)            9.574    9.065    0.509 (MET)
_133480_/D (sg13g2_dfrbpq_1)            9.575    9.065    0.509 (MET)
_129796_/D (sg13g2_dfrbpq_1)            9.526    9.011    0.515 (MET)
_129898_/D (sg13g2_dfrbpq_1)            9.494    8.976    0.518 (MET)
_129798_/D (sg13g2_dfrbpq_1)            9.564    9.045    0.519 (MET)
_133476_/D (sg13g2_dfrbpq_1)            9.591    9.068    0.523 (MET)
_133470_/D (sg13g2_dfrbpq_1)            9.592    9.067    0.525 (MET)
_133471_/D (sg13g2_dfrbpq_1)            9.601    9.067    0.534 (MET)
_129809_/D (sg13g2_dfrbpq_1)            9.510    8.970    0.540 (MET)
_129806_/D (sg13g2_dfrbpq_1)            9.511    8.966    0.545 (MET)
_133477_/D (sg13g2_dfrbpq_1)            9.615    9.067    0.548 (MET)
_129869_/D (sg13g2_dfrbpq_1)            9.483    8.933    0.549 (MET)
_129870_/D (sg13g2_dfrbpq_1)            9.482    8.915    0.567 (MET)
_129871_/D (sg13g2_dfrbpq_1)            9.479    8.912    0.567 (MET)
_129975_/D (sg13g2_dfrbpq_1)            9.495    8.927    0.568 (MET)
_129807_/D (sg13g2_dfrbpq_1)            9.511    8.941    0.569 (MET)
_129984_/D (sg13g2_dfrbpq_1)            9.500    8.930    0.570 (MET)
_130384_/D (sg13g2_dfrbpq_1)            9.482    8.912    0.570 (MET)
_130735_/D (sg13g2_dfrbpq_1)            9.490    8.919    0.571 (MET)
_134916_/D (sg13g2_dfrbpq_1)            9.515    8.941    0.573 (MET)
_129868_/D (sg13g2_dfrbpq_1)            9.474    8.896    0.577 (MET)
_129873_/D (sg13g2_dfrbpq_1)            9.505    8.924    0.581 (MET)
_132933_/D (sg13g2_dfrbpq_1)            9.505    8.922    0.583 (MET)
_130736_/D (sg13g2_dfrbpq_1)            9.492    8.908    0.584 (MET)
_129513_/D (sg13g2_dfrbpq_1)            9.565    8.981    0.585 (MET)
_132930_/D (sg13g2_dfrbpq_1)            9.508    8.923    0.585 (MET)
_132932_/D (sg13g2_dfrbpq_1)            9.509    8.922    0.587 (MET)
_132931_/D (sg13g2_dfrbpq_1)            9.502    8.914    0.588 (MET)
_133416_/D (sg13g2_dfrbpq_1)            9.518    8.930    0.589 (MET)
_134709_/D (sg13g2_dfrbpq_1)            9.597    9.006    0.591 (MET)
_130385_/D (sg13g2_dfrbpq_1)            9.482    8.891    0.591 (MET)
_129799_/D (sg13g2_dfrbpq_1)            9.569    8.977    0.591 (MET)
_132929_/D (sg13g2_dfrbpq_1)            9.509    8.917    0.592 (MET)
_133418_/D (sg13g2_dfrbpq_1)            9.516    8.924    0.592 (MET)
_133419_/D (sg13g2_dfrbpq_1)            9.517    8.924    0.593 (MET)
_133415_/D (sg13g2_dfrbpq_1)            9.515    8.921    0.594 (MET)
_133413_/D (sg13g2_dfrbpq_1)            9.515    8.920    0.594 (MET)
_130389_/D (sg13g2_dfrbpq_1)            9.489    8.893    0.596 (MET)
_133417_/D (sg13g2_dfrbpq_1)            9.518    8.922    0.596 (MET)
_133414_/D (sg13g2_dfrbpq_1)            9.520    8.924    0.596 (MET)
_129864_/D (sg13g2_dfrbpq_1)            9.493    8.897    0.596 (MET)
_134712_/D (sg13g2_dfrbpq_1)            9.595    8.996    0.599 (MET)
_130390_/D (sg13g2_dfrbpq_1)            9.489    8.890    0.600 (MET)
_130387_/D (sg13g2_dfrbpq_1)            9.502    8.901    0.601 (MET)
_130543_/D (sg13g2_dfrbpq_1)            9.478    8.876    0.603 (MET)
_133411_/D (sg13g2_dfrbpq_1)            9.514    8.911    0.603 (MET)
_130388_/D (sg13g2_dfrbpq_1)            9.505    8.900    0.605 (MET)
_130730_/D (sg13g2_dfrbpq_1)            9.461    8.853    0.608 (MET)
_132976_/D (sg13g2_dfrbpq_2)            9.491    8.879    0.611 (MET)
_129808_/D (sg13g2_dfrbpq_1)            9.510    8.899    0.611 (MET)
_130544_/D (sg13g2_dfrbpq_1)            9.479    8.867    0.612 (MET)
_130386_/D (sg13g2_dfrbpq_1)            9.504    8.892    0.613 (MET)
_133408_/D (sg13g2_dfrbpq_1)            9.519    8.906    0.613 (MET)
_133409_/D (sg13g2_dfrbpq_1)            9.516    8.901    0.615 (MET)
_133410_/D (sg13g2_dfrbpq_1)            9.516    8.901    0.615 (MET)
_135143_/D (sg13g2_dfrbpq_1)            9.506    8.890    0.616 (MET)
_129872_/D (sg13g2_dfrbpq_1)            9.482    8.866    0.616 (MET)
_133412_/D (sg13g2_dfrbpq_1)            9.516    8.900    0.617 (MET)
_130731_/D (sg13g2_dfrbpq_1)            9.461    8.839    0.622 (MET)
_130724_/D (sg13g2_dfrbpq_1)            9.503    8.880    0.622 (MET)
_130549_/D (sg13g2_dfrbpq_1)            9.486    8.861    0.625 (MET)
_129857_/D (sg13g2_dfrbpq_1)            9.457    8.831    0.626 (MET)
_130548_/D (sg13g2_dfrbpq_1)            9.503    8.877    0.626 (MET)
_130716_/D (sg13g2_dfrbpq_1)            9.461    8.831    0.630 (MET)
_130729_/D (sg13g2_dfrbpq_1)            9.507    8.875    0.632 (MET)
_130733_/D (sg13g2_dfrbpq_1)            9.461    8.829    0.632 (MET)
_130722_/D (sg13g2_dfrbpq_1)            9.478    8.845    0.632 (MET)
_130720_/D (sg13g2_dfrbpq_1)            9.476    8.843    0.633 (MET)
_130717_/D (sg13g2_dfrbpq_1)            9.472    8.839    0.634 (MET)
_130547_/D (sg13g2_dfrbpq_1)            9.505    8.870    0.635 (MET)
_130721_/D (sg13g2_dfrbpq_1)            9.476    8.840    0.636 (MET)
_130546_/D (sg13g2_dfrbpq_1)            9.503    8.868    0.636 (MET)
_129982_/D (sg13g2_dfrbpq_1)            9.494    8.856    0.638 (MET)
_130545_/D (sg13g2_dfrbpq_1)            9.506    8.868    0.638 (MET)
_133483_/D (sg13g2_dfrbpq_1)            9.574    8.934    0.639 (MET)
_134716_/D (sg13g2_dfrbpq_1)            9.584    8.943    0.641 (MET)
_130719_/D (sg13g2_dfrbpq_1)            9.477    8.835    0.642 (MET)
_130723_/D (sg13g2_dfrbpq_1)            9.502    8.860    0.642 (MET)
_129980_/D (sg13g2_dfrbpq_1)            9.492    8.851    0.642 (MET)
_133485_/D (sg13g2_dfrbpq_1)            9.575    8.927    0.648 (MET)
_130732_/D (sg13g2_dfrbpq_1)            9.461    8.813    0.649 (MET)
_132938_/D (sg13g2_dfrbpq_1)            9.561    8.912    0.649 (MET)
_132978_/D (sg13g2_dfrbpq_1)            9.547    8.898    0.649 (MET)
_130718_/D (sg13g2_dfrbpq_1)            9.500    8.851    0.650 (MET)
_133482_/D (sg13g2_dfrbpq_1)            9.576    8.924    0.652 (MET)
_130725_/D (sg13g2_dfrbpq_1)            9.511    8.855    0.656 (MET)
_129858_/D (sg13g2_dfrbpq_1)            9.448    8.791    0.657 (MET)
_132937_/D (sg13g2_dfrbpq_1)            9.510    8.853    0.657 (MET)
_130727_/D (sg13g2_dfrbpq_1)            9.509    8.851    0.658 (MET)
_130734_/D (sg13g2_dfrbpq_1)            9.476    8.817    0.658 (MET)
_130728_/D (sg13g2_dfrbpq_1)            9.515    8.856    0.659 (MET)
_130726_/D (sg13g2_dfrbpq_1)            9.509    8.848    0.661 (MET)
_129985_/D (sg13g2_dfrbpq_1)            9.502    8.833    0.669 (MET)
_129791_/D (sg13g2_dfrbpq_1)            9.515    8.840    0.675 (MET)
_130597_/D (sg13g2_dfrbpq_1)            9.479    8.801    0.678 (MET)
_132982_/D (sg13g2_dfrbpq_1)            9.551    8.873    0.678 (MET)
_129920_/D (sg13g2_dfrbpq_1)            9.483    8.802    0.681 (MET)
_132975_/D (sg13g2_dfrbpq_2)            9.553    8.868    0.685 (MET)
_129793_/D (sg13g2_dfrbpq_1)            9.514    8.829    0.685 (MET)
_129854_/D (sg13g2_dfrbpq_1)            9.462    8.777    0.685 (MET)
_130596_/D (sg13g2_dfrbpq_1)            9.478    8.793    0.685 (MET)
_129859_/D (sg13g2_dfrbpq_1)            9.466    8.770    0.696 (MET)
_130602_/D (sg13g2_dfrbpq_1)            9.486    8.788    0.698 (MET)
_130359_/D (sg13g2_dfrbpq_1)            9.497    8.796    0.701 (MET)
_129866_/D (sg13g2_dfrbpq_1)            9.494    8.791    0.703 (MET)
_135146_/D (sg13g2_dfrbpq_1)            9.539    8.833    0.705 (MET)
_130598_/D (sg13g2_dfrbpq_1)            9.503    8.797    0.706 (MET)
_130600_/D (sg13g2_dfrbpq_1)            9.504    8.796    0.708 (MET)
_130365_/D (sg13g2_dfrbpq_1)            9.492    8.783    0.709 (MET)
_130601_/D (sg13g2_dfrbpq_1)            9.503    8.794    0.709 (MET)
_133473_/D (sg13g2_dfrbpq_1)            9.583    8.871    0.712 (MET)
_133478_/D (sg13g2_dfrbpq_1)            9.589    8.876    0.712 (MET)
_130599_/D (sg13g2_dfrbpq_1)            9.505    8.790    0.715 (MET)
_133030_/D (sg13g2_dfrbpq_1)            9.585    8.870    0.715 (MET)
_133475_/D (sg13g2_dfrbpq_1)            9.590    8.874    0.715 (MET)
_129792_/D (sg13g2_dfrbpq_1)            9.559    8.837    0.722 (MET)
_130649_/D (sg13g2_dfrbpq_1)            9.484    8.761    0.722 (MET)
_129853_/D (sg13g2_dfrbpq_1)            9.463    8.740    0.723 (MET)
_129856_/D (sg13g2_dfrbpq_1)            9.444    8.718    0.726 (MET)
_133472_/D (sg13g2_dfrbpq_1)            9.600    8.870    0.730 (MET)
_130357_/D (sg13g2_dfrbpq_1)            9.491    8.761    0.731 (MET)
_130352_/D (sg13g2_dfrbpq_1)            9.493    8.759    0.734 (MET)
_129983_/D (sg13g2_dfrbpq_1)            9.494    8.756    0.738 (MET)
_130654_/D (sg13g2_dfrbpq_1)            9.491    8.751    0.740 (MET)
_133007_/D (sg13g2_dfrbpq_1)            9.603    8.861    0.742 (MET)
_129979_/D (sg13g2_dfrbpq_1)            9.502    8.759    0.742 (MET)
_133458_/D (sg13g2_dfrbpq_1)            9.572    8.829    0.743 (MET)
_130354_/D (sg13g2_dfrbpq_1)            9.493    8.750    0.743 (MET)
_130345_/D (sg13g2_dfrbpq_1)            9.474    8.729    0.745 (MET)
_130655_/D (sg13g2_dfrbpq_1)            9.489    8.743    0.746 (MET)
_130356_/D (sg13g2_dfrbpq_1)            9.496    8.749    0.747 (MET)
_130358_/D (sg13g2_dfrbpq_1)            9.497    8.748    0.749 (MET)
_130355_/D (sg13g2_dfrbpq_1)            9.508    8.758    0.750 (MET)
_130346_/D (sg13g2_dfrbpq_1)            9.473    8.723    0.750 (MET)
_133031_/D (sg13g2_dfrbpq_1)            9.583    8.833    0.751 (MET)
_129988_/D (sg13g2_dfrbpq_1)            9.501    8.750    0.751 (MET)
_133464_/D (sg13g2_dfrbpq_1)            9.575    8.823    0.752 (MET)
_130353_/D (sg13g2_dfrbpq_1)            9.505    8.753    0.752 (MET)
_130651_/D (sg13g2_dfrbpq_1)            9.504    8.752    0.753 (MET)
_129794_/D (sg13g2_dfrbpq_1)            9.570    8.816    0.754 (MET)
_130653_/D (sg13g2_dfrbpq_1)            9.509    8.754    0.755 (MET)
_129852_/D (sg13g2_dfrbpq_1)            9.465    8.709    0.756 (MET)
_130650_/D (sg13g2_dfrbpq_1)            9.506    8.750    0.756 (MET)
_130652_/D (sg13g2_dfrbpq_1)            9.509    8.750    0.760 (MET)
_134830_/D (sg13g2_dfrbpq_1)            9.538    8.777    0.761 (MET)
_133463_/D (sg13g2_dfrbpq_1)            9.591    8.830    0.761 (MET)
_133481_/D (sg13g2_dfrbpq_1)            9.573    8.807    0.766 (MET)
_133454_/D (sg13g2_dfrbpq_1)            9.592    8.826    0.766 (MET)
_130347_/D (sg13g2_dfrbpq_1)            9.500    8.733    0.767 (MET)
_129803_/D (sg13g2_dfrbpq_1)            9.510    8.741    0.769 (MET)
_133455_/D (sg13g2_dfrbpq_1)            9.602    8.832    0.770 (MET)
_132979_/D (sg13g2_dfrbpq_1)            9.495    8.724    0.771 (MET)
_133006_/D (sg13g2_dfrbpq_1)            9.604    8.830    0.774 (MET)
_129919_/D (sg13g2_dfrbpq_1)            9.477    8.703    0.774 (MET)
_130363_/D (sg13g2_dfrbpq_1)            9.471    8.697    0.774 (MET)
_130362_/D (sg13g2_dfrbpq_1)            9.473    8.698    0.774 (MET)
_130348_/D (sg13g2_dfrbpq_1)            9.499    8.722    0.777 (MET)
_129855_/D (sg13g2_dfrbpq_1)            9.461    8.681    0.780 (MET)
_133461_/D (sg13g2_dfrbpq_1)            9.615    8.835    0.781 (MET)
_130350_/D (sg13g2_dfrbpq_1)            9.507    8.725    0.782 (MET)
_130364_/D (sg13g2_dfrbpq_1)            9.472    8.690    0.783 (MET)
_130351_/D (sg13g2_dfrbpq_1)            9.503    8.720    0.783 (MET)
_133484_/D (sg13g2_dfrbpq_1)            9.575    8.791    0.783 (MET)
_133460_/D (sg13g2_dfrbpq_1)            9.616    8.831    0.785 (MET)
_130360_/D (sg13g2_dfrbpq_1)            9.479    8.694    0.785 (MET)
_130349_/D (sg13g2_dfrbpq_1)            9.500    8.712    0.788 (MET)
_129790_/D (sg13g2_dfrbpq_1)            9.572    8.783    0.788 (MET)
_129976_/D (sg13g2_dfrbpq_1)            9.538    8.747    0.790 (MET)
_130361_/D (sg13g2_dfrbpq_1)            9.486    8.693    0.793 (MET)
_134003_/D (sg13g2_dfrbpq_1)            9.517    8.723    0.794 (MET)
_134045_/D (sg13g2_dfrbpq_1)            9.463    8.668    0.796 (MET)
_130079_/D (sg13g2_dfrbpq_1)            9.593    8.797    0.796 (MET)
_129789_/D (sg13g2_dfrbpq_1)            9.571    8.775    0.796 (MET)
_129974_/D (sg13g2_dfrbpq_1)            9.514    8.716    0.798 (MET)
_134046_/D (sg13g2_dfrbpq_1)            9.464    8.663    0.802 (MET)
_130080_/D (sg13g2_dfrbpq_1)            9.596    8.791    0.804 (MET)
_130630_/D (sg13g2_dfrbpq_1)            9.493    8.687    0.807 (MET)
_134911_/D (sg13g2_dfrbpq_1)            9.521    8.712    0.809 (MET)
_130490_/D (sg13g2_dfrbpq_1)            9.478    8.664    0.814 (MET)
_134915_/D (sg13g2_dfrbpq_1)            9.514    8.699    0.815 (MET)
_130496_/D (sg13g2_dfrbpq_1)            9.486    8.667    0.818 (MET)
_130629_/D (sg13g2_dfrbpq_1)            9.495    8.673    0.822 (MET)
_135019_/D (sg13g2_dfrbpq_1)            9.543    8.719    0.823 (MET)
_129788_/D (sg13g2_dfrbpq_1)            9.568    8.744    0.824 (MET)
_130624_/D (sg13g2_dfrbpq_1)            9.507    8.682    0.825 (MET)
_130947_/D (sg13g2_dfrbpq_1)            9.492    8.663    0.829 (MET)
_129862_/D (sg13g2_dfrbpq_1)            9.466    8.631    0.835 (MET)
_130603_/D (sg13g2_dfrbpq_1)            9.466    8.627    0.839 (MET)
_131074_/D (sg13g2_dfrbpq_1)            9.483    8.644    0.839 (MET)
_130969_/D (sg13g2_dfrbpq_1)            9.499    8.659    0.840 (MET)
_130492_/D (sg13g2_dfrbpq_1)            9.504    8.663    0.841 (MET)
_131078_/D (sg13g2_dfrbpq_1)            9.489    8.648    0.841 (MET)
_130493_/D (sg13g2_dfrbpq_1)            9.504    8.663    0.841 (MET)
_130968_/D (sg13g2_dfrbpq_1)            9.498    8.656    0.842 (MET)
_130948_/D (sg13g2_dfrbpq_1)            9.483    8.641    0.842 (MET)
_129860_/D (sg13g2_dfrbpq_1)            9.473    8.630    0.843 (MET)
_130973_/D (sg13g2_dfrbpq_1)            9.488    8.645    0.843 (MET)
_134077_/D (sg13g2_dfrbpq_1)            9.592    8.749    0.844 (MET)
_130495_/D (sg13g2_dfrbpq_1)            9.511    8.667    0.844 (MET)
_131073_/D (sg13g2_dfrbpq_1)            9.483    8.639    0.844 (MET)
_130971_/D (sg13g2_dfrbpq_1)            9.496    8.651    0.844 (MET)
_130494_/D (sg13g2_dfrbpq_1)            9.511    8.667    0.844 (MET)
_130970_/D (sg13g2_dfrbpq_1)            9.492    8.647    0.845 (MET)
_129867_/D (sg13g2_dfrbpq_1)            9.469    8.624    0.845 (MET)
_134795_/D (sg13g2_dfrbpq_1)            9.518    8.672    0.846 (MET)
_130967_/D (sg13g2_dfrbpq_1)            9.489    8.643    0.846 (MET)
_134794_/D (sg13g2_dfrbpq_1)            9.518    8.672    0.846 (MET)
_131077_/D (sg13g2_dfrbpq_1)            9.489    8.643    0.846 (MET)
_133467_/D (sg13g2_dfrbpq_1)            9.575    8.729    0.847 (MET)
_130972_/D (sg13g2_dfrbpq_1)            9.497    8.649    0.848 (MET)
_130491_/D (sg13g2_dfrbpq_1)            9.516    8.662    0.854 (MET)
_134798_/D (sg13g2_dfrbpq_1)            9.531    8.677    0.854 (MET)
_133466_/D (sg13g2_dfrbpq_1)            9.572    8.717    0.854 (MET)
_130942_/D (sg13g2_dfrbpq_1)            9.507    8.653    0.855 (MET)
_133469_/D (sg13g2_dfrbpq_1)            9.574    8.719    0.855 (MET)
_129981_/D (sg13g2_dfrbpq_1)            9.496    8.637    0.859 (MET)
_134790_/D (sg13g2_dfrbpq_1)            9.524    8.664    0.860 (MET)
_134796_/D (sg13g2_dfrbpq_1)            9.528    8.668    0.860 (MET)
_134797_/D (sg13g2_dfrbpq_1)            9.528    8.668    0.861 (MET)
_131076_/D (sg13g2_dfrbpq_1)            9.509    8.648    0.861 (MET)
_131079_/D (sg13g2_dfrbpq_1)            9.495    8.633    0.862 (MET)
_134793_/D (sg13g2_dfrbpq_1)            9.528    8.666    0.862 (MET)
_130946_/D (sg13g2_dfrbpq_1)            9.502    8.639    0.863 (MET)
_130615_/D (sg13g2_dfrbpq_1)            9.476    8.613    0.863 (MET)
_134799_/D (sg13g2_dfrbpq_1)            9.534    8.670    0.863 (MET)
_130943_/D (sg13g2_dfrbpq_1)            9.458    8.595    0.864 (MET)
_134786_/D (sg13g2_dfrbpq_1)            9.525    8.657    0.868 (MET)
_134787_/D (sg13g2_dfrbpq_1)            9.522    8.654    0.868 (MET)
_134791_/D (sg13g2_dfrbpq_1)            9.526    8.658    0.868 (MET)
_130082_/D (sg13g2_dfrbpq_1)            9.518    8.650    0.869 (MET)
_131075_/D (sg13g2_dfrbpq_1)            9.509    8.640    0.869 (MET)
_134789_/D (sg13g2_dfrbpq_1)            9.526    8.654    0.871 (MET)
_130569_/D (sg13g2_dfrbpq_1)            9.495    8.624    0.871 (MET)
_130616_/D (sg13g2_dfrbpq_1)            9.478    8.604    0.874 (MET)
_134792_/D (sg13g2_dfrbpq_1)            9.528    8.653    0.874 (MET)
_133457_/D (sg13g2_dfrbpq_1)            9.573    8.695    0.877 (MET)
_130628_/D (sg13g2_dfrbpq_1)            9.475    8.597    0.878 (MET)
_130567_/D (sg13g2_dfrbpq_1)            9.501    8.620    0.881 (MET)
_130944_/D (sg13g2_dfrbpq_1)            9.457    8.575    0.882 (MET)
_130565_/D (sg13g2_dfrbpq_1)            9.502    8.620    0.882 (MET)
_130611_/D (sg13g2_dfrbpq_1)            9.472    8.588    0.883 (MET)
_130564_/D (sg13g2_dfrbpq_1)            9.500    8.616    0.884 (MET)
_130612_/D (sg13g2_dfrbpq_1)            9.465    8.581    0.884 (MET)
_130566_/D (sg13g2_dfrbpq_1)            9.502    8.618    0.885 (MET)
_130610_/D (sg13g2_dfrbpq_1)            9.466    8.581    0.885 (MET)
_132981_/D (sg13g2_dfrbpq_1)            9.516    8.630    0.885 (MET)
_130614_/D (sg13g2_dfrbpq_1)            9.475    8.588    0.887 (MET)
_129986_/D (sg13g2_dfrbpq_1)            9.493    8.604    0.889 (MET)
_130627_/D (sg13g2_dfrbpq_1)            9.463    8.573    0.890 (MET)
_134044_/D (sg13g2_dfrbpq_1)            9.457    8.568    0.890 (MET)
_130570_/D (sg13g2_dfrbpq_1)            9.495    8.604    0.890 (MET)
_133456_/D (sg13g2_dfrbpq_1)            9.573    8.682    0.891 (MET)
_130613_/D (sg13g2_dfrbpq_1)            9.477    8.585    0.891 (MET)
_132983_/D (sg13g2_dfrbpq_1)            9.524    8.630    0.894 (MET)
_130625_/D (sg13g2_dfrbpq_1)            9.464    8.569    0.894 (MET)
_130626_/D (sg13g2_dfrbpq_1)            9.463    8.567    0.896 (MET)
_130568_/D (sg13g2_dfrbpq_1)            9.495    8.598    0.897 (MET)
_133005_/D (sg13g2_dfrbpq_1)            9.622    8.724    0.897 (MET)
_130557_/D (sg13g2_dfrbpq_1)            9.474    8.576    0.898 (MET)
_130945_/D (sg13g2_dfrbpq_1)            9.463    8.563    0.900 (MET)
_130558_/D (sg13g2_dfrbpq_1)            9.476    8.575    0.900 (MET)
_130460_/D (sg13g2_dfrbpq_1)            9.477    8.574    0.903 (MET)
_133459_/D (sg13g2_dfrbpq_1)            9.573    8.664    0.908 (MET)
_129987_/D (sg13g2_dfrbpq_1)            9.502    8.593    0.909 (MET)
_130563_/D (sg13g2_dfrbpq_1)            9.501    8.590    0.911 (MET)
_130622_/D (sg13g2_dfrbpq_1)            9.508    8.597    0.911 (MET)
_130555_/D (sg13g2_dfrbpq_1)            9.485    8.574    0.912 (MET)
_130562_/D (sg13g2_dfrbpq_1)            9.508    8.592    0.915 (MET)
_130513_/D (sg13g2_dfrbpq_1)            9.478    8.562    0.916 (MET)
_131021_/D (sg13g2_dfrbpq_1)            9.480    8.564    0.916 (MET)
_130560_/D (sg13g2_dfrbpq_1)            9.499    8.583    0.916 (MET)
_130935_/D (sg13g2_dfrbpq_1)            9.479    8.562    0.917 (MET)
_130559_/D (sg13g2_dfrbpq_1)            9.500    8.578    0.922 (MET)
_130556_/D (sg13g2_dfrbpq_1)            9.486    8.564    0.922 (MET)
_130554_/D (sg13g2_dfrbpq_1)            9.485    8.563    0.922 (MET)
_130621_/D (sg13g2_dfrbpq_1)            9.509    8.586    0.923 (MET)
_130936_/D (sg13g2_dfrbpq_1)            9.479    8.554    0.925 (MET)
_130623_/D (sg13g2_dfrbpq_1)            9.506    8.580    0.926 (MET)
_130617_/D (sg13g2_dfrbpq_1)            9.501    8.574    0.926 (MET)
_134826_/D (sg13g2_dfrbpq_1)            9.542    8.615    0.927 (MET)
_130552_/D (sg13g2_dfrbpq_1)            9.487    8.559    0.928 (MET)
_130574_/D (sg13g2_dfrbpq_1)            9.474    8.545    0.929 (MET)
_130928_/D (sg13g2_dfrbpq_1)            9.465    8.536    0.929 (MET)
_130618_/D (sg13g2_dfrbpq_1)            9.503    8.574    0.929 (MET)
_130930_/D (sg13g2_dfrbpq_1)            9.465    8.535    0.930 (MET)
_134788_/D (sg13g2_dfrbpq_1)            9.586    8.656    0.930 (MET)
_131020_/D (sg13g2_dfrbpq_1)            9.482    8.552    0.930 (MET)
_130929_/D (sg13g2_dfrbpq_1)            9.465    8.534    0.931 (MET)
_130561_/D (sg13g2_dfrbpq_1)            9.508    8.577    0.931 (MET)
_130619_/D (sg13g2_dfrbpq_1)            9.510    8.578    0.931 (MET)
_130931_/D (sg13g2_dfrbpq_1)            9.476    8.544    0.932 (MET)
_130937_/D (sg13g2_dfrbpq_1)            9.503    8.570    0.933 (MET)
_130933_/D (sg13g2_dfrbpq_1)            9.478    8.545    0.933 (MET)
_130551_/D (sg13g2_dfrbpq_1)            9.485    8.552    0.933 (MET)
_133462_/D (sg13g2_dfrbpq_1)            9.589    8.656    0.933 (MET)
_130620_/D (sg13g2_dfrbpq_1)            9.510    8.575    0.935 (MET)
_130441_/D (sg13g2_dfrbpq_1)            9.501    8.566    0.935 (MET)
_131022_/D (sg13g2_dfrbpq_1)            9.483    8.548    0.935 (MET)
_130932_/D (sg13g2_dfrbpq_1)            9.478    8.543    0.935 (MET)
_130862_/D (sg13g2_dfrbpq_1)            9.490    8.553    0.937 (MET)
_130583_/D (sg13g2_dfrbpq_1)            9.489    8.551    0.938 (MET)
_130279_/D (sg13g2_dfrbpq_1)            9.481    8.543    0.938 (MET)
_130934_/D (sg13g2_dfrbpq_1)            9.478    8.540    0.938 (MET)
_130572_/D (sg13g2_dfrbpq_1)            9.466    8.528    0.938 (MET)
_130459_/D (sg13g2_dfrbpq_1)            9.506    8.568    0.939 (MET)
_129780_/D (sg13g2_dfrbpq_1)            9.487    8.548    0.939 (MET)
_130865_/D (sg13g2_dfrbpq_1)            9.497    8.557    0.940 (MET)
_130861_/D (sg13g2_dfrbpq_1)            9.490    8.549    0.941 (MET)
_131025_/D (sg13g2_dfrbpq_1)            9.489    8.547    0.942 (MET)
_130553_/D (sg13g2_dfrbpq_1)            9.504    8.562    0.943 (MET)
_130391_/D (sg13g2_dfrbpq_1)            9.489    8.545    0.944 (MET)
_133035_/D (sg13g2_dfrbpq_1)            9.609    8.664    0.944 (MET)
_130582_/D (sg13g2_dfrbpq_1)            9.495    8.551    0.944 (MET)
_130866_/D (sg13g2_dfrbpq_1)            9.497    8.551    0.946 (MET)
_130863_/D (sg13g2_dfrbpq_1)            9.497    8.551    0.946 (MET)
_130867_/D (sg13g2_dfrbpq_1)            9.489    8.543    0.946 (MET)
_130284_/D (sg13g2_dfrbpq_1)            9.493    8.547    0.947 (MET)
_130576_/D (sg13g2_dfrbpq_1)            9.479    8.532    0.947 (MET)
_130442_/D (sg13g2_dfrbpq_1)            9.488    8.541    0.947 (MET)
_131024_/D (sg13g2_dfrbpq_1)            9.504    8.555    0.949 (MET)
_130577_/D (sg13g2_dfrbpq_1)            9.471    8.522    0.949 (MET)
_131026_/D (sg13g2_dfrbpq_1)            9.495    8.545    0.950 (MET)
_130864_/D (sg13g2_dfrbpq_1)            9.493    8.542    0.950 (MET)
_130443_/D (sg13g2_dfrbpq_1)            9.486    8.535    0.951 (MET)
_130282_/D (sg13g2_dfrbpq_1)            9.486    8.535    0.951 (MET)
_133523_/D (sg13g2_dfrbpq_1)            9.575    8.622    0.953 (MET)
_131023_/D (sg13g2_dfrbpq_1)            9.505    8.552    0.953 (MET)
_130278_/D (sg13g2_dfrbpq_1)            9.483    8.530    0.953 (MET)
_130462_/D (sg13g2_dfrbpq_1)            9.496    8.542    0.954 (MET)
_130927_/D (sg13g2_dfrbpq_1)            9.477    8.523    0.955 (MET)
_130281_/D (sg13g2_dfrbpq_1)            9.506    8.552    0.955 (MET)
_130283_/D (sg13g2_dfrbpq_1)            9.495    8.540    0.955 (MET)
_130575_/D (sg13g2_dfrbpq_1)            9.479    8.523    0.956 (MET)
_130571_/D (sg13g2_dfrbpq_1)            9.485    8.529    0.956 (MET)
_130940_/D (sg13g2_dfrbpq_1)            9.515    8.559    0.957 (MET)
_130463_/D (sg13g2_dfrbpq_1)            9.496    8.538    0.958 (MET)
_130584_/D (sg13g2_dfrbpq_1)            9.489    8.531    0.958 (MET)
_130941_/D (sg13g2_dfrbpq_1)            9.506    8.547    0.959 (MET)
_130926_/D (sg13g2_dfrbpq_1)            9.477    8.517    0.960 (MET)
_130938_/D (sg13g2_dfrbpq_1)            9.510    8.549    0.961 (MET)
_130573_/D (sg13g2_dfrbpq_1)            9.485    8.524    0.961 (MET)
_130439_/D (sg13g2_dfrbpq_1)            9.504    8.542    0.962 (MET)
_130081_/D (sg13g2_dfrbpq_1)            9.553    8.590    0.963 (MET)
_130438_/D (sg13g2_dfrbpq_1)            9.506    8.541    0.965 (MET)
_130593_/D (sg13g2_dfrbpq_1)            9.475    8.509    0.966 (MET)
_130595_/D (sg13g2_dfrbpq_1)            9.482    8.516    0.966 (MET)
_131080_/D (sg13g2_dfrbpq_1)            9.490    8.524    0.967 (MET)
_130762_/D (sg13g2_dfrbpq_1)            9.492    8.525    0.967 (MET)
_130440_/D (sg13g2_dfrbpq_1)            9.504    8.537    0.967 (MET)
_130592_/D (sg13g2_dfrbpq_1)            9.475    8.507    0.968 (MET)
_130437_/D (sg13g2_dfrbpq_1)            9.505    8.536    0.969 (MET)
_130939_/D (sg13g2_dfrbpq_1)            9.509    8.539    0.970 (MET)
_130458_/D (sg13g2_dfrbpq_1)            9.504    8.534    0.970 (MET)
_130512_/D (sg13g2_dfrbpq_1)            9.507    8.536    0.971 (MET)
_130594_/D (sg13g2_dfrbpq_1)            9.478    8.506    0.972 (MET)
_130925_/D (sg13g2_dfrbpq_1)            9.485    8.512    0.973 (MET)
_130823_/D (sg13g2_dfrbpq_1)            9.465    8.492    0.973 (MET)
_130280_/D (sg13g2_dfrbpq_1)            9.504    8.530    0.975 (MET)
_130461_/D (sg13g2_dfrbpq_1)            9.507    8.531    0.975 (MET)
_130591_/D (sg13g2_dfrbpq_1)            9.486    8.509    0.976 (MET)
_130585_/D (sg13g2_dfrbpq_1)            9.489    8.511    0.978 (MET)
_130381_/D (sg13g2_dfrbpq_1)            9.480    8.503    0.978 (MET)
_130514_/D (sg13g2_dfrbpq_1)            9.506    8.528    0.978 (MET)
_130380_/D (sg13g2_dfrbpq_1)            9.485    8.506    0.979 (MET)
_130588_/D (sg13g2_dfrbpq_1)            9.483    8.503    0.980 (MET)
_133468_/D (sg13g2_dfrbpq_1)            9.574    8.593    0.980 (MET)
_130342_/D (sg13g2_dfrbpq_1)            9.467    8.486    0.981 (MET)
_130383_/D (sg13g2_dfrbpq_1)            9.481    8.500    0.981 (MET)
_130702_/D (sg13g2_dfrbpq_1)            9.483    8.502    0.981 (MET)
_130708_/D (sg13g2_dfrbpq_1)            9.488    8.506    0.982 (MET)
_130511_/D (sg13g2_dfrbpq_1)            9.505    8.522    0.982 (MET)
_130656_/D (sg13g2_dfrbpq_1)            9.489    8.506    0.983 (MET)
_130343_/D (sg13g2_dfrbpq_1)            9.467    8.483    0.983 (MET)
_130586_/D (sg13g2_dfrbpq_1)            9.483    8.499    0.984 (MET)
_130590_/D (sg13g2_dfrbpq_1)            9.485    8.501    0.984 (MET)
_130587_/D (sg13g2_dfrbpq_1)            9.489    8.504    0.985 (MET)
_130382_/D (sg13g2_dfrbpq_1)            9.480    8.493    0.987 (MET)
_130589_/D (sg13g2_dfrbpq_1)            9.487    8.500    0.987 (MET)
_131031_/D (sg13g2_dfrbpq_1)            9.466    8.479    0.987 (MET)
_130344_/D (sg13g2_dfrbpq_1)            9.472    8.484    0.988 (MET)
_133034_/D (sg13g2_dfrbpq_1)            9.627    8.640    0.988 (MET)
_130974_/D (sg13g2_dfrbpq_1)            9.491    8.502    0.988 (MET)
_130339_/D (sg13g2_dfrbpq_1)            9.500    8.511    0.989 (MET)
_130515_/D (sg13g2_dfrbpq_1)            9.496    8.506    0.990 (MET)
_133465_/D (sg13g2_dfrbpq_1)            9.573    8.583    0.990 (MET)
_130704_/D (sg13g2_dfrbpq_1)            9.503    8.513    0.991 (MET)
_130340_/D (sg13g2_dfrbpq_1)            9.505    8.514    0.991 (MET)
_130476_/D (sg13g2_dfrbpq_1)            9.496    8.504    0.992 (MET)
_130707_/D (sg13g2_dfrbpq_1)            9.495    8.502    0.993 (MET)
_130474_/D (sg13g2_dfrbpq_1)            9.491    8.498    0.993 (MET)
_134043_/D (sg13g2_dfrbpq_1)            9.480    8.486    0.994 (MET)
_130828_/D (sg13g2_dfrbpq_1)            9.471    8.477    0.994 (MET)
_130706_/D (sg13g2_dfrbpq_1)            9.507    8.512    0.995 (MET)
_130259_/D (sg13g2_dfrbpq_1)            9.492    8.497    0.995 (MET)
_130372_/D (sg13g2_dfrbpq_1)            9.487    8.492    0.995 (MET)
_131040_/D (sg13g2_dfrbpq_1)            9.493    8.498    0.995 (MET)
_135024_/D (sg13g2_dfrbpq_1)            9.580    8.585    0.995 (MET)
_134078_/D (sg13g2_dfrbpq_1)            9.546    8.550    0.996 (MET)
_130516_/D (sg13g2_dfrbpq_1)            9.513    8.517    0.997 (MET)
_134829_/D (sg13g2_dfrbpq_1)            9.532    8.535    0.997 (MET)
_130950_/D (sg13g2_dfrbpq_1)            9.506    8.507    0.998 (MET)
_131035_/D (sg13g2_dfrbpq_1)            9.475    8.476    0.999 (MET)
_130478_/D (sg13g2_dfrbpq_1)            9.487    8.488    0.999 (MET)
_134800_/D (sg13g2_dfrbpq_1)            9.612    8.613    0.999 (MET)
_130370_/D (sg13g2_dfrbpq_1)            9.489    8.489    1.000 (MET)
_130822_/D (sg13g2_dfrbpq_1)            9.472    8.472    1.000 (MET)
_130341_/D (sg13g2_dfrbpq_1)            9.506    8.505    1.000 (MET)
_131034_/D (sg13g2_dfrbpq_1)            9.474    8.473    1.001 (MET)
_130705_/D (sg13g2_dfrbpq_1)            9.509    8.508    1.001 (MET)
_130703_/D (sg13g2_dfrbpq_1)            9.506    8.504    1.002 (MET)
_130949_/D (sg13g2_dfrbpq_1)            9.515    8.511    1.003 (MET)
_130951_/D (sg13g2_dfrbpq_1)            9.514    8.511    1.004 (MET)
_130475_/D (sg13g2_dfrbpq_1)            9.491    8.487    1.004 (MET)
_130371_/D (sg13g2_dfrbpq_1)            9.489    8.484    1.005 (MET)
_131039_/D (sg13g2_dfrbpq_1)            9.507    8.500    1.006 (MET)
_130368_/D (sg13g2_dfrbpq_1)            9.501    8.494    1.007 (MET)
_130477_/D (sg13g2_dfrbpq_1)            9.490    8.483    1.007 (MET)
_130827_/D (sg13g2_dfrbpq_1)            9.472    8.465    1.007 (MET)
_130453_/D (sg13g2_dfrbpq_1)            9.474    8.466    1.008 (MET)
_130497_/D (sg13g2_dfrbpq_1)            9.483    8.474    1.009 (MET)
_130952_/D (sg13g2_dfrbpq_1)            9.514    8.504    1.010 (MET)
_131001_/D (sg13g2_dfrbpq_1)            9.491    8.481    1.010 (MET)
_130609_/D (sg13g2_dfrbpq_1)            9.459    8.446    1.013 (MET)
_130715_/D (sg13g2_dfrbpq_1)            9.467    8.454    1.013 (MET)
_129977_/D (sg13g2_dfrbpq_1)            9.496    8.483    1.013 (MET)
_130369_/D (sg13g2_dfrbpq_1)            9.501    8.488    1.014 (MET)
_130826_/D (sg13g2_dfrbpq_1)            9.472    8.458    1.014 (MET)
_131032_/D (sg13g2_dfrbpq_1)            9.482    8.467    1.014 (MET)
_131037_/D (sg13g2_dfrbpq_1)            9.507    8.492    1.015 (MET)
_130451_/D (sg13g2_dfrbpq_1)            9.473    8.456    1.017 (MET)
_130810_/D (sg13g2_dfrbpq_1)            9.496    8.479    1.017 (MET)
_130608_/D (sg13g2_dfrbpq_1)            9.461    8.443    1.018 (MET)
_130452_/D (sg13g2_dfrbpq_1)            9.476    8.458    1.018 (MET)
_130374_/D (sg13g2_dfrbpq_1)            9.482    8.464    1.019 (MET)
_129989_/D (sg13g2_dfrbpq_1)            9.523    8.504    1.019 (MET)
_130504_/D (sg13g2_dfrbpq_1)            9.472    8.453    1.019 (MET)
_131033_/D (sg13g2_dfrbpq_1)            9.472    8.453    1.020 (MET)
_130505_/D (sg13g2_dfrbpq_1)            9.473    8.454    1.020 (MET)
_131028_/D (sg13g2_dfrbpq_1)            9.483    8.463    1.020 (MET)
_130714_/D (sg13g2_dfrbpq_1)            9.467    8.447    1.020 (MET)
_130581_/D (sg13g2_dfrbpq_1)            9.484    8.463    1.020 (MET)
_130464_/D (sg13g2_dfrbpq_1)            9.460    8.439    1.021 (MET)
_130713_/D (sg13g2_dfrbpq_1)            9.465    8.444    1.021 (MET)
_130578_/D (sg13g2_dfrbpq_1)            9.484    8.464    1.021 (MET)
_130808_/D (sg13g2_dfrbpq_1)            9.489    8.467    1.022 (MET)
_130378_/D (sg13g2_dfrbpq_1)            9.483    8.461    1.022 (MET)
_131038_/D (sg13g2_dfrbpq_1)            9.507    8.483    1.025 (MET)
_133038_/D (sg13g2_dfrbpq_1)            9.585    8.560    1.025 (MET)
_131036_/D (sg13g2_dfrbpq_1)            9.509    8.484    1.025 (MET)
_130579_/D (sg13g2_dfrbpq_1)            9.478    8.453    1.025 (MET)
_130077_/D (sg13g2_dfrbpq_1)            9.593    8.567    1.026 (MET)
_130253_/D (sg13g2_dfrbpq_1)            9.462    8.436    1.026 (MET)
_130607_/D (sg13g2_dfrbpq_1)            9.461    8.434    1.027 (MET)
_130813_/D (sg13g2_dfrbpq_1)            9.497    8.468    1.028 (MET)
_130506_/D (sg13g2_dfrbpq_1)            9.475    8.446    1.028 (MET)
_130712_/D (sg13g2_dfrbpq_1)            9.484    8.455    1.029 (MET)
_130078_/D (sg13g2_dfrbpq_1)            9.593    8.564    1.029 (MET)
_131052_/D (sg13g2_dfrbpq_1)            9.493    8.463    1.030 (MET)
_130407_/D (sg13g2_dfrbpq_1)            9.475    8.445    1.030 (MET)
_130455_/D (sg13g2_dfrbpq_1)            9.498    8.468    1.030 (MET)
_130814_/D (sg13g2_dfrbpq_1)            9.499    8.468    1.031 (MET)
_131054_/D (sg13g2_dfrbpq_1)            9.492    8.461    1.031 (MET)
_130332_/D (sg13g2_dfrbpq_1)            9.482    8.451    1.031 (MET)
_130711_/D (sg13g2_dfrbpq_1)            9.484    8.452    1.032 (MET)
_130337_/D (sg13g2_dfrbpq_1)            9.492    8.459    1.032 (MET)
_130507_/D (sg13g2_dfrbpq_1)            9.500    8.467    1.033 (MET)
_130484_/D (sg13g2_dfrbpq_1)            9.485    8.452    1.033 (MET)
_130456_/D (sg13g2_dfrbpq_1)            9.504    8.471    1.033 (MET)
_130254_/D (sg13g2_dfrbpq_1)            9.464    8.430    1.033 (MET)
_130754_/D (sg13g2_dfrbpq_1)            9.481    8.448    1.033 (MET)
_130379_/D (sg13g2_dfrbpq_1)            9.486    8.452    1.034 (MET)
_130825_/D (sg13g2_dfrbpq_1)            9.477    8.443    1.034 (MET)
_130710_/D (sg13g2_dfrbpq_1)            9.485    8.451    1.034 (MET)
_130811_/D (sg13g2_dfrbpq_1)            9.498    8.464    1.034 (MET)
_130481_/D (sg13g2_dfrbpq_1)            9.489    8.455    1.035 (MET)
_130485_/D (sg13g2_dfrbpq_1)            9.507    8.473    1.035 (MET)
_130604_/D (sg13g2_dfrbpq_1)            9.487    8.452    1.035 (MET)
_130376_/D (sg13g2_dfrbpq_1)            9.483    8.448    1.035 (MET)
_130995_/D (sg13g2_dfrbpq_1)            9.497    8.461    1.036 (MET)
_130809_/D (sg13g2_dfrbpq_1)            9.498    8.462    1.037 (MET)
_130074_/D (sg13g2_dfrbpq_1)            9.594    8.557    1.037 (MET)
_130482_/D (sg13g2_dfrbpq_1)            9.486    8.449    1.037 (MET)
_130479_/D (sg13g2_dfrbpq_1)            9.488    8.451    1.037 (MET)
_130580_/D (sg13g2_dfrbpq_1)            9.485    8.448    1.037 (MET)
_130606_/D (sg13g2_dfrbpq_1)            9.483    8.446    1.038 (MET)
_130468_/D (sg13g2_dfrbpq_1)            9.462    8.424    1.038 (MET)
_130752_/D (sg13g2_dfrbpq_1)            9.481    8.443    1.038 (MET)
_130422_/D (sg13g2_dfrbpq_1)            9.488    8.450    1.038 (MET)
_130483_/D (sg13g2_dfrbpq_1)            9.483    8.445    1.039 (MET)
_130480_/D (sg13g2_dfrbpq_1)            9.487    8.448    1.039 (MET)
_130406_/D (sg13g2_dfrbpq_1)            9.477    8.437    1.040 (MET)
_130377_/D (sg13g2_dfrbpq_1)            9.484    8.444    1.040 (MET)
_130824_/D (sg13g2_dfrbpq_1)            9.478    8.438    1.040 (MET)
_129795_/D (sg13g2_dfrbpq_1)            9.567    8.527    1.040 (MET)
_130605_/D (sg13g2_dfrbpq_1)            9.488    8.448    1.040 (MET)
_130812_/D (sg13g2_dfrbpq_1)            9.496    8.455    1.041 (MET)
_130466_/D (sg13g2_dfrbpq_1)            9.462    8.420    1.042 (MET)
_130701_/D (sg13g2_dfrbpq_1)            9.505    8.463    1.042 (MET)
_131030_/D (sg13g2_dfrbpq_1)            9.498    8.455    1.043 (MET)
_130331_/D (sg13g2_dfrbpq_1)            9.483    8.440    1.043 (MET)
_131048_/D (sg13g2_dfrbpq_1)            9.498    8.455    1.043 (MET)
_130472_/D (sg13g2_dfrbpq_1)            9.470    8.427    1.043 (MET)
_131029_/D (sg13g2_dfrbpq_1)            9.488    8.444    1.043 (MET)
_130255_/D (sg13g2_dfrbpq_1)            9.464    8.420    1.044 (MET)
_130648_/D (sg13g2_dfrbpq_1)            9.498    8.454    1.044 (MET)
_130966_/D (sg13g2_dfrbpq_1)            9.498    8.453    1.045 (MET)
_130751_/D (sg13g2_dfrbpq_1)            9.485    8.441    1.045 (MET)
_134034_/D (sg13g2_dfrbpq_1)            9.592    8.546    1.045 (MET)
_130807_/D (sg13g2_dfrbpq_1)            9.504    8.458    1.046 (MET)
_130252_/D (sg13g2_dfrbpq_1)            9.506    8.460    1.046 (MET)
_130454_/D (sg13g2_dfrbpq_1)            9.500    8.454    1.046 (MET)
_130373_/D (sg13g2_dfrbpq_1)            9.489    8.443    1.047 (MET)
_130457_/D (sg13g2_dfrbpq_1)            9.505    8.457    1.048 (MET)
_130075_/D (sg13g2_dfrbpq_1)            9.596    8.548    1.048 (MET)
_130473_/D (sg13g2_dfrbpq_1)            9.477    8.430    1.048 (MET)
_130753_/D (sg13g2_dfrbpq_1)            9.483    8.435    1.048 (MET)
_130517_/D (sg13g2_dfrbpq_1)            9.476    8.428    1.048 (MET)
_130508_/D (sg13g2_dfrbpq_1)            9.500    8.451    1.049 (MET)
_130465_/D (sg13g2_dfrbpq_1)            9.464    8.415    1.049 (MET)
_130072_/D (sg13g2_dfrbpq_1)            9.593    8.544    1.049 (MET)
_130258_/D (sg13g2_dfrbpq_1)            9.475    8.425    1.050 (MET)
_130467_/D (sg13g2_dfrbpq_1)            9.464    8.413    1.051 (MET)
_130520_/D (sg13g2_dfrbpq_1)            9.466    8.414    1.052 (MET)
_130923_/D (sg13g2_dfrbpq_1)            9.483    8.430    1.052 (MET)
_130509_/D (sg13g2_dfrbpq_1)            9.504    8.452    1.053 (MET)
_130924_/D (sg13g2_dfrbpq_1)            9.487    8.434    1.053 (MET)
_131041_/D (sg13g2_dfrbpq_1)            9.492    8.438    1.054 (MET)
_135142_/D (sg13g2_dfrbpq_1)            9.517    8.463    1.054 (MET)
_131042_/D (sg13g2_dfrbpq_1)            9.491    8.435    1.056 (MET)
_130860_/D (sg13g2_dfrbpq_1)            9.505    8.448    1.056 (MET)
_130521_/D (sg13g2_dfrbpq_1)            9.475    8.419    1.056 (MET)
_130073_/D (sg13g2_dfrbpq_1)            9.598    8.541    1.057 (MET)
_130913_/D (sg13g2_dfrbpq_1)            9.519    8.463    1.057 (MET)
_130737_/D (sg13g2_dfrbpq_1)            9.488    8.431    1.057 (MET)
_131070_/D (sg13g2_dfrbpq_1)            9.480    8.423    1.057 (MET)
_130922_/D (sg13g2_dfrbpq_1)            9.483    8.425    1.058 (MET)
_133665_/D (sg13g2_dfrbpq_1)            9.529    8.471    1.058 (MET)
_131067_/D (sg13g2_dfrbpq_1)            9.485    8.427    1.058 (MET)
_131046_/D (sg13g2_dfrbpq_1)            9.492    8.434    1.058 (MET)
_133447_/D (sg13g2_dfrbpq_1)            9.598    8.539    1.058 (MET)
_129779_/D (sg13g2_dfrbpq_1)            9.476    8.417    1.059 (MET)
_133039_/D (sg13g2_dfrbpq_1)            9.585    8.526    1.060 (MET)
_131043_/D (sg13g2_dfrbpq_1)            9.491    8.430    1.062 (MET)
_130510_/D (sg13g2_dfrbpq_1)            9.504    8.443    1.062 (MET)
_130336_/D (sg13g2_dfrbpq_1)            9.504    8.442    1.062 (MET)
_130243_/D (sg13g2_dfrbpq_1)            9.476    8.412    1.063 (MET)
_130964_/D (sg13g2_dfrbpq_1)            9.478    8.414    1.064 (MET)
_133662_/D (sg13g2_dfrbpq_1)            9.528    8.464    1.064 (MET)
_130990_/D (sg13g2_dfrbpq_1)            9.494    8.430    1.064 (MET)
_133450_/D (sg13g2_dfrbpq_1)            9.601    8.537    1.065 (MET)
_130519_/D (sg13g2_dfrbpq_1)            9.466    8.400    1.065 (MET)
_130334_/D (sg13g2_dfrbpq_1)            9.505    8.440    1.065 (MET)
_130448_/D (sg13g2_dfrbpq_1)            9.464    8.399    1.065 (MET)
_130963_/D (sg13g2_dfrbpq_1)            9.486    8.420    1.066 (MET)
_130449_/D (sg13g2_dfrbpq_1)            9.464    8.398    1.066 (MET)
_130375_/D (sg13g2_dfrbpq_1)            9.511    8.445    1.066 (MET)
_131045_/D (sg13g2_dfrbpq_1)            9.492    8.425    1.066 (MET)
_130333_/D (sg13g2_dfrbpq_1)            9.505    8.438    1.067 (MET)
_130425_/D (sg13g2_dfrbpq_1)            9.488    8.421    1.067 (MET)
_130256_/D (sg13g2_dfrbpq_1)            9.462    8.395    1.067 (MET)
_133439_/D (sg13g2_dfrbpq_1)            9.592    8.524    1.068 (MET)
_130787_/D (sg13g2_dfrbpq_1)            9.483    8.415    1.068 (MET)
_131072_/D (sg13g2_dfrbpq_1)            9.481    8.412    1.069 (MET)
_131058_/D (sg13g2_dfrbpq_1)            9.495    8.426    1.069 (MET)
_131060_/D (sg13g2_dfrbpq_1)            9.491    8.422    1.069 (MET)
_130981_/D (sg13g2_dfrbpq_1)            9.472    8.402    1.069 (MET)
_130868_/D (sg13g2_dfrbpq_1)            9.485    8.416    1.069 (MET)
_130335_/D (sg13g2_dfrbpq_1)            9.505    8.436    1.070 (MET)
_130829_/D (sg13g2_dfrbpq_1)            9.472    8.402    1.070 (MET)
_130993_/D (sg13g2_dfrbpq_1)            9.507    8.437    1.070 (MET)
_133664_/D (sg13g2_dfrbpq_1)            9.533    8.463    1.070 (MET)
_131044_/D (sg13g2_dfrbpq_1)            9.493    8.422    1.071 (MET)
_131056_/D (sg13g2_dfrbpq_1)            9.494    8.423    1.072 (MET)
_130367_/D (sg13g2_dfrbpq_1)            9.481    8.409    1.072 (MET)
_131065_/D (sg13g2_dfrbpq_1)            9.483    8.411    1.072 (MET)
_130742_/D (sg13g2_dfrbpq_1)            9.492    8.420    1.072 (MET)
_130470_/D (sg13g2_dfrbpq_1)            9.481    8.409    1.073 (MET)
_130471_/D (sg13g2_dfrbpq_1)            9.475    8.402    1.073 (MET)
_130789_/D (sg13g2_dfrbpq_1)            9.483    8.410    1.074 (MET)
_130444_/D (sg13g2_dfrbpq_1)            9.485    8.411    1.074 (MET)
_131027_/D (sg13g2_dfrbpq_1)            9.482    8.407    1.074 (MET)
_131071_/D (sg13g2_dfrbpq_1)            9.482    8.407    1.075 (MET)
_130518_/D (sg13g2_dfrbpq_1)            9.465    8.390    1.075 (MET)
_133028_/D (sg13g2_dfrbpq_1)            9.588    8.513    1.075 (MET)
_130842_/D (sg13g2_dfrbpq_1)            9.483    8.408    1.076 (MET)
_130989_/D (sg13g2_dfrbpq_1)            9.494    8.418    1.076 (MET)
_130469_/D (sg13g2_dfrbpq_1)            9.483    8.406    1.076 (MET)
_133442_/D (sg13g2_dfrbpq_1)            9.600    8.524    1.076 (MET)
_133445_/D (sg13g2_dfrbpq_1)            9.600    8.523    1.077 (MET)
_131069_/D (sg13g2_dfrbpq_1)            9.485    8.408    1.077 (MET)
_130770_/D (sg13g2_dfrbpq_1)            9.465    8.388    1.077 (MET)
_133444_/D (sg13g2_dfrbpq_1)            9.600    8.523    1.078 (MET)
_131068_/D (sg13g2_dfrbpq_1)            9.484    8.406    1.078 (MET)
_131066_/D (sg13g2_dfrbpq_1)            9.483    8.405    1.078 (MET)
_130523_/D (sg13g2_dfrbpq_1)            9.475    8.397    1.078 (MET)
_130257_/D (sg13g2_dfrbpq_1)            9.476    8.398    1.078 (MET)
_130788_/D (sg13g2_dfrbpq_1)            9.491    8.412    1.079 (MET)
_131061_/D (sg13g2_dfrbpq_1)            9.487    8.409    1.079 (MET)
_130772_/D (sg13g2_dfrbpq_1)            9.475    8.396    1.079 (MET)
_133448_/D (sg13g2_dfrbpq_1)            9.600    8.521    1.080 (MET)
_130235_/D (sg13g2_dfrbpq_1)            9.484    8.404    1.080 (MET)
_130524_/D (sg13g2_dfrbpq_1)            9.474    8.394    1.080 (MET)
_130832_/D (sg13g2_dfrbpq_1)            9.501    8.421    1.080 (MET)
_130240_/D (sg13g2_dfrbpq_1)            9.472    8.392    1.081 (MET)
_130774_/D (sg13g2_dfrbpq_1)            9.471    8.389    1.082 (MET)
_130982_/D (sg13g2_dfrbpq_1)            9.474    8.392    1.082 (MET)
_130241_/D (sg13g2_dfrbpq_1)            9.476    8.394    1.082 (MET)
_131059_/D (sg13g2_dfrbpq_1)            9.493    8.409    1.083 (MET)
_130739_/D (sg13g2_dfrbpq_1)            9.503    8.419    1.083 (MET)
_133666_/D (sg13g2_dfrbpq_1)            9.533    8.449    1.084 (MET)
_130997_/D (sg13g2_dfrbpq_1)            9.485    8.402    1.084 (MET)
_130522_/D (sg13g2_dfrbpq_1)            9.482    8.398    1.084 (MET)
_130426_/D (sg13g2_dfrbpq_1)            9.487    8.403    1.084 (MET)
_130741_/D (sg13g2_dfrbpq_1)            9.497    8.412    1.084 (MET)
_130743_/D (sg13g2_dfrbpq_1)            9.490    8.405    1.085 (MET)
_130251_/D (sg13g2_dfrbpq_1)            9.515    8.430    1.085 (MET)
_130424_/D (sg13g2_dfrbpq_1)            9.494    8.409    1.085 (MET)
_131062_/D (sg13g2_dfrbpq_1)            9.489    8.403    1.085 (MET)
_130450_/D (sg13g2_dfrbpq_1)            9.465    8.379    1.086 (MET)
_130893_/D (sg13g2_dfrbpq_1)            9.501    8.415    1.086 (MET)
_130421_/D (sg13g2_dfrbpq_1)            9.471    8.385    1.087 (MET)
_130239_/D (sg13g2_dfrbpq_1)            9.472    8.385    1.087 (MET)
_131057_/D (sg13g2_dfrbpq_1)            9.496    8.409    1.087 (MET)
_130841_/D (sg13g2_dfrbpq_1)            9.492    8.405    1.087 (MET)
_133667_/D (sg13g2_dfrbpq_1)            9.532    8.445    1.087 (MET)
_130427_/D (sg13g2_dfrbpq_1)            9.501    8.414    1.088 (MET)
_130775_/D (sg13g2_dfrbpq_1)            9.472    8.384    1.088 (MET)
_130322_/D (sg13g2_dfrbpq_1)            9.488    8.400    1.088 (MET)
_130432_/D (sg13g2_dfrbpq_1)            9.484    8.395    1.089 (MET)
_130988_/D (sg13g2_dfrbpq_1)            9.492    8.403    1.089 (MET)
_130991_/D (sg13g2_dfrbpq_1)            9.491    8.401    1.090 (MET)
_130992_/D (sg13g2_dfrbpq_1)            9.494    8.403    1.091 (MET)
_130817_/D (sg13g2_dfrbpq_1)            9.482    8.391    1.091 (MET)
_130431_/D (sg13g2_dfrbpq_1)            9.485    8.393    1.092 (MET)
_129973_/D (sg13g2_dfrbpq_1)            9.577    8.485    1.092 (MET)
_130429_/D (sg13g2_dfrbpq_1)            9.485    8.393    1.092 (MET)
_133663_/D (sg13g2_dfrbpq_1)            9.530    8.438    1.093 (MET)
_130430_/D (sg13g2_dfrbpq_1)            9.485    8.392    1.093 (MET)
_130744_/D (sg13g2_dfrbpq_1)            9.490    8.397    1.093 (MET)
_130965_/D (sg13g2_dfrbpq_1)            9.504    8.410    1.093 (MET)
_130750_/D (sg13g2_dfrbpq_1)            9.503    8.409    1.094 (MET)
_130769_/D (sg13g2_dfrbpq_1)            9.466    8.372    1.094 (MET)
_130837_/D (sg13g2_dfrbpq_1)            9.466    8.371    1.095 (MET)
_130895_/D (sg13g2_dfrbpq_1)            9.491    8.396    1.095 (MET)
_130238_/D (sg13g2_dfrbpq_1)            9.464    8.369    1.095 (MET)
_130987_/D (sg13g2_dfrbpq_1)            9.502    8.407    1.095 (MET)
_130740_/D (sg13g2_dfrbpq_1)            9.502    8.407    1.096 (MET)
_130366_/D (sg13g2_dfrbpq_1)            9.486    8.389    1.096 (MET)
_130746_/D (sg13g2_dfrbpq_1)            9.494    8.397    1.097 (MET)
_130447_/D (sg13g2_dfrbpq_1)            9.484    8.387    1.097 (MET)
_130396_/D (sg13g2_dfrbpq_1)            9.465    8.368    1.097 (MET)
_130244_/D (sg13g2_dfrbpq_1)            9.476    8.379    1.097 (MET)
_130285_/D (sg13g2_dfrbpq_1)            9.489    8.392    1.097 (MET)
_130994_/D (sg13g2_dfrbpq_1)            9.497    8.399    1.098 (MET)
_130409_/D (sg13g2_dfrbpq_1)            9.505    8.407    1.098 (MET)
_130996_/D (sg13g2_dfrbpq_1)            9.480    8.382    1.098 (MET)
_130423_/D (sg13g2_dfrbpq_1)            9.502    8.404    1.098 (MET)
_130979_/D (sg13g2_dfrbpq_1)            9.466    8.367    1.099 (MET)
_130486_/D (sg13g2_dfrbpq_1)            9.480    8.381    1.100 (MET)
_130820_/D (sg13g2_dfrbpq_1)            9.467    8.367    1.100 (MET)
_130984_/D (sg13g2_dfrbpq_1)            9.507    8.407    1.100 (MET)
_130242_/D (sg13g2_dfrbpq_1)            9.499    8.399    1.101 (MET)
_130980_/D (sg13g2_dfrbpq_1)            9.472    8.371    1.101 (MET)
_131063_/D (sg13g2_dfrbpq_1)            9.511    8.410    1.101 (MET)
_130408_/D (sg13g2_dfrbpq_1)            9.507    8.405    1.101 (MET)
_130999_/D (sg13g2_dfrbpq_1)            9.475    8.374    1.101 (MET)
_130489_/D (sg13g2_dfrbpq_1)            9.481    8.380    1.101 (MET)
_130831_/D (sg13g2_dfrbpq_1)            9.503    8.400    1.102 (MET)
_130818_/D (sg13g2_dfrbpq_1)            9.472    8.370    1.102 (MET)
_130411_/D (sg13g2_dfrbpq_1)            9.497    8.395    1.102 (MET)
_130236_/D (sg13g2_dfrbpq_1)            9.465    8.362    1.102 (MET)
_130983_/D (sg13g2_dfrbpq_1)            9.508    8.406    1.102 (MET)
_130776_/D (sg13g2_dfrbpq_1)            9.475    8.372    1.103 (MET)
_130405_/D (sg13g2_dfrbpq_1)            9.505    8.402    1.103 (MET)
_130819_/D (sg13g2_dfrbpq_1)            9.456    8.353    1.103 (MET)
_130260_/D (sg13g2_dfrbpq_1)            9.489    8.386    1.103 (MET)
_130771_/D (sg13g2_dfrbpq_1)            9.472    8.369    1.103 (MET)
_131000_/D (sg13g2_dfrbpq_1)            9.476    8.373    1.103 (MET)
_130446_/D (sg13g2_dfrbpq_1)            9.488    8.384    1.103 (MET)
_131051_/D (sg13g2_dfrbpq_1)            9.479    8.375    1.103 (MET)
_130237_/D (sg13g2_dfrbpq_1)            9.465    8.361    1.103 (MET)
_130998_/D (sg13g2_dfrbpq_1)            9.475    8.371    1.104 (MET)
_130985_/D (sg13g2_dfrbpq_1)            9.506    8.402    1.104 (MET)
_130269_/D (sg13g2_dfrbpq_1)            9.496    8.392    1.104 (MET)
_130738_/D (sg13g2_dfrbpq_1)            9.498    8.394    1.104 (MET)
_130428_/D (sg13g2_dfrbpq_1)            9.495    8.391    1.104 (MET)
_133642_/D (sg13g2_dfrbpq_1)            9.557    8.453    1.104 (MET)
_130840_/D (sg13g2_dfrbpq_1)            9.502    8.398    1.105 (MET)
_130747_/D (sg13g2_dfrbpq_1)            9.501    8.396    1.105 (MET)
_130773_/D (sg13g2_dfrbpq_1)            9.476    8.371    1.105 (MET)
_130534_/D (sg13g2_dfrbpq_1)            9.491    8.385    1.105 (MET)
_130076_/D (sg13g2_dfrbpq_1)            9.575    8.470    1.105 (MET)
_130249_/D (sg13g2_dfrbpq_1)            9.508    8.403    1.105 (MET)
_130445_/D (sg13g2_dfrbpq_1)            9.503    8.398    1.105 (MET)
_130836_/D (sg13g2_dfrbpq_1)            9.463    8.358    1.105 (MET)
_130246_/D (sg13g2_dfrbpq_1)            9.506    8.400    1.106 (MET)
_134048_/D (sg13g2_dfrbpq_1)            9.462    8.355    1.107 (MET)
_131064_/D (sg13g2_dfrbpq_1)            9.514    8.407    1.107 (MET)
_130248_/D (sg13g2_dfrbpq_1)            9.503    8.394    1.109 (MET)
_130745_/D (sg13g2_dfrbpq_1)            9.499    8.390    1.109 (MET)
_134049_/D (sg13g2_dfrbpq_1)            9.482    8.373    1.109 (MET)
_131053_/D (sg13g2_dfrbpq_1)            9.472    8.363    1.109 (MET)
_130550_/D (sg13g2_dfrbpq_1)            9.466    8.357    1.109 (MET)
_130782_/D (sg13g2_dfrbpq_1)            9.514    8.404    1.110 (MET)
_130986_/D (sg13g2_dfrbpq_1)            9.508    8.398    1.111 (MET)
_131049_/D (sg13g2_dfrbpq_1)            9.480    8.370    1.111 (MET)
_131050_/D (sg13g2_dfrbpq_1)            9.480    8.369    1.111 (MET)
_130533_/D (sg13g2_dfrbpq_1)            9.490    8.379    1.111 (MET)
_130250_/D (sg13g2_dfrbpq_1)            9.513    8.402    1.111 (MET)
_130821_/D (sg13g2_dfrbpq_1)            9.467    8.356    1.112 (MET)
_130779_/D (sg13g2_dfrbpq_1)            9.501    8.389    1.112 (MET)
_130410_/D (sg13g2_dfrbpq_1)            9.497    8.385    1.112 (MET)
_130959_/D (sg13g2_dfrbpq_1)            9.495    8.382    1.112 (MET)
_130247_/D (sg13g2_dfrbpq_1)            9.506    8.394    1.112 (MET)
_130834_/D (sg13g2_dfrbpq_1)            9.515    8.403    1.112 (MET)
_130395_/D (sg13g2_dfrbpq_1)            9.465    8.353    1.112 (MET)
_130894_/D (sg13g2_dfrbpq_1)            9.492    8.379    1.113 (MET)
_130234_/D (sg13g2_dfrbpq_1)            9.483    8.370    1.113 (MET)
_131055_/D (sg13g2_dfrbpq_1)            9.536    8.422    1.113 (MET)
_132973_/D (sg13g2_dfrbpq_2)            9.421    8.307    1.114 (MET)
_130781_/D (sg13g2_dfrbpq_1)            9.512    8.397    1.115 (MET)
_133451_/D (sg13g2_dfrbpq_1)            9.601    8.485    1.116 (MET)
_130487_/D (sg13g2_dfrbpq_1)            9.482    8.365    1.116 (MET)
_130748_/D (sg13g2_dfrbpq_1)            9.507    8.390    1.117 (MET)
_130777_/D (sg13g2_dfrbpq_1)            9.502    8.385    1.117 (MET)
_130403_/D (sg13g2_dfrbpq_1)            9.476    8.358    1.118 (MET)
_130780_/D (sg13g2_dfrbpq_1)            9.501    8.383    1.118 (MET)
_130245_/D (sg13g2_dfrbpq_1)            9.505    8.387    1.119 (MET)
_130958_/D (sg13g2_dfrbpq_1)            9.496    8.376    1.119 (MET)
_131109_/D (sg13g2_dfrbpq_1)            9.543    8.424    1.119 (MET)
_133061_/D (sg13g2_dfrbpq_1)            9.592    8.472    1.119 (MET)
_130962_/D (sg13g2_dfrbpq_1)            9.499    8.379    1.120 (MET)
_130957_/D (sg13g2_dfrbpq_1)            9.495    8.374    1.121 (MET)
_130398_/D (sg13g2_dfrbpq_1)            9.472    8.350    1.122 (MET)
_130784_/D (sg13g2_dfrbpq_1)            9.466    8.343    1.123 (MET)
_130749_/D (sg13g2_dfrbpq_1)            9.508    8.385    1.123 (MET)
_130838_/D (sg13g2_dfrbpq_1)            9.460    8.337    1.123 (MET)
_130848_/D (sg13g2_dfrbpq_1)            9.499    8.376    1.123 (MET)
_130397_/D (sg13g2_dfrbpq_1)            9.465    8.342    1.123 (MET)
_130400_/D (sg13g2_dfrbpq_1)            9.476    8.353    1.124 (MET)
_130830_/D (sg13g2_dfrbpq_1)            9.503    8.380    1.124 (MET)
_130414_/D (sg13g2_dfrbpq_1)            9.459    8.334    1.125 (MET)
_130320_/D (sg13g2_dfrbpq_1)            9.485    8.359    1.125 (MET)
_130839_/D (sg13g2_dfrbpq_1)            9.467    8.341    1.125 (MET)
_130420_/D (sg13g2_dfrbpq_1)            9.470    8.345    1.126 (MET)
_130402_/D (sg13g2_dfrbpq_1)            9.497    8.371    1.126 (MET)
_129918_/D (sg13g2_dfrbpq_1)            9.476    8.350    1.126 (MET)
_130833_/D (sg13g2_dfrbpq_1)            9.516    8.389    1.127 (MET)
_131495_/D (sg13g2_dfrbpq_1)            9.604    8.478    1.127 (MET)
_135074_/D (sg13g2_dfrbpq_1)            9.550    8.422    1.127 (MET)
_130960_/D (sg13g2_dfrbpq_1)            9.498    8.370    1.128 (MET)
_130436_/D (sg13g2_dfrbpq_1)            9.500    8.373    1.128 (MET)
_133453_/D (sg13g2_dfrbpq_1)            9.602    8.473    1.129 (MET)
_130956_/D (sg13g2_dfrbpq_1)            9.503    8.372    1.131 (MET)
_130399_/D (sg13g2_dfrbpq_1)            9.473    8.342    1.131 (MET)
_130978_/D (sg13g2_dfrbpq_1)            9.484    8.353    1.131 (MET)
_130783_/D (sg13g2_dfrbpq_1)            9.466    8.334    1.132 (MET)
_130233_/D (sg13g2_dfrbpq_1)            9.483    8.349    1.133 (MET)
_130268_/D (sg13g2_dfrbpq_1)            9.500    8.367    1.133 (MET)
_130778_/D (sg13g2_dfrbpq_1)            9.502    8.368    1.134 (MET)
_130843_/D (sg13g2_dfrbpq_1)            9.490    8.355    1.134 (MET)
_130915_/D (sg13g2_dfrbpq_1)            9.490    8.356    1.134 (MET)
_130976_/D (sg13g2_dfrbpq_1)            9.483    8.348    1.135 (MET)
_130488_/D (sg13g2_dfrbpq_1)            9.505    8.370    1.135 (MET)
_130632_/D (sg13g2_dfrbpq_1)            9.498    8.361    1.136 (MET)
_131489_/D (sg13g2_dfrbpq_1)            9.622    8.485    1.138 (MET)
_130816_/D (sg13g2_dfrbpq_1)            9.487    8.349    1.138 (MET)
_130961_/D (sg13g2_dfrbpq_1)            9.505    8.367    1.138 (MET)
_130786_/D (sg13g2_dfrbpq_1)            9.467    8.328    1.139 (MET)
_130975_/D (sg13g2_dfrbpq_1)            9.484    8.343    1.140 (MET)
_131047_/D (sg13g2_dfrbpq_1)            9.476    8.335    1.141 (MET)
_130419_/D (sg13g2_dfrbpq_1)            9.471    8.330    1.141 (MET)
_130785_/D (sg13g2_dfrbpq_1)            9.466    8.324    1.142 (MET)
_130413_/D (sg13g2_dfrbpq_1)            9.458    8.316    1.142 (MET)
_130891_/D (sg13g2_dfrbpq_1)            9.457    8.313    1.144 (MET)
_130954_/D (sg13g2_dfrbpq_1)            9.494    8.350    1.144 (MET)
_130071_/D (sg13g2_dfrbpq_1)            9.582    8.437    1.144 (MET)
_130647_/D (sg13g2_dfrbpq_1)            9.498    8.353    1.145 (MET)
_130856_/D (sg13g2_dfrbpq_1)            9.473    8.328    1.145 (MET)
_133054_/D (sg13g2_dfrbpq_1)            9.597    8.452    1.145 (MET)
_130664_/D (sg13g2_dfrbpq_1)            9.463    8.318    1.145 (MET)
_130700_/D (sg13g2_dfrbpq_1)            9.500    8.355    1.145 (MET)
_130977_/D (sg13g2_dfrbpq_1)            9.487    8.341    1.147 (MET)
_130321_/D (sg13g2_dfrbpq_1)            9.511    8.365    1.147 (MET)
_130393_/D (sg13g2_dfrbpq_1)            9.486    8.340    1.147 (MET)
_130541_/D (sg13g2_dfrbpq_1)            9.491    8.344    1.147 (MET)
_130955_/D (sg13g2_dfrbpq_1)            9.504    8.356    1.148 (MET)
_130669_/D (sg13g2_dfrbpq_1)            9.475    8.327    1.148 (MET)
_130845_/D (sg13g2_dfrbpq_1)            9.498    8.349    1.149 (MET)
_130646_/D (sg13g2_dfrbpq_1)            9.482    8.331    1.151 (MET)
_130330_/D (sg13g2_dfrbpq_1)            9.499    8.347    1.151 (MET)
_130394_/D (sg13g2_dfrbpq_1)            9.483    8.332    1.151 (MET)
_130849_/D (sg13g2_dfrbpq_1)            9.507    8.355    1.152 (MET)
_130815_/D (sg13g2_dfrbpq_1)            9.491    8.340    1.152 (MET)
_130889_/D (sg13g2_dfrbpq_1)            9.467    8.315    1.152 (MET)
_130953_/D (sg13g2_dfrbpq_1)            9.503    8.351    1.152 (MET)
_130890_/D (sg13g2_dfrbpq_1)            9.471    8.318    1.153 (MET)
_130542_/D (sg13g2_dfrbpq_1)            9.499    8.346    1.153 (MET)
_130329_/D (sg13g2_dfrbpq_1)            9.501    8.347    1.154 (MET)
_130806_/D (sg13g2_dfrbpq_1)            9.521    8.367    1.154 (MET)
_130404_/D (sg13g2_dfrbpq_1)            9.504    8.350    1.154 (MET)
_130401_/D (sg13g2_dfrbpq_1)            9.500    8.346    1.154 (MET)
_130835_/D (sg13g2_dfrbpq_1)            9.465    8.310    1.155 (MET)
_133434_/D (sg13g2_dfrbpq_1)            9.589    8.434    1.155 (MET)
_130392_/D (sg13g2_dfrbpq_1)            9.488    8.332    1.155 (MET)
_130633_/D (sg13g2_dfrbpq_1)            9.488    8.333    1.155 (MET)
_130631_/D (sg13g2_dfrbpq_1)            9.498    8.343    1.155 (MET)
_131488_/D (sg13g2_dfrbpq_1)            9.639    8.484    1.155 (MET)
_131008_/D (sg13g2_dfrbpq_1)            9.486    8.330    1.156 (MET)
_133421_/D (sg13g2_dfrbpq_1)            9.584    8.428    1.156 (MET)
_133426_/D (sg13g2_dfrbpq_1)            9.589    8.432    1.157 (MET)
_130262_/D (sg13g2_dfrbpq_1)            9.496    8.339    1.157 (MET)
_130666_/D (sg13g2_dfrbpq_1)            9.475    8.317    1.158 (MET)
_130264_/D (sg13g2_dfrbpq_1)            9.499    8.342    1.158 (MET)
_130859_/D (sg13g2_dfrbpq_1)            9.520    8.362    1.158 (MET)
_131491_/D (sg13g2_dfrbpq_1)            9.639    8.480    1.159 (MET)
_130435_/D (sg13g2_dfrbpq_1)            9.500    8.341    1.159 (MET)
_130266_/D (sg13g2_dfrbpq_1)            9.488    8.329    1.159 (MET)
_130267_/D (sg13g2_dfrbpq_1)            9.489    8.330    1.159 (MET)
_130412_/D (sg13g2_dfrbpq_1)            9.463    8.303    1.160 (MET)
_130768_/D (sg13g2_dfrbpq_1)            9.466    8.305    1.161 (MET)
_131004_/D (sg13g2_dfrbpq_1)            9.495    8.334    1.161 (MET)
_131490_/D (sg13g2_dfrbpq_1)            9.640    8.479    1.162 (MET)
_130636_/D (sg13g2_dfrbpq_1)            9.503    8.341    1.162 (MET)
_130912_/D (sg13g2_dfrbpq_1)            9.522    8.360    1.162 (MET)
_131496_/D (sg13g2_dfrbpq_1)            9.640    8.477    1.164 (MET)
_130416_/D (sg13g2_dfrbpq_1)            9.471    8.307    1.164 (MET)
_133440_/D (sg13g2_dfrbpq_1)            9.596    8.431    1.165 (MET)
_130637_/D (sg13g2_dfrbpq_1)            9.494    8.329    1.165 (MET)
_130263_/D (sg13g2_dfrbpq_1)            9.496    8.331    1.165 (MET)
_130501_/D (sg13g2_dfrbpq_1)            9.463    8.298    1.166 (MET)
_130846_/D (sg13g2_dfrbpq_1)            9.507    8.341    1.166 (MET)
_130634_/D (sg13g2_dfrbpq_1)            9.497    8.331    1.166 (MET)
_130276_/D (sg13g2_dfrbpq_1)            9.499    8.333    1.166 (MET)
_130844_/D (sg13g2_dfrbpq_1)            9.488    8.322    1.166 (MET)
_130265_/D (sg13g2_dfrbpq_1)            9.494    8.327    1.168 (MET)
_130261_/D (sg13g2_dfrbpq_1)            9.491    8.323    1.168 (MET)
_130663_/D (sg13g2_dfrbpq_1)            9.467    8.299    1.168 (MET)
_130920_/D (sg13g2_dfrbpq_1)            9.490    8.322    1.169 (MET)
_131005_/D (sg13g2_dfrbpq_1)            9.495    8.325    1.170 (MET)
_130667_/D (sg13g2_dfrbpq_1)            9.476    8.305    1.170 (MET)
_130764_/D (sg13g2_dfrbpq_1)            9.483    8.312    1.171 (MET)
_130892_/D (sg13g2_dfrbpq_1)            9.462    8.291    1.171 (MET)
_130645_/D (sg13g2_dfrbpq_1)            9.505    8.333    1.171 (MET)
_130434_/D (sg13g2_dfrbpq_1)            9.481    8.310    1.171 (MET)
_130415_/D (sg13g2_dfrbpq_1)            9.462    8.291    1.171 (MET)
_130635_/D (sg13g2_dfrbpq_1)            9.495    8.323    1.172 (MET)
_130532_/D (sg13g2_dfrbpq_1)            9.490    8.319    1.172 (MET)
_130433_/D (sg13g2_dfrbpq_1)            9.481    8.310    1.172 (MET)
_130847_/D (sg13g2_dfrbpq_1)            9.500    8.328    1.172 (MET)
_133423_/D (sg13g2_dfrbpq_1)            9.584    8.411    1.173 (MET)
_134002_/D (sg13g2_dfrbpq_1)            9.519    8.346    1.173 (MET)
_130665_/D (sg13g2_dfrbpq_1)            9.477    8.304    1.173 (MET)
_131013_/D (sg13g2_dfrbpq_1)            9.485    8.312    1.173 (MET)
_130668_/D (sg13g2_dfrbpq_1)            9.475    8.301    1.173 (MET)
_130914_/D (sg13g2_dfrbpq_1)            9.490    8.316    1.173 (MET)
_131006_/D (sg13g2_dfrbpq_1)            9.492    8.319    1.174 (MET)
_130857_/D (sg13g2_dfrbpq_1)            9.505    8.331    1.174 (MET)
_130767_/D (sg13g2_dfrbpq_1)            9.467    8.292    1.175 (MET)
_131097_/D (sg13g2_dfrbpq_1)            9.549    8.372    1.177 (MET)
_133429_/D (sg13g2_dfrbpq_1)            9.585    8.408    1.177 (MET)
_130277_/D (sg13g2_dfrbpq_1)            9.500    8.322    1.177 (MET)
_133428_/D (sg13g2_dfrbpq_1)            9.588    8.410    1.178 (MET)
_131007_/D (sg13g2_dfrbpq_1)            9.492    8.313    1.179 (MET)
_130919_/D (sg13g2_dfrbpq_1)            9.497    8.317    1.180 (MET)
_130917_/D (sg13g2_dfrbpq_1)            9.492    8.312    1.180 (MET)
_130270_/D (sg13g2_dfrbpq_1)            9.501    8.320    1.181 (MET)
_130418_/D (sg13g2_dfrbpq_1)            9.475    8.294    1.181 (MET)
_133446_/D (sg13g2_dfrbpq_1)            9.599    8.418    1.181 (MET)
_130858_/D (sg13g2_dfrbpq_1)            9.504    8.322    1.181 (MET)
_130766_/D (sg13g2_dfrbpq_1)            9.467    8.285    1.182 (MET)
_133441_/D (sg13g2_dfrbpq_1)            9.598    8.415    1.183 (MET)
_130641_/D (sg13g2_dfrbpq_1)            9.501    8.317    1.184 (MET)
_130916_/D (sg13g2_dfrbpq_1)            9.498    8.314    1.184 (MET)
_130640_/D (sg13g2_dfrbpq_1)            9.495    8.309    1.186 (MET)
_130642_/D (sg13g2_dfrbpq_1)            9.498    8.312    1.186 (MET)
_133443_/D (sg13g2_dfrbpq_1)            9.600    8.414    1.186 (MET)
_130854_/D (sg13g2_dfrbpq_1)            9.503    8.317    1.186 (MET)
_130692_/D (sg13g2_dfrbpq_1)            9.502    8.315    1.187 (MET)
_130539_/D (sg13g2_dfrbpq_1)            9.490    8.303    1.187 (MET)
_130853_/D (sg13g2_dfrbpq_1)            9.501    8.314    1.188 (MET)
_130852_/D (sg13g2_dfrbpq_1)            9.507    8.319    1.188 (MET)
_131015_/D (sg13g2_dfrbpq_1)            9.485    8.297    1.188 (MET)
_130918_/D (sg13g2_dfrbpq_1)            9.498    8.309    1.189 (MET)
_130417_/D (sg13g2_dfrbpq_1)            9.475    8.286    1.189 (MET)
_130850_/D (sg13g2_dfrbpq_1)            9.505    8.316    1.189 (MET)
_130851_/D (sg13g2_dfrbpq_1)            9.496    8.307    1.189 (MET)
_130503_/D (sg13g2_dfrbpq_1)            9.484    8.295    1.190 (MET)
_131018_/D (sg13g2_dfrbpq_1)            9.481    8.290    1.191 (MET)
_131014_/D (sg13g2_dfrbpq_1)            9.485    8.293    1.192 (MET)
_130328_/D (sg13g2_dfrbpq_1)            9.497    8.305    1.192 (MET)
_133431_/D (sg13g2_dfrbpq_1)            9.603    8.411    1.192 (MET)
_130904_/D (sg13g2_dfrbpq_1)            9.496    8.303    1.193 (MET)
_130531_/D (sg13g2_dfrbpq_1)            9.486    8.294    1.193 (MET)
_130643_/D (sg13g2_dfrbpq_1)            9.504    8.312    1.193 (MET)
_131019_/D (sg13g2_dfrbpq_1)            9.485    8.292    1.193 (MET)
_133432_/D (sg13g2_dfrbpq_1)            9.604    8.410    1.194 (MET)
_133055_/D (sg13g2_dfrbpq_1)            9.627    8.432    1.194 (MET)
_130639_/D (sg13g2_dfrbpq_1)            9.497    8.303    1.194 (MET)
_130798_/D (sg13g2_dfrbpq_1)            9.497    8.302    1.195 (MET)
_130644_/D (sg13g2_dfrbpq_1)            9.505    8.310    1.195 (MET)
_130540_/D (sg13g2_dfrbpq_1)            9.490    8.295    1.195 (MET)
_131112_/D (sg13g2_dfrbpq_1)            9.510    8.314    1.196 (MET)
_130763_/D (sg13g2_dfrbpq_1)            9.487    8.291    1.196 (MET)
_131012_/D (sg13g2_dfrbpq_1)            9.483    8.287    1.196 (MET)
_130272_/D (sg13g2_dfrbpq_1)            9.504    8.308    1.196 (MET)
_130638_/D (sg13g2_dfrbpq_1)            9.497    8.300    1.196 (MET)
_131017_/D (sg13g2_dfrbpq_1)            9.480    8.283    1.197 (MET)
_131016_/D (sg13g2_dfrbpq_1)            9.480    8.282    1.198 (MET)
_130683_/D (sg13g2_dfrbpq_1)            9.494    8.296    1.198 (MET)
_131009_/D (sg13g2_dfrbpq_1)            9.489    8.291    1.198 (MET)
_130499_/D (sg13g2_dfrbpq_1)            9.483    8.285    1.198 (MET)
_135022_/D (sg13g2_dfrbpq_1)            9.557    8.358    1.199 (MET)
_130765_/D (sg13g2_dfrbpq_1)            9.483    8.283    1.201 (MET)
_133060_/D (sg13g2_dfrbpq_1)            9.611    8.410    1.201 (MET)
_130327_/D (sg13g2_dfrbpq_1)            9.496    8.295    1.202 (MET)
_130855_/D (sg13g2_dfrbpq_1)            9.499    8.295    1.204 (MET)
_130304_/D (sg13g2_dfrbpq_1)            9.532    8.327    1.205 (MET)
_131002_/D (sg13g2_dfrbpq_1)            9.537    8.331    1.206 (MET)
_130682_/D (sg13g2_dfrbpq_1)            9.493    8.287    1.206 (MET)
_130678_/D (sg13g2_dfrbpq_1)            9.457    8.250    1.206 (MET)
_130699_/D (sg13g2_dfrbpq_1)            9.497    8.290    1.207 (MET)
_133260_/D (sg13g2_dfrbpq_1)            9.529    8.321    1.207 (MET)
_130502_/D (sg13g2_dfrbpq_1)            9.486    8.277    1.209 (MET)
_130319_/D (sg13g2_dfrbpq_1)            9.488    8.279    1.209 (MET)
_133256_/D (sg13g2_dfrbpq_1)            9.511    8.302    1.209 (MET)
_130273_/D (sg13g2_dfrbpq_1)            9.507    8.297    1.210 (MET)
_134801_/D (sg13g2_dfrbpq_1)            9.531    8.320    1.210 (MET)
_133255_/D (sg13g2_dfrbpq_1)            9.530    8.320    1.210 (MET)
_131098_/D (sg13g2_dfrbpq_1)            9.586    8.373    1.212 (MET)
_130274_/D (sg13g2_dfrbpq_1)            9.482    8.270    1.213 (MET)
_130528_/D (sg13g2_dfrbpq_1)            9.491    8.278    1.213 (MET)
_130498_/D (sg13g2_dfrbpq_1)            9.488    8.274    1.214 (MET)
_130804_/D (sg13g2_dfrbpq_1)            9.487    8.273    1.214 (MET)
_130271_/D (sg13g2_dfrbpq_1)            9.507    8.292    1.215 (MET)
_133435_/D (sg13g2_dfrbpq_1)            9.590    8.375    1.215 (MET)
_135140_/D (sg13g2_dfrbpq_1)            9.520    8.304    1.216 (MET)
_130529_/D (sg13g2_dfrbpq_1)            9.495    8.278    1.217 (MET)
_131011_/D (sg13g2_dfrbpq_1)            9.512    8.295    1.217 (MET)
_133259_/D (sg13g2_dfrbpq_1)            9.530    8.312    1.217 (MET)
_130536_/D (sg13g2_dfrbpq_1)            9.482    8.264    1.217 (MET)
_130693_/D (sg13g2_dfrbpq_1)            9.492    8.275    1.218 (MET)
_130799_/D (sg13g2_dfrbpq_1)            9.506    8.288    1.218 (MET)
_130500_/D (sg13g2_dfrbpq_1)            9.488    8.269    1.218 (MET)
_131010_/D (sg13g2_dfrbpq_1)            9.511    8.291    1.220 (MET)
_130805_/D (sg13g2_dfrbpq_1)            9.521    8.300    1.221 (MET)
_130530_/D (sg13g2_dfrbpq_1)            9.488    8.264    1.225 (MET)
_130905_/D (sg13g2_dfrbpq_1)            9.506    8.280    1.226 (MET)
_131003_/D (sg13g2_dfrbpq_1)            9.479    8.252    1.227 (MET)
_133254_/D (sg13g2_dfrbpq_1)            9.530    8.303    1.227 (MET)
_130670_/D (sg13g2_dfrbpq_1)            9.479    8.251    1.227 (MET)
_134047_/D (sg13g2_dfrbpq_1)            9.463    8.235    1.227 (MET)
_133196_/D (sg13g2_dfrbpq_1)            9.533    8.305    1.228 (MET)
_133437_/D (sg13g2_dfrbpq_1)            9.586    8.358    1.228 (MET)
_130795_/D (sg13g2_dfrbpq_1)            9.507    8.277    1.230 (MET)
_130679_/D (sg13g2_dfrbpq_1)            9.463    8.231    1.233 (MET)
_130911_/D (sg13g2_dfrbpq_1)            9.520    8.287    1.233 (MET)
_130535_/D (sg13g2_dfrbpq_1)            9.485    8.251    1.234 (MET)
_130538_/D (sg13g2_dfrbpq_1)            9.485    8.251    1.234 (MET)
_133218_/D (sg13g2_dfrbpq_1)            9.530    8.295    1.235 (MET)
_130275_/D (sg13g2_dfrbpq_1)            9.483    8.247    1.236 (MET)
_130680_/D (sg13g2_dfrbpq_1)            9.459    8.222    1.237 (MET)
_130901_/D (sg13g2_dfrbpq_1)            9.502    8.265    1.237 (MET)
_130537_/D (sg13g2_dfrbpq_1)            9.487    8.250    1.237 (MET)
_130302_/D (sg13g2_dfrbpq_1)            9.491    8.253    1.238 (MET)
_130299_/D (sg13g2_dfrbpq_1)            9.491    8.253    1.238 (MET)
_130672_/D (sg13g2_dfrbpq_1)            9.502    8.261    1.241 (MET)
_133697_/D (sg13g2_dfrbpq_1)            9.498    8.256    1.242 (MET)
_133698_/D (sg13g2_dfrbpq_1)            9.502    8.260    1.243 (MET)
_130698_/D (sg13g2_dfrbpq_1)            9.503    8.259    1.244 (MET)
_133701_/D (sg13g2_dfrbpq_1)            9.502    8.257    1.244 (MET)
_130318_/D (sg13g2_dfrbpq_1)            9.487    8.242    1.245 (MET)
_133250_/D (sg13g2_dfrbpq_1)            9.539    8.291    1.247 (MET)
_130689_/D (sg13g2_dfrbpq_1)            9.494    8.246    1.249 (MET)
_130903_/D (sg13g2_dfrbpq_1)            9.499    8.249    1.250 (MET)
_130675_/D (sg13g2_dfrbpq_1)            9.532    8.282    1.251 (MET)
_133252_/D (sg13g2_dfrbpq_1)            9.543    8.291    1.252 (MET)
_133702_/D (sg13g2_dfrbpq_1)            9.507    8.255    1.252 (MET)
_131134_/D (sg13g2_dfrbpq_1)            9.549    8.297    1.252 (MET)
_130301_/D (sg13g2_dfrbpq_1)            9.504    8.252    1.252 (MET)
_131106_/D (sg13g2_dfrbpq_1)            9.573    8.320    1.253 (MET)
_130887_/D (sg13g2_dfrbpq_1)            9.531    8.278    1.254 (MET)
_130910_/D (sg13g2_dfrbpq_1)            9.524    8.268    1.256 (MET)
_133219_/D (sg13g2_dfrbpq_1)            9.557    8.301    1.256 (MET)
_133029_/D (sg13g2_dfrbpq_1)            9.588    8.331    1.257 (MET)
_130792_/D (sg13g2_dfrbpq_1)            9.482    8.224    1.258 (MET)
_130684_/D (sg13g2_dfrbpq_1)            9.516    8.257    1.258 (MET)
_133216_/D (sg13g2_dfrbpq_1)            9.563    8.304    1.258 (MET)
_130677_/D (sg13g2_dfrbpq_1)            9.463    8.204    1.258 (MET)
_131139_/D (sg13g2_dfrbpq_1)            9.518    8.259    1.259 (MET)
_133220_/D (sg13g2_dfrbpq_1)            9.559    8.299    1.259 (MET)
_130691_/D (sg13g2_dfrbpq_1)            9.495    8.236    1.259 (MET)
_131105_/D (sg13g2_dfrbpq_1)            9.597    8.337    1.260 (MET)
_130881_/D (sg13g2_dfrbpq_1)            9.471    8.209    1.262 (MET)
_130671_/D (sg13g2_dfrbpq_1)            9.502    8.240    1.262 (MET)
_130661_/D (sg13g2_dfrbpq_1)            9.475    8.212    1.263 (MET)
_133221_/D (sg13g2_dfrbpq_1)            9.561    8.298    1.263 (MET)
_130802_/D (sg13g2_dfrbpq_1)            9.502    8.239    1.263 (MET)
_133700_/D (sg13g2_dfrbpq_1)            9.516    8.252    1.264 (MET)
_130300_/D (sg13g2_dfrbpq_1)            9.506    8.240    1.266 (MET)
_130880_/D (sg13g2_dfrbpq_1)            9.470    8.204    1.266 (MET)
_133217_/D (sg13g2_dfrbpq_1)            9.558    8.292    1.266 (MET)
_133420_/D (sg13g2_dfrbpq_1)            9.584    8.318    1.266 (MET)
_130801_/D (sg13g2_dfrbpq_1)            9.503    8.236    1.267 (MET)
_133693_/D (sg13g2_dfrbpq_1)            9.519    8.252    1.267 (MET)
_130305_/D (sg13g2_dfrbpq_1)            9.496    8.228    1.268 (MET)
_130875_/D (sg13g2_dfrbpq_1)            9.458    8.189    1.269 (MET)
_130303_/D (sg13g2_dfrbpq_1)            9.514    8.245    1.269 (MET)
_133694_/D (sg13g2_dfrbpq_1)            9.520    8.249    1.271 (MET)
_130674_/D (sg13g2_dfrbpq_1)            9.516    8.244    1.272 (MET)
_130803_/D (sg13g2_dfrbpq_1)            9.503    8.231    1.272 (MET)
_130676_/D (sg13g2_dfrbpq_1)            9.506    8.233    1.273 (MET)
_133425_/D (sg13g2_dfrbpq_1)            9.587    8.313    1.273 (MET)
_130793_/D (sg13g2_dfrbpq_1)            9.482    8.207    1.275 (MET)
_130662_/D (sg13g2_dfrbpq_1)            9.478    8.203    1.275 (MET)
_130794_/D (sg13g2_dfrbpq_1)            9.500    8.225    1.275 (MET)
_134910_/D (sg13g2_dfrbpq_1)            9.498    8.222    1.276 (MET)
_133430_/D (sg13g2_dfrbpq_1)            9.584    8.308    1.276 (MET)
_130876_/D (sg13g2_dfrbpq_1)            9.464    8.187    1.278 (MET)
_132892_/D (sg13g2_dfrbpq_1)            9.494    8.216    1.278 (MET)
_130317_/D (sg13g2_dfrbpq_1)            9.492    8.213    1.278 (MET)
_130790_/D (sg13g2_dfrbpq_1)            9.482    8.203    1.279 (MET)
_130673_/D (sg13g2_dfrbpq_1)            9.510    8.231    1.280 (MET)
_130525_/D (sg13g2_dfrbpq_1)            9.478    8.199    1.280 (MET)
_133424_/D (sg13g2_dfrbpq_1)            9.584    8.303    1.280 (MET)
_132972_/D (sg13g2_dfrbpq_2)            9.487    8.206    1.281 (MET)
_130797_/D (sg13g2_dfrbpq_1)            9.506    8.223    1.283 (MET)
_130877_/D (sg13g2_dfrbpq_1)            9.471    8.188    1.283 (MET)
_130292_/D (sg13g2_dfrbpq_1)            9.475    8.192    1.283 (MET)
_130686_/D (sg13g2_dfrbpq_1)            9.514    8.229    1.284 (MET)
_130681_/D (sg13g2_dfrbpq_1)            9.478    8.193    1.285 (MET)
_133043_/D (sg13g2_dfrbpq_1)            9.608    8.323    1.285 (MET)
_130800_/D (sg13g2_dfrbpq_1)            9.503    8.217    1.286 (MET)
_133427_/D (sg13g2_dfrbpq_1)            9.588    8.302    1.286 (MET)
_130685_/D (sg13g2_dfrbpq_1)            9.515    8.228    1.287 (MET)
_130660_/D (sg13g2_dfrbpq_1)            9.482    8.193    1.289 (MET)
_130879_/D (sg13g2_dfrbpq_1)            9.478    8.188    1.290 (MET)
_130878_/D (sg13g2_dfrbpq_1)            9.477    8.185    1.292 (MET)
_130690_/D (sg13g2_dfrbpq_1)            9.492    8.199    1.293 (MET)
_130687_/D (sg13g2_dfrbpq_1)            9.514    8.219    1.295 (MET)
_135023_/D (sg13g2_dfrbpq_1)            9.580    8.282    1.298 (MET)
_134914_/D (sg13g2_dfrbpq_1)            9.515    8.217    1.298 (MET)
_131129_/D (sg13g2_dfrbpq_1)            9.540    8.239    1.300 (MET)
_130796_/D (sg13g2_dfrbpq_1)            9.507    8.206    1.301 (MET)
_130527_/D (sg13g2_dfrbpq_1)            9.479    8.177    1.302 (MET)
_130791_/D (sg13g2_dfrbpq_1)            9.489    8.186    1.302 (MET)
_130902_/D (sg13g2_dfrbpq_1)            9.502    8.198    1.304 (MET)
_130526_/D (sg13g2_dfrbpq_1)            9.478    8.174    1.304 (MET)
_130295_/D (sg13g2_dfrbpq_1)            9.498    8.191    1.306 (MET)
_134741_/D (sg13g2_dfrbpq_1)            9.653    8.346    1.307 (MET)
_130293_/D (sg13g2_dfrbpq_1)            9.498    8.189    1.309 (MET)
_131099_/D (sg13g2_dfrbpq_1)            9.570    8.262    1.309 (MET)
_134042_/D (sg13g2_dfrbpq_1)            9.480    8.169    1.311 (MET)
_131107_/D (sg13g2_dfrbpq_1)            9.594    8.282    1.312 (MET)
_131089_/D (sg13g2_dfrbpq_1)            9.617    8.301    1.316 (MET)
_130294_/D (sg13g2_dfrbpq_1)            9.499    8.184    1.316 (MET)
_131465_/D (sg13g2_dfrbpq_1)            9.636    8.314    1.321 (MET)
_130298_/D (sg13g2_dfrbpq_1)            9.502    8.179    1.323 (MET)
_131486_/D (sg13g2_dfrbpq_1)            9.625    8.303    1.323 (MET)
_130297_/D (sg13g2_dfrbpq_1)            9.502    8.178    1.324 (MET)
_131110_/D (sg13g2_dfrbpq_1)            9.527    8.203    1.324 (MET)
_133058_/D (sg13g2_dfrbpq_1)            9.611    8.287    1.324 (MET)
_133049_/D (sg13g2_dfrbpq_1)            9.600    8.275    1.326 (MET)
_132936_/D (sg13g2_dfrbpq_1)            9.508    8.182    1.327 (MET)
_130296_/D (sg13g2_dfrbpq_1)            9.507    8.178    1.329 (MET)
_132935_/D (sg13g2_dfrbpq_1)            9.505    8.172    1.333 (MET)
_131103_/D (sg13g2_dfrbpq_1)            9.593    8.259    1.335 (MET)
_131108_/D (sg13g2_dfrbpq_1)            9.595    8.260    1.335 (MET)
_132934_/D (sg13g2_dfrbpq_1)            9.509    8.175    1.335 (MET)
_130312_/D (sg13g2_dfrbpq_1)            9.499    8.163    1.336 (MET)
_131140_/D (sg13g2_dfrbpq_1)            9.528    8.192    1.336 (MET)
_133042_/D (sg13g2_dfrbpq_1)            9.609    8.272    1.337 (MET)
_131487_/D (sg13g2_dfrbpq_1)            9.625    8.288    1.337 (MET)
_131479_/D (sg13g2_dfrbpq_1)            9.631    8.292    1.339 (MET)
_129917_/D (sg13g2_dfrbpq_1)            9.494    8.154    1.340 (MET)
_130909_/D (sg13g2_dfrbpq_1)            9.490    8.147    1.343 (MET)
_131481_/D (sg13g2_dfrbpq_1)            9.626    8.282    1.344 (MET)
_130688_/D (sg13g2_dfrbpq_1)            9.496    8.150    1.346 (MET)
_131492_/D (sg13g2_dfrbpq_1)            9.639    8.291    1.348 (MET)
_131485_/D (sg13g2_dfrbpq_1)            9.627    8.278    1.348 (MET)
_131469_/D (sg13g2_dfrbpq_1)            9.638    8.290    1.349 (MET)
_131483_/D (sg13g2_dfrbpq_1)            9.625    8.276    1.350 (MET)
_131484_/D (sg13g2_dfrbpq_1)            9.625    8.274    1.350 (MET)
_130306_/D (sg13g2_dfrbpq_1)            9.587    8.236    1.351 (MET)
_131461_/D (sg13g2_dfrbpq_1)            9.676    8.324    1.352 (MET)
_131100_/D (sg13g2_dfrbpq_1)            9.604    8.251    1.353 (MET)
_134825_/D (sg13g2_dfrbpq_1)            9.587    8.233    1.354 (MET)
_129971_/D (sg13g2_dfrbpq_1)            9.548    8.194    1.354 (MET)
_131482_/D (sg13g2_dfrbpq_1)            9.625    8.270    1.355 (MET)
_131471_/D (sg13g2_dfrbpq_1)            9.637    8.281    1.356 (MET)
_131463_/D (sg13g2_dfrbpq_1)            9.664    8.307    1.357 (MET)
_130324_/D (sg13g2_dfrbpq_1)            9.485    8.127    1.357 (MET)
_129972_/D (sg13g2_dfrbpq_1)            9.559    8.202    1.358 (MET)
_130315_/D (sg13g2_dfrbpq_1)            9.518    8.160    1.358 (MET)
_131475_/D (sg13g2_dfrbpq_1)            9.640    8.281    1.358 (MET)
_131464_/D (sg13g2_dfrbpq_1)            9.664    8.305    1.359 (MET)
_131460_/D (sg13g2_dfrbpq_1)            9.669    8.308    1.360 (MET)
_133064_/D (sg13g2_dfrbpq_1)            9.624    8.263    1.361 (MET)
_131466_/D (sg13g2_dfrbpq_1)            9.663    8.303    1.361 (MET)
_133059_/D (sg13g2_dfrbpq_1)            9.610    8.249    1.362 (MET)
_131480_/D (sg13g2_dfrbpq_1)            9.631    8.268    1.363 (MET)
_130316_/D (sg13g2_dfrbpq_1)            9.519    8.155    1.364 (MET)
_131478_/D (sg13g2_dfrbpq_1)            9.631    8.267    1.364 (MET)
_131477_/D (sg13g2_dfrbpq_1)            9.631    8.267    1.364 (MET)
_130900_/D (sg13g2_dfrbpq_1)            9.503    8.138    1.365 (MET)
_131468_/D (sg13g2_dfrbpq_1)            9.636    8.271    1.365 (MET)
_135017_/D (sg13g2_dfrbpq_1)            9.590    8.225    1.365 (MET)
_131473_/D (sg13g2_dfrbpq_1)            9.638    8.271    1.366 (MET)
_131135_/D (sg13g2_dfrbpq_1)            9.557    8.191    1.367 (MET)
_130886_/D (sg13g2_dfrbpq_1)            9.501    8.133    1.368 (MET)
_133522_/D (sg13g2_dfrbpq_1)            9.568    8.199    1.369 (MET)
_131476_/D (sg13g2_dfrbpq_1)            9.631    8.261    1.370 (MET)
_130323_/D (sg13g2_dfrbpq_1)            9.479    8.108    1.370 (MET)
_135084_/D (sg13g2_dfrbpq_1)            9.573    8.202    1.370 (MET)
_131101_/D (sg13g2_dfrbpq_1)            9.605    8.234    1.371 (MET)
_130289_/D (sg13g2_dfrbpq_1)            9.480    8.108    1.372 (MET)
_130897_/D (sg13g2_dfrbpq_1)            9.507    8.134    1.373 (MET)
_131474_/D (sg13g2_dfrbpq_1)            9.639    8.266    1.373 (MET)
_130896_/D (sg13g2_dfrbpq_1)            9.507    8.134    1.373 (MET)
_130326_/D (sg13g2_dfrbpq_1)            9.485    8.111    1.373 (MET)
_130695_/D (sg13g2_dfrbpq_1)            9.501    8.128    1.373 (MET)
_133025_/D (sg13g2_dfrbpq_1)            9.588    8.214    1.374 (MET)
_131462_/D (sg13g2_dfrbpq_1)            9.682    8.308    1.375 (MET)
_130872_/D (sg13g2_dfrbpq_1)            9.473    8.098    1.376 (MET)
_135018_/D (sg13g2_dfrbpq_1)            9.545    8.169    1.376 (MET)
_130338_/D (sg13g2_dfrbpq_1)            9.491    8.115    1.376 (MET)
_130874_/D (sg13g2_dfrbpq_1)            9.480    8.104    1.377 (MET)
_131470_/D (sg13g2_dfrbpq_1)            9.638    8.261    1.377 (MET)
_130873_/D (sg13g2_dfrbpq_1)            9.482    8.103    1.379 (MET)
_131472_/D (sg13g2_dfrbpq_1)            9.638    8.259    1.380 (MET)
_133004_/D (sg13g2_dfrbpq_1)            9.608    8.228    1.380 (MET)
_131102_/D (sg13g2_dfrbpq_1)            9.594    8.212    1.382 (MET)
_133019_/D (sg13g2_dfrbpq_1)            9.588    8.206    1.382 (MET)
_130899_/D (sg13g2_dfrbpq_1)            9.489    8.107    1.383 (MET)
_130907_/D (sg13g2_dfrbpq_1)            9.504    8.121    1.383 (MET)
_130882_/D (sg13g2_dfrbpq_1)            9.478    8.095    1.383 (MET)
_130694_/D (sg13g2_dfrbpq_1)            9.496    8.111    1.384 (MET)
_130709_/D (sg13g2_dfrbpq_1)            9.492    8.107    1.385 (MET)
_133037_/D (sg13g2_dfrbpq_1)            9.585    8.199    1.386 (MET)
_133036_/D (sg13g2_dfrbpq_1)            9.585    8.198    1.387 (MET)
_131127_/D (sg13g2_dfrbpq_1)            9.570    8.179    1.391 (MET)
_133050_/D (sg13g2_dfrbpq_1)            9.579    8.188    1.391 (MET)
_130697_/D (sg13g2_dfrbpq_1)            9.522    8.130    1.392 (MET)
_130325_/D (sg13g2_dfrbpq_1)            9.485    8.093    1.392 (MET)
_130885_/D (sg13g2_dfrbpq_1)            9.516    8.122    1.394 (MET)
_130311_/D (sg13g2_dfrbpq_1)            9.475    8.080    1.395 (MET)
_130906_/D (sg13g2_dfrbpq_1)            9.496    8.101    1.395 (MET)
_129947_/D (sg13g2_dfrbpq_1)            9.580    8.184    1.396 (MET)
_131120_/D (sg13g2_dfrbpq_1)            9.606    8.207    1.399 (MET)
_130308_/D (sg13g2_dfrbpq_1)            9.474    8.075    1.399 (MET)
_130290_/D (sg13g2_dfrbpq_1)            9.466    8.066    1.400 (MET)
_131144_/D (sg13g2_dfrbpq_1)            9.540    8.140    1.400 (MET)
_130884_/D (sg13g2_dfrbpq_1)            9.503    8.102    1.401 (MET)
_133063_/D (sg13g2_dfrbpq_1)            9.624    8.221    1.403 (MET)
_130898_/D (sg13g2_dfrbpq_1)            9.521    8.117    1.404 (MET)
_133065_/D (sg13g2_dfrbpq_1)            9.627    8.222    1.405 (MET)
_131125_/D (sg13g2_dfrbpq_1)            9.592    8.188    1.405 (MET)
_130307_/D (sg13g2_dfrbpq_1)            9.480    8.075    1.405 (MET)
_131467_/D (sg13g2_dfrbpq_1)            9.664    8.259    1.405 (MET)
_130657_/D (sg13g2_dfrbpq_1)            9.504    8.099    1.406 (MET)
_130883_/D (sg13g2_dfrbpq_1)            9.503    8.097    1.406 (MET)
_133438_/D (sg13g2_dfrbpq_1)            9.603    8.196    1.407 (MET)
_131136_/D (sg13g2_dfrbpq_1)            9.556    8.147    1.409 (MET)
_130310_/D (sg13g2_dfrbpq_1)            9.475    8.066    1.409 (MET)
_131104_/D (sg13g2_dfrbpq_1)            9.557    8.147    1.410 (MET)
_130309_/D (sg13g2_dfrbpq_1)            9.475    8.065    1.411 (MET)
_130658_/D (sg13g2_dfrbpq_1)            9.504    8.091    1.412 (MET)
_130696_/D (sg13g2_dfrbpq_1)            9.507    8.093    1.414 (MET)
_135141_/D (sg13g2_dfrbpq_1)            9.524    8.110    1.414 (MET)
_130291_/D (sg13g2_dfrbpq_1)            9.490    8.075    1.416 (MET)
_133452_/D (sg13g2_dfrbpq_1)            9.601    8.185    1.417 (MET)
_133449_/D (sg13g2_dfrbpq_1)            9.601    8.184    1.418 (MET)
_133051_/D (sg13g2_dfrbpq_1)            9.578    8.159    1.418 (MET)
_130659_/D (sg13g2_dfrbpq_1)            9.500    8.081    1.419 (MET)
_130908_/D (sg13g2_dfrbpq_1)            9.497    8.074    1.422 (MET)
_130288_/D (sg13g2_dfrbpq_1)            9.486    8.061    1.426 (MET)
_130314_/D (sg13g2_dfrbpq_1)            9.499    8.070    1.429 (MET)
_131082_/D (sg13g2_dfrbpq_1)            9.575    8.144    1.431 (MET)
_130286_/D (sg13g2_dfrbpq_1)            9.483    8.051    1.432 (MET)
_130313_/D (sg13g2_dfrbpq_1)            9.500    8.066    1.433 (MET)
_131118_/D (sg13g2_dfrbpq_1)            9.573    8.135    1.438 (MET)
_130287_/D (sg13g2_dfrbpq_1)            9.487    8.049    1.439 (MET)
_135041_/D (sg13g2_dfrbpq_1)            9.582    8.141    1.440 (MET)
_133640_/D (sg13g2_dfrbpq_1)            9.532    8.089    1.443 (MET)
_135139_/D (sg13g2_dfrbpq_1)            9.539    8.094    1.445 (MET)
_133638_/D (sg13g2_dfrbpq_1)            9.534    8.089    1.445 (MET)
_132940_/D (sg13g2_dfrbpq_1)            9.597    8.152    1.446 (MET)
_132941_/D (sg13g2_dfrbpq_1)            9.596    8.150    1.446 (MET)
_131122_/D (sg13g2_dfrbpq_1)            9.587    8.138    1.448 (MET)
_133637_/D (sg13g2_dfrbpq_1)            9.535    8.086    1.449 (MET)
_133865_/D (sg13g2_dfrbpq_1)            9.532    8.082    1.450 (MET)
_133353_/D (sg13g2_dfrbpq_1)            9.522    8.071    1.452 (MET)
_130888_/D (sg13g2_dfrbpq_1)            9.465    8.012    1.453 (MET)
_131137_/D (sg13g2_dfrbpq_1)            9.529    8.075    1.454 (MET)
_133639_/D (sg13g2_dfrbpq_1)            9.536    8.082    1.454 (MET)
_133705_/D (sg13g2_dfrbpq_1)            9.507    8.052    1.455 (MET)
_133350_/D (sg13g2_dfrbpq_1)            9.523    8.066    1.457 (MET)
_133704_/D (sg13g2_dfrbpq_1)            9.507    8.049    1.458 (MET)
_131138_/D (sg13g2_dfrbpq_1)            9.556    8.096    1.459 (MET)
_133641_/D (sg13g2_dfrbpq_1)            9.556    8.096    1.460 (MET)
_130921_/D (sg13g2_dfrbpq_1)            9.491    8.031    1.460 (MET)
_133349_/D (sg13g2_dfrbpq_1)            9.523    8.062    1.461 (MET)
_133352_/D (sg13g2_dfrbpq_1)            9.526    8.065    1.461 (MET)
_132889_/D (sg13g2_dfrbpq_1)            9.467    8.005    1.462 (MET)
_133355_/D (sg13g2_dfrbpq_1)            9.525    8.063    1.463 (MET)
_133354_/D (sg13g2_dfrbpq_1)            9.523    8.060    1.463 (MET)
_133703_/D (sg13g2_dfrbpq_1)            9.507    8.040    1.467 (MET)
_133041_/D (sg13g2_dfrbpq_1)            9.588    8.120    1.468 (MET)
_133048_/D (sg13g2_dfrbpq_1)            9.610    8.141    1.469 (MET)
_133022_/D (sg13g2_dfrbpq_1)            9.586    8.117    1.469 (MET)
_133436_/D (sg13g2_dfrbpq_1)            9.585    8.112    1.473 (MET)
_133062_/D (sg13g2_dfrbpq_1)            9.628    8.154    1.474 (MET)
_132896_/D (sg13g2_dfrbpq_1)            9.468    7.993    1.474 (MET)
_129776_/D (sg13g2_dfrbpq_1)            9.507    8.032    1.476 (MET)
_131518_/D (sg13g2_dfrbpq_1)            9.621    8.142    1.480 (MET)
_133046_/D (sg13g2_dfrbpq_1)            9.592    8.111    1.481 (MET)
_133351_/D (sg13g2_dfrbpq_1)            9.545    8.063    1.482 (MET)
_133045_/D (sg13g2_dfrbpq_1)            9.609    8.128    1.482 (MET)
_131117_/D (sg13g2_dfrbpq_1)            9.546    8.064    1.482 (MET)
_131111_/D (sg13g2_dfrbpq_1)            9.491    8.009    1.482 (MET)
_131517_/D (sg13g2_dfrbpq_1)            9.622    8.140    1.482 (MET)
_133348_/D (sg13g2_dfrbpq_1)            9.519    8.037    1.483 (MET)
_131130_/D (sg13g2_dfrbpq_1)            9.507    8.024    1.483 (MET)
_131508_/D (sg13g2_dfrbpq_1)            9.636    8.152    1.484 (MET)
_133026_/D (sg13g2_dfrbpq_1)            9.587    8.102    1.485 (MET)
_132898_/D (sg13g2_dfrbpq_1)            9.468    7.982    1.485 (MET)
_133433_/D (sg13g2_dfrbpq_1)            9.588    8.102    1.486 (MET)
_129946_/D (sg13g2_dfrbpq_1)            9.589    8.102    1.487 (MET)
_133386_/D (sg13g2_dfrbpq_1)            9.526    8.040    1.487 (MET)
_131511_/D (sg13g2_dfrbpq_1)            9.633    8.146    1.487 (MET)
_133387_/D (sg13g2_dfrbpq_1)            9.524    8.036    1.488 (MET)
_131509_/D (sg13g2_dfrbpq_1)            9.632    8.144    1.488 (MET)
_131429_/D (sg13g2_dfrbpq_1)            9.649    8.161    1.488 (MET)
_133382_/D (sg13g2_dfrbpq_1)            9.526    8.037    1.489 (MET)
_133346_/D (sg13g2_dfrbpq_1)            9.516    8.026    1.490 (MET)
_131499_/D (sg13g2_dfrbpq_1)            9.631    8.141    1.490 (MET)
_131119_/D (sg13g2_dfrbpq_1)            9.587    8.097    1.490 (MET)
_131133_/D (sg13g2_dfrbpq_1)            9.556    8.066    1.491 (MET)
_131514_/D (sg13g2_dfrbpq_1)            9.632    8.141    1.491 (MET)
_133384_/D (sg13g2_dfrbpq_1)            9.526    8.035    1.491 (MET)
_131123_/D (sg13g2_dfrbpq_1)            9.587    8.095    1.492 (MET)
_135332_/D (sg13g2_dfrbpq_1)            9.600    8.107    1.493 (MET)
_133344_/D (sg13g2_dfrbpq_1)            9.516    8.023    1.493 (MET)
_133044_/D (sg13g2_dfrbpq_1)            9.608    8.115    1.493 (MET)
_133381_/D (sg13g2_dfrbpq_1)            9.534    8.041    1.493 (MET)
_133342_/D (sg13g2_dfrbpq_1)            9.519    8.026    1.493 (MET)
_135268_/D (sg13g2_dfrbpq_1)            9.599    8.106    1.493 (MET)
_131513_/D (sg13g2_dfrbpq_1)            9.633    8.140    1.493 (MET)
_131521_/D (sg13g2_dfrbpq_1)            9.626    8.133    1.493 (MET)
_133343_/D (sg13g2_dfrbpq_1)            9.517    8.024    1.493 (MET)
_131512_/D (sg13g2_dfrbpq_1)            9.638    8.144    1.494 (MET)
_133040_/D (sg13g2_dfrbpq_1)            9.587    8.093    1.494 (MET)
_133024_/D (sg13g2_dfrbpq_1)            9.587    8.092    1.494 (MET)
_133385_/D (sg13g2_dfrbpq_1)            9.523    8.029    1.495 (MET)
_131510_/D (sg13g2_dfrbpq_1)            9.637    8.142    1.495 (MET)
_133345_/D (sg13g2_dfrbpq_1)            9.524    8.028    1.496 (MET)
_133887_/D (sg13g2_dfrbpq_1)            9.584    8.088    1.496 (MET)
_133366_/D (sg13g2_dfrbpq_1)            9.525    8.027    1.498 (MET)
_133347_/D (sg13g2_dfrbpq_1)            9.523    8.024    1.499 (MET)
_133885_/D (sg13g2_dfrbpq_1)            9.585    8.087    1.499 (MET)
_132888_/D (sg13g2_dfrbpq_1)            9.494    7.995    1.499 (MET)
_131519_/D (sg13g2_dfrbpq_1)            9.637    8.136    1.501 (MET)
_131520_/D (sg13g2_dfrbpq_1)            9.640    8.139    1.501 (MET)
_133027_/D (sg13g2_dfrbpq_1)            9.588    8.087    1.501 (MET)
_131515_/D (sg13g2_dfrbpq_1)            9.638    8.136    1.502 (MET)
_130869_/D (sg13g2_dfrbpq_1)            9.482    7.979    1.502 (MET)
_133383_/D (sg13g2_dfrbpq_1)            9.536    8.032    1.503 (MET)
_131500_/D (sg13g2_dfrbpq_1)            9.631    8.127    1.504 (MET)
_131362_/D (sg13g2_dfrbpq_1)            9.635    8.131    1.504 (MET)
_131363_/D (sg13g2_dfrbpq_1)            9.632    8.128    1.504 (MET)
_130871_/D (sg13g2_dfrbpq_1)            9.473    7.969    1.505 (MET)
_131516_/D (sg13g2_dfrbpq_1)            9.639    8.134    1.505 (MET)
_131505_/D (sg13g2_dfrbpq_1)            9.632    8.127    1.506 (MET)
_133890_/D (sg13g2_dfrbpq_1)            9.581    8.075    1.506 (MET)
_131374_/D (sg13g2_dfrbpq_1)            9.634    8.128    1.506 (MET)
_129951_/D (sg13g2_dfrbpq_1)            9.556    8.050    1.507 (MET)
_131502_/D (sg13g2_dfrbpq_1)            9.628    8.122    1.507 (MET)
_133886_/D (sg13g2_dfrbpq_1)            9.586    8.078    1.507 (MET)
_129952_/D (sg13g2_dfrbpq_1)            9.570    8.062    1.507 (MET)
_131364_/D (sg13g2_dfrbpq_1)            9.634    8.127    1.507 (MET)
_133367_/D (sg13g2_dfrbpq_1)            9.521    8.013    1.508 (MET)
_129970_/D (sg13g2_dfrbpq_1)            9.571    8.063    1.508 (MET)
_133371_/D (sg13g2_dfrbpq_1)            9.526    8.018    1.508 (MET)
_132974_/D (sg13g2_dfrbpq_2)            9.567    8.059    1.508 (MET)
_133375_/D (sg13g2_dfrbpq_1)            9.517    8.008    1.509 (MET)
_133365_/D (sg13g2_dfrbpq_1)            9.523    8.014    1.509 (MET)
_133370_/D (sg13g2_dfrbpq_1)            9.528    8.017    1.511 (MET)
_133889_/D (sg13g2_dfrbpq_1)            9.584    8.073    1.511 (MET)
_131538_/D (sg13g2_dfrbpq_1)            9.474    7.962    1.511 (MET)
_133888_/D (sg13g2_dfrbpq_1)            9.585    8.073    1.512 (MET)
_131132_/D (sg13g2_dfrbpq_1)            9.527    8.015    1.512 (MET)
_131116_/D (sg13g2_dfrbpq_1)            9.587    8.075    1.512 (MET)
_133369_/D (sg13g2_dfrbpq_1)            9.523    8.011    1.512 (MET)
_131506_/D (sg13g2_dfrbpq_1)            9.631    8.117    1.513 (MET)
_133807_/D (sg13g2_dfrbpq_1)            9.534    8.020    1.514 (MET)
_133380_/D (sg13g2_dfrbpq_1)            9.522    8.008    1.515 (MET)
_133378_/D (sg13g2_dfrbpq_1)            9.516    8.001    1.515 (MET)
_133018_/D (sg13g2_dfrbpq_1)            9.590    8.075    1.515 (MET)
_130870_/D (sg13g2_dfrbpq_1)            9.482    7.967    1.515 (MET)
_133376_/D (sg13g2_dfrbpq_1)            9.516    8.001    1.516 (MET)
_133422_/D (sg13g2_dfrbpq_1)            9.584    8.068    1.516 (MET)
_133377_/D (sg13g2_dfrbpq_1)            9.522    8.005    1.516 (MET)
_133368_/D (sg13g2_dfrbpq_1)            9.526    8.009    1.516 (MET)
_133300_/D (sg13g2_dfrbpq_1)            9.554    8.038    1.517 (MET)
_133379_/D (sg13g2_dfrbpq_1)            9.522    8.005    1.517 (MET)
_133374_/D (sg13g2_dfrbpq_1)            9.522    8.005    1.518 (MET)
_133047_/D (sg13g2_dfrbpq_1)            9.592    8.074    1.518 (MET)
_131131_/D (sg13g2_dfrbpq_1)            9.533    8.015    1.518 (MET)
_134001_/D (sg13g2_dfrbpq_1)            9.519    7.999    1.520 (MET)
_131427_/D (sg13g2_dfrbpq_1)            9.628    8.106    1.521 (MET)
_131093_/D (sg13g2_dfrbpq_1)            9.611    8.087    1.523 (MET)
_133707_/D (sg13g2_dfrbpq_1)            9.502    7.979    1.523 (MET)
_133968_/D (sg13g2_dfrbpq_1)            9.527    8.003    1.524 (MET)
_132890_/D (sg13g2_dfrbpq_1)            9.467    7.944    1.524 (MET)
_133363_/D (sg13g2_dfrbpq_1)            9.522    7.995    1.526 (MET)
_133809_/D (sg13g2_dfrbpq_1)            9.534    8.006    1.528 (MET)
_131113_/D (sg13g2_dfrbpq_1)            9.603    8.075    1.528 (MET)
_133673_/D (sg13g2_dfrbpq_1)            9.496    7.967    1.529 (MET)
_133672_/D (sg13g2_dfrbpq_1)            9.496    7.967    1.529 (MET)
_133361_/D (sg13g2_dfrbpq_1)            9.522    7.992    1.530 (MET)
_129945_/D (sg13g2_dfrbpq_1)            9.576    8.045    1.531 (MET)
_132895_/D (sg13g2_dfrbpq_1)            9.476    7.945    1.531 (MET)
_133810_/D (sg13g2_dfrbpq_1)            9.537    8.003    1.534 (MET)
_133695_/D (sg13g2_dfrbpq_1)            9.520    7.986    1.534 (MET)
_131372_/D (sg13g2_dfrbpq_1)            9.581    8.047    1.534 (MET)
_133364_/D (sg13g2_dfrbpq_1)            9.521    7.986    1.536 (MET)
_133699_/D (sg13g2_dfrbpq_1)            9.520    7.984    1.536 (MET)
_129955_/D (sg13g2_dfrbpq_1)            9.614    8.077    1.537 (MET)
_133708_/D (sg13g2_dfrbpq_1)            9.518    7.981    1.537 (MET)
_133358_/D (sg13g2_dfrbpq_1)            9.519    7.981    1.538 (MET)
_133804_/D (sg13g2_dfrbpq_1)            9.537    7.999    1.538 (MET)
_133362_/D (sg13g2_dfrbpq_1)            9.516    7.977    1.539 (MET)
_131568_/D (sg13g2_dfrbpq_1)            9.491    7.952    1.539 (MET)
_133360_/D (sg13g2_dfrbpq_1)            9.518    7.979    1.539 (MET)
_131115_/D (sg13g2_dfrbpq_1)            9.588    8.049    1.539 (MET)
_131457_/D (sg13g2_dfrbpq_1)            9.588    8.049    1.539 (MET)
_133359_/D (sg13g2_dfrbpq_1)            9.518    7.978    1.540 (MET)
_133706_/D (sg13g2_dfrbpq_1)            9.518    7.976    1.543 (MET)
_132906_/D (sg13g2_dfrbpq_1)            9.473    7.927    1.546 (MET)
_132909_/D (sg13g2_dfrbpq_1)            9.480    7.933    1.546 (MET)
_133696_/D (sg13g2_dfrbpq_1)            9.520    7.973    1.547 (MET)
_131536_/D (sg13g2_dfrbpq_1)            9.627    8.081    1.547 (MET)
_133258_/D (sg13g2_dfrbpq_1)            9.514    7.967    1.547 (MET)
_133670_/D (sg13g2_dfrbpq_1)            9.512    7.964    1.547 (MET)
_133674_/D (sg13g2_dfrbpq_1)            9.520    7.973    1.548 (MET)
_133808_/D (sg13g2_dfrbpq_1)            9.546    7.998    1.548 (MET)
_131567_/D (sg13g2_dfrbpq_1)            9.489    7.940    1.548 (MET)
_134742_/D (sg13g2_dfrbpq_1)            9.595    8.046    1.549 (MET)
_132887_/D (sg13g2_dfrbpq_1)            9.467    7.917    1.549 (MET)
_133812_/D (sg13g2_dfrbpq_1)            9.519    7.968    1.551 (MET)
_133814_/D (sg13g2_dfrbpq_1)            9.524    7.973    1.551 (MET)
_133806_/D (sg13g2_dfrbpq_1)            9.548    7.995    1.553 (MET)
_133816_/D (sg13g2_dfrbpq_1)            9.517    7.964    1.553 (MET)
_132899_/D (sg13g2_dfrbpq_1)            9.466    7.912    1.554 (MET)
_132897_/D (sg13g2_dfrbpq_1)            9.485    7.931    1.554 (MET)
_133811_/D (sg13g2_dfrbpq_1)            9.519    7.965    1.554 (MET)
_131128_/D (sg13g2_dfrbpq_1)            9.594    8.040    1.554 (MET)
_132900_/D (sg13g2_dfrbpq_1)            9.484    7.929    1.555 (MET)
_133805_/D (sg13g2_dfrbpq_1)            9.548    7.993    1.555 (MET)
_133813_/D (sg13g2_dfrbpq_1)            9.521    7.966    1.555 (MET)
_133669_/D (sg13g2_dfrbpq_1)            9.518    7.961    1.557 (MET)
_134749_/D (sg13g2_dfrbpq_1)            9.531    7.974    1.557 (MET)
_133257_/D (sg13g2_dfrbpq_1)            9.516    7.957    1.558 (MET)
_131456_/D (sg13g2_dfrbpq_1)            9.589    8.030    1.559 (MET)
_133671_/D (sg13g2_dfrbpq_1)            9.515    7.956    1.559 (MET)
_133815_/D (sg13g2_dfrbpq_1)            9.519    7.960    1.560 (MET)
_131503_/D (sg13g2_dfrbpq_1)            9.693    8.133    1.560 (MET)
_133253_/D (sg13g2_dfrbpq_1)            9.534    7.972    1.561 (MET)
_131366_/D (sg13g2_dfrbpq_1)            9.585    8.023    1.562 (MET)
_131501_/D (sg13g2_dfrbpq_1)            9.692    8.130    1.563 (MET)
_131498_/D (sg13g2_dfrbpq_1)            9.693    8.128    1.565 (MET)
_133020_/D (sg13g2_dfrbpq_1)            9.606    8.041    1.565 (MET)
_133109_/D (sg13g2_dfrbpq_1)            9.539    7.972    1.567 (MET)
_133108_/D (sg13g2_dfrbpq_1)            9.546    7.977    1.568 (MET)
_133105_/D (sg13g2_dfrbpq_1)            9.536    7.967    1.569 (MET)
_131507_/D (sg13g2_dfrbpq_1)            9.689    8.120    1.569 (MET)
_131504_/D (sg13g2_dfrbpq_1)            9.688    8.115    1.572 (MET)
_131121_/D (sg13g2_dfrbpq_1)            9.568    7.994    1.575 (MET)
_133247_/D (sg13g2_dfrbpq_1)            9.540    7.965    1.575 (MET)
_133106_/D (sg13g2_dfrbpq_1)            9.544    7.969    1.575 (MET)
_133817_/D (sg13g2_dfrbpq_1)            9.539    7.963    1.576 (MET)
_131459_/D (sg13g2_dfrbpq_1)            9.625    8.048    1.576 (MET)
_133251_/D (sg13g2_dfrbpq_1)            9.540    7.962    1.578 (MET)
_131430_/D (sg13g2_dfrbpq_1)            9.618    8.039    1.579 (MET)
_131141_/D (sg13g2_dfrbpq_1)            9.557    7.976    1.581 (MET)
_132903_/D (sg13g2_dfrbpq_1)            9.476    7.894    1.582 (MET)
_133111_/D (sg13g2_dfrbpq_1)            9.533    7.950    1.584 (MET)
_133248_/D (sg13g2_dfrbpq_1)            9.543    7.959    1.584 (MET)
_135060_/D (sg13g2_dfrbpq_1)            9.545    7.961    1.584 (MET)
_133113_/D (sg13g2_dfrbpq_1)            9.522    7.938    1.584 (MET)
_133107_/D (sg13g2_dfrbpq_1)            9.548    7.963    1.585 (MET)
_133668_/D (sg13g2_dfrbpq_1)            9.533    7.948    1.585 (MET)
_133796_/D (sg13g2_dfrbpq_1)            9.517    7.932    1.585 (MET)
_133112_/D (sg13g2_dfrbpq_1)            9.542    7.954    1.588 (MET)
_129950_/D (sg13g2_dfrbpq_1)            9.583    7.995    1.588 (MET)
_133023_/D (sg13g2_dfrbpq_1)            9.589    8.000    1.589 (MET)
_133828_/D (sg13g2_dfrbpq_1)            9.520    7.931    1.589 (MET)
_132908_/D (sg13g2_dfrbpq_1)            9.459    7.870    1.590 (MET)
_133103_/D (sg13g2_dfrbpq_1)            9.560    7.969    1.590 (MET)
_133675_/D (sg13g2_dfrbpq_1)            9.516    7.925    1.591 (MET)
_132891_/D (sg13g2_dfrbpq_1)            9.475    7.884    1.591 (MET)
_131453_/D (sg13g2_dfrbpq_1)            9.622    8.031    1.591 (MET)
_133104_/D (sg13g2_dfrbpq_1)            9.557    7.965    1.592 (MET)
_131426_/D (sg13g2_dfrbpq_1)            9.617    8.023    1.593 (MET)
_133798_/D (sg13g2_dfrbpq_1)            9.524    7.930    1.594 (MET)
_133114_/D (sg13g2_dfrbpq_1)            9.542    7.947    1.594 (MET)
_133800_/D (sg13g2_dfrbpq_1)            9.519    7.925    1.594 (MET)
_133115_/D (sg13g2_dfrbpq_1)            9.543    7.949    1.594 (MET)
_133795_/D (sg13g2_dfrbpq_1)            9.522    7.928    1.595 (MET)
_133676_/D (sg13g2_dfrbpq_1)            9.513    7.917    1.596 (MET)
_133832_/D (sg13g2_dfrbpq_1)            9.520    7.924    1.596 (MET)
_133821_/D (sg13g2_dfrbpq_1)            9.535    7.939    1.596 (MET)
_131431_/D (sg13g2_dfrbpq_1)            9.618    8.021    1.597 (MET)

