max_delay/setup group clk

                                     Required   Actual
Endpoint                                Delay    Delay    Slack
---------------------------------------------------------------
_129761_/D (sg13g2_dfrbpq_1)            9.602   13.405   -3.803 (VIOLATED)
_129760_/D (sg13g2_dfrbpq_1)            9.585   13.363   -3.778 (VIOLATED)
_129759_/D (sg13g2_dfrbpq_1)            9.603   13.292   -3.690 (VIOLATED)
_129495_/D (sg13g2_dfrbpq_1)            9.346   13.024   -3.678 (VIOLATED)
_129758_/D (sg13g2_dfrbpq_1)            9.586   13.144   -3.558 (VIOLATED)
_129757_/D (sg13g2_dfrbpq_1)            9.595   13.083   -3.488 (VIOLATED)
_129756_/D (sg13g2_dfrbpq_1)            9.595   13.083   -3.488 (VIOLATED)
_134100_/D (sg13g2_dfrbpq_1)            9.656   13.068   -3.412 (VIOLATED)
_129755_/D (sg13g2_dfrbpq_1)            9.591   12.687   -3.097 (VIOLATED)
_134105_/D (sg13g2_dfrbpq_1)            9.661   12.722   -3.061 (VIOLATED)
_129743_/D (sg13g2_dfrbpq_1)            9.821   12.809   -2.988 (VIOLATED)
_134106_/D (sg13g2_dfrbpq_1)            9.682   12.543   -2.860 (VIOLATED)
_134102_/D (sg13g2_dfrbpq_1)            9.660   12.490   -2.831 (VIOLATED)
_134103_/D (sg13g2_dfrbpq_1)            9.642   12.452   -2.810 (VIOLATED)
_129505_/D (sg13g2_dfrbpq_1)            9.789   12.497   -2.708 (VIOLATED)
_134104_/D (sg13g2_dfrbpq_1)            9.637   12.181   -2.544 (VIOLATED)
_129510_/D (sg13g2_dfrbpq_1)            9.788   12.303   -2.515 (VIOLATED)
_129511_/D (sg13g2_dfrbpq_1)            9.801   12.282   -2.481 (VIOLATED)
_129753_/D (sg13g2_dfrbpq_1)            9.596   12.045   -2.450 (VIOLATED)
_134097_/D (sg13g2_dfrbpq_1)            9.442   11.849   -2.407 (VIOLATED)
_129507_/D (sg13g2_dfrbpq_1)            9.593   11.962   -2.369 (VIOLATED)
_129752_/D (sg13g2_dfrbpq_1)            9.602   11.969   -2.367 (VIOLATED)
_134101_/D (sg13g2_dfrbpq_1)            9.666   11.942   -2.276 (VIOLATED)
_134094_/D (sg13g2_dfrbpq_1)            9.442   11.705   -2.263 (VIOLATED)
_129509_/D (sg13g2_dfrbpq_1)            9.671   11.885   -2.214 (VIOLATED)
_129751_/D (sg13g2_dfrbpq_1)            9.604   11.812   -2.208 (VIOLATED)
_135153_/D (sg13g2_dfrbpq_1)            9.510   11.672   -2.162 (VIOLATED)
_129754_/D (sg13g2_dfrbpq_1)            9.567   11.714   -2.147 (VIOLATED)
_129508_/D (sg13g2_dfrbpq_1)            9.800   11.914   -2.114 (VIOLATED)
_129536_/D (sg13g2_dfrbpq_1)            9.575   11.672   -2.097 (VIOLATED)
_129543_/D (sg13g2_dfrbpq_1)            9.588   11.617   -2.029 (VIOLATED)
_129522_/D (sg13g2_dfrbpq_1)            9.557   11.575   -2.018 (VIOLATED)
_129530_/D (sg13g2_dfrbpq_1)            9.596   11.591   -1.995 (VIOLATED)
_134099_/D (sg13g2_dfrbpq_1)            9.661   11.642   -1.981 (VIOLATED)
_129555_/D (sg13g2_dfrbpq_1)            9.609   11.582   -1.973 (VIOLATED)
_134096_/D (sg13g2_dfrbpq_1)            9.639   11.586   -1.947 (VIOLATED)
_129563_/D (sg13g2_dfrbpq_1)            9.584   11.517   -1.934 (VIOLATED)
_129541_/D (sg13g2_dfrbpq_1)            9.582   11.505   -1.923 (VIOLATED)
_134098_/D (sg13g2_dfrbpq_1)            9.654   11.573   -1.919 (VIOLATED)
_134095_/D (sg13g2_dfrbpq_1)            9.665   11.566   -1.901 (VIOLATED)
_129524_/D (sg13g2_dfrbpq_1)            9.586   11.457   -1.871 (VIOLATED)
_129750_/D (sg13g2_dfrbpq_1)            9.605   11.469   -1.864 (VIOLATED)
_129560_/D (sg13g2_dfrbpq_1)            9.613   11.471   -1.859 (VIOLATED)
_135152_/D (sg13g2_dfrbpq_1)            9.513   11.368   -1.855 (VIOLATED)
_129533_/D (sg13g2_dfrbpq_1)            9.576   11.429   -1.852 (VIOLATED)
_129544_/D (sg13g2_dfrbpq_1)            9.588   11.434   -1.847 (VIOLATED)
_129538_/D (sg13g2_dfrbpq_1)            9.593   11.439   -1.846 (VIOLATED)
_129534_/D (sg13g2_dfrbpq_1)            9.598   11.443   -1.845 (VIOLATED)
_129525_/D (sg13g2_dfrbpq_1)            9.574   11.419   -1.845 (VIOLATED)
_129597_/D (sg13g2_dfrbpq_1)            9.588   11.429   -1.841 (VIOLATED)
_129749_/D (sg13g2_dfrbpq_1)            9.575   11.393   -1.818 (VIOLATED)
_129535_/D (sg13g2_dfrbpq_1)            9.592   11.410   -1.818 (VIOLATED)
_129542_/D (sg13g2_dfrbpq_1)            9.640   11.449   -1.808 (VIOLATED)
_129916_/D (sg13g2_dfrbpq_1)            9.471   11.278   -1.808 (VIOLATED)
_134081_/D (sg13g2_dfrbpq_1)            9.648   11.447   -1.799 (VIOLATED)
_129748_/D (sg13g2_dfrbpq_1)            9.611   11.402   -1.791 (VIOLATED)
_129580_/D (sg13g2_dfrbpq_1)            9.442   11.230   -1.788 (VIOLATED)
_129526_/D (sg13g2_dfrbpq_1)            9.594   11.380   -1.786 (VIOLATED)
_129527_/D (sg13g2_dfrbpq_1)            9.597   11.369   -1.772 (VIOLATED)
_134093_/D (sg13g2_dfrbpq_1)            9.637   11.388   -1.751 (VIOLATED)
_129557_/D (sg13g2_dfrbpq_1)            9.612   11.359   -1.747 (VIOLATED)
_129537_/D (sg13g2_dfrbpq_1)            9.595   11.336   -1.742 (VIOLATED)
_129578_/D (sg13g2_dfrbpq_1)            9.389   11.127   -1.738 (VIOLATED)
_129664_/D (sg13g2_dfrbpq_1)            9.675   11.409   -1.734 (VIOLATED)
_129520_/D (sg13g2_dfrbpq_1)            9.590   11.324   -1.734 (VIOLATED)
_129568_/D (sg13g2_dfrbpq_1)            9.592   11.311   -1.719 (VIOLATED)
_129528_/D (sg13g2_dfrbpq_1)            9.595   11.310   -1.716 (VIOLATED)
_129552_/D (sg13g2_dfrbpq_1)            9.614   11.327   -1.713 (VIOLATED)
_129600_/D (sg13g2_dfrbpq_1)            9.565   11.276   -1.712 (VIOLATED)
_129583_/D (sg13g2_dfrbpq_1)            9.587   11.292   -1.705 (VIOLATED)
_129785_/D (sg13g2_dfrbpq_1)            9.379   11.059   -1.680 (VIOLATED)
_129503_/D (sg13g2_dfrbpq_1)            9.656   11.327   -1.671 (VIOLATED)
_129561_/D (sg13g2_dfrbpq_1)            9.589   11.245   -1.656 (VIOLATED)
_135029_/D (sg13g2_dfrbpq_1)            9.610   11.252   -1.642 (VIOLATED)
_129603_/D (sg13g2_dfrbpq_1)            9.610   11.250   -1.640 (VIOLATED)
_134082_/D (sg13g2_dfrbpq_1)            9.656   11.285   -1.629 (VIOLATED)
_129559_/D (sg13g2_dfrbpq_1)            9.549   11.176   -1.627 (VIOLATED)
_129604_/D (sg13g2_dfrbpq_1)            9.625   11.250   -1.625 (VIOLATED)
_129590_/D (sg13g2_dfrbpq_1)            9.605   11.220   -1.615 (VIOLATED)
_129592_/D (sg13g2_dfrbpq_1)            9.595   11.201   -1.606 (VIOLATED)
_129569_/D (sg13g2_dfrbpq_1)            9.588   11.193   -1.605 (VIOLATED)
_129519_/D (sg13g2_dfrbpq_1)            9.592   11.197   -1.605 (VIOLATED)
_129540_/D (sg13g2_dfrbpq_1)            9.647   11.252   -1.605 (VIOLATED)
_129550_/D (sg13g2_dfrbpq_1)            9.504   11.107   -1.603 (VIOLATED)
_129662_/D (sg13g2_dfrbpq_1)            9.672   11.266   -1.595 (VIOLATED)
_129499_/D (sg13g2_dfrbpq_1)            9.566   11.160   -1.594 (VIOLATED)
_134086_/D (sg13g2_dfrbpq_1)            9.657   11.251   -1.594 (VIOLATED)
_135102_/D (sg13g2_dfrbpq_1)            9.502   11.094   -1.592 (VIOLATED)
_129521_/D (sg13g2_dfrbpq_1)            9.576   11.158   -1.583 (VIOLATED)
_129571_/D (sg13g2_dfrbpq_1)            9.599   11.177   -1.578 (VIOLATED)
_129646_/D (sg13g2_dfrbpq_1)            9.662   11.238   -1.576 (VIOLATED)
_129582_/D (sg13g2_dfrbpq_1)            9.604   11.178   -1.574 (VIOLATED)
_129565_/D (sg13g2_dfrbpq_1)            9.601   11.173   -1.572 (VIOLATED)
_129591_/D (sg13g2_dfrbpq_1)            9.578   11.145   -1.567 (VIOLATED)
_129553_/D (sg13g2_dfrbpq_1)            9.614   11.179   -1.565 (VIOLATED)
_129576_/D (sg13g2_dfrbpq_1)            9.591   11.147   -1.557 (VIOLATED)
_129731_/D (sg13g2_dfrbpq_1)            9.615   11.170   -1.555 (VIOLATED)
_129579_/D (sg13g2_dfrbpq_1)            9.574   11.129   -1.555 (VIOLATED)
_129501_/D (sg13g2_dfrbpq_1)            9.789   11.336   -1.547 (VIOLATED)
_129532_/D (sg13g2_dfrbpq_1)            9.596   11.139   -1.543 (VIOLATED)
_129529_/D (sg13g2_dfrbpq_1)            9.577   11.108   -1.531 (VIOLATED)
_129539_/D (sg13g2_dfrbpq_1)            9.604   11.135   -1.531 (VIOLATED)
_129587_/D (sg13g2_dfrbpq_1)            9.654   11.180   -1.526 (VIOLATED)
_129932_/D (sg13g2_dfrbpq_1)            9.429   10.947   -1.518 (VIOLATED)
_129581_/D (sg13g2_dfrbpq_1)            9.563   11.079   -1.515 (VIOLATED)
_129717_/D (sg13g2_dfrbpq_1)            9.579   11.093   -1.514 (VIOLATED)
_129650_/D (sg13g2_dfrbpq_1)            9.659   11.173   -1.514 (VIOLATED)
_129502_/D (sg13g2_dfrbpq_1)            9.626   11.138   -1.512 (VIOLATED)
_129523_/D (sg13g2_dfrbpq_1)            9.572   11.084   -1.512 (VIOLATED)
_129558_/D (sg13g2_dfrbpq_1)            9.485   10.996   -1.511 (VIOLATED)
_129594_/D (sg13g2_dfrbpq_1)            9.597   11.101   -1.504 (VIOLATED)
_129593_/D (sg13g2_dfrbpq_1)            9.590   11.093   -1.503 (VIOLATED)
_129589_/D (sg13g2_dfrbpq_1)            9.616   11.113   -1.498 (VIOLATED)
_129719_/D (sg13g2_dfrbpq_1)            9.536   11.029   -1.493 (VIOLATED)
_129596_/D (sg13g2_dfrbpq_1)            9.373   10.863   -1.490 (VIOLATED)
_129549_/D (sg13g2_dfrbpq_1)            9.475   10.958   -1.483 (VIOLATED)
_129547_/D (sg13g2_dfrbpq_1)            9.499   10.979   -1.480 (VIOLATED)
_129506_/D (sg13g2_dfrbpq_1)            9.779   11.256   -1.477 (VIOLATED)
_129608_/D (sg13g2_dfrbpq_1)            9.514   10.986   -1.472 (VIOLATED)
_134836_/D (sg13g2_dfrbpq_1)            9.606   11.076   -1.469 (VIOLATED)
_129546_/D (sg13g2_dfrbpq_1)            9.635   11.097   -1.462 (VIOLATED)
_129598_/D (sg13g2_dfrbpq_1)            9.627   11.085   -1.458 (VIOLATED)
_129531_/D (sg13g2_dfrbpq_1)            9.604   11.057   -1.454 (VIOLATED)
_129573_/D (sg13g2_dfrbpq_1)            9.603   11.051   -1.448 (VIOLATED)
_129545_/D (sg13g2_dfrbpq_1)            9.482   10.924   -1.443 (VIOLATED)
_129611_/D (sg13g2_dfrbpq_1)            9.640   11.081   -1.441 (VIOLATED)
_129595_/D (sg13g2_dfrbpq_1)            9.395   10.835   -1.439 (VIOLATED)
_134092_/D (sg13g2_dfrbpq_1)            9.664   11.101   -1.437 (VIOLATED)
_129649_/D (sg13g2_dfrbpq_1)            9.660   11.096   -1.436 (VIOLATED)
_129607_/D (sg13g2_dfrbpq_1)            9.549   10.981   -1.432 (VIOLATED)
_129709_/D (sg13g2_dfrbpq_1)            9.589   11.018   -1.429 (VIOLATED)
_129648_/D (sg13g2_dfrbpq_1)            9.662   11.090   -1.428 (VIOLATED)
_129584_/D (sg13g2_dfrbpq_1)            9.602   11.030   -1.427 (VIOLATED)
_129605_/D (sg13g2_dfrbpq_1)            9.640   11.066   -1.426 (VIOLATED)
_129699_/D (sg13g2_dfrbpq_1)            9.587   11.009   -1.423 (VIOLATED)
_129554_/D (sg13g2_dfrbpq_1)            9.466   10.888   -1.422 (VIOLATED)
_135151_/D (sg13g2_dfrbpq_1)            9.540   10.962   -1.421 (VIOLATED)
_129575_/D (sg13g2_dfrbpq_1)            9.462   10.882   -1.420 (VIOLATED)
_129613_/D (sg13g2_dfrbpq_1)            9.602   11.021   -1.419 (VIOLATED)
_129718_/D (sg13g2_dfrbpq_1)            9.593   11.005   -1.413 (VIOLATED)
_134083_/D (sg13g2_dfrbpq_1)            9.664   11.075   -1.412 (VIOLATED)
_129599_/D (sg13g2_dfrbpq_1)            9.586   10.995   -1.409 (VIOLATED)
_129654_/D (sg13g2_dfrbpq_1)            9.669   11.074   -1.406 (VIOLATED)
_129653_/D (sg13g2_dfrbpq_1)            9.652   11.053   -1.402 (VIOLATED)
_129696_/D (sg13g2_dfrbpq_1)            9.586   10.986   -1.400 (VIOLATED)
_129551_/D (sg13g2_dfrbpq_1)            9.452   10.850   -1.398 (VIOLATED)
_129577_/D (sg13g2_dfrbpq_1)            9.593   10.976   -1.383 (VIOLATED)
_129588_/D (sg13g2_dfrbpq_1)            9.595   10.978   -1.383 (VIOLATED)
_129601_/D (sg13g2_dfrbpq_1)            9.530   10.898   -1.367 (VIOLATED)
_129659_/D (sg13g2_dfrbpq_1)            9.625   10.992   -1.367 (VIOLATED)
_129747_/D (sg13g2_dfrbpq_1)            9.587   10.952   -1.365 (VIOLATED)
_129698_/D (sg13g2_dfrbpq_1)            9.484   10.846   -1.362 (VIOLATED)
_134084_/D (sg13g2_dfrbpq_1)            9.657   11.017   -1.360 (VIOLATED)
_129645_/D (sg13g2_dfrbpq_1)            9.658   11.015   -1.356 (VIOLATED)
_129609_/D (sg13g2_dfrbpq_1)            9.639   10.992   -1.354 (VIOLATED)
_129622_/D (sg13g2_dfrbpq_1)            9.675   11.023   -1.348 (VIOLATED)
_129602_/D (sg13g2_dfrbpq_1)            9.623   10.964   -1.341 (VIOLATED)
_129728_/D (sg13g2_dfrbpq_1)            9.534   10.865   -1.331 (VIOLATED)
_129670_/D (sg13g2_dfrbpq_1)            9.675   11.004   -1.329 (VIOLATED)
_129734_/D (sg13g2_dfrbpq_1)            9.616   10.941   -1.325 (VIOLATED)
_129504_/D (sg13g2_dfrbpq_1)            9.787   11.110   -1.323 (VIOLATED)
_129671_/D (sg13g2_dfrbpq_1)            9.654   10.975   -1.321 (VIOLATED)
_129610_/D (sg13g2_dfrbpq_1)            9.640   10.959   -1.319 (VIOLATED)
_129574_/D (sg13g2_dfrbpq_1)            9.473   10.791   -1.318 (VIOLATED)
_129660_/D (sg13g2_dfrbpq_1)            9.632   10.947   -1.314 (VIOLATED)
_129727_/D (sg13g2_dfrbpq_1)            9.558   10.872   -1.314 (VIOLATED)
_129733_/D (sg13g2_dfrbpq_1)            9.596   10.906   -1.309 (VIOLATED)
_129500_/D (sg13g2_dfrbpq_1)            9.787   11.097   -1.309 (VIOLATED)
_129585_/D (sg13g2_dfrbpq_1)            9.588   10.893   -1.304 (VIOLATED)
_129672_/D (sg13g2_dfrbpq_1)            9.661   10.960   -1.299 (VIOLATED)
_129498_/D (sg13g2_dfrbpq_1)            9.588   10.885   -1.297 (VIOLATED)
_129556_/D (sg13g2_dfrbpq_1)            9.511   10.807   -1.296 (VIOLATED)
_129724_/D (sg13g2_dfrbpq_1)            9.536   10.825   -1.289 (VIOLATED)
_129720_/D (sg13g2_dfrbpq_1)            9.586   10.873   -1.287 (VIOLATED)
_129572_/D (sg13g2_dfrbpq_1)            9.456   10.742   -1.286 (VIOLATED)
_134087_/D (sg13g2_dfrbpq_1)            9.639   10.924   -1.285 (VIOLATED)
_129586_/D (sg13g2_dfrbpq_1)            9.603   10.884   -1.281 (VIOLATED)
_129566_/D (sg13g2_dfrbpq_1)            9.476   10.755   -1.279 (VIOLATED)
_129669_/D (sg13g2_dfrbpq_1)            9.653   10.932   -1.279 (VIOLATED)
_129705_/D (sg13g2_dfrbpq_1)            9.455   10.730   -1.275 (VIOLATED)
_129741_/D (sg13g2_dfrbpq_1)            9.547   10.820   -1.273 (VIOLATED)
_129564_/D (sg13g2_dfrbpq_1)            9.489   10.761   -1.272 (VIOLATED)
_129732_/D (sg13g2_dfrbpq_1)            9.596   10.864   -1.267 (VIOLATED)
_129570_/D (sg13g2_dfrbpq_1)            9.479   10.745   -1.266 (VIOLATED)
_129715_/D (sg13g2_dfrbpq_1)            9.572   10.838   -1.266 (VIOLATED)
_129562_/D (sg13g2_dfrbpq_1)            9.500   10.765   -1.266 (VIOLATED)
_129716_/D (sg13g2_dfrbpq_1)            9.593   10.853   -1.260 (VIOLATED)
_135184_/D (sg13g2_dfrbpq_1)            9.649   10.898   -1.249 (VIOLATED)
_129725_/D (sg13g2_dfrbpq_1)            9.567   10.816   -1.249 (VIOLATED)
_134088_/D (sg13g2_dfrbpq_1)            9.640   10.883   -1.244 (VIOLATED)
_129497_/D (sg13g2_dfrbpq_1)            9.591   10.831   -1.240 (VIOLATED)
_129665_/D (sg13g2_dfrbpq_1)            9.656   10.897   -1.240 (VIOLATED)
_129635_/D (sg13g2_dfrbpq_1)            9.655   10.894   -1.239 (VIOLATED)
_129548_/D (sg13g2_dfrbpq_1)            9.536   10.774   -1.238 (VIOLATED)
_134835_/D (sg13g2_dfrbpq_1)            9.607   10.832   -1.226 (VIOLATED)
_129494_/D (sg13g2_dfrbpq_1)            9.153   10.370   -1.217 (VIOLATED)
_129656_/D (sg13g2_dfrbpq_1)            9.670   10.882   -1.212 (VIOLATED)
_129612_/D (sg13g2_dfrbpq_1)            9.660   10.871   -1.211 (VIOLATED)
_129606_/D (sg13g2_dfrbpq_1)            9.619   10.828   -1.209 (VIOLATED)
_129700_/D (sg13g2_dfrbpq_1)            9.498   10.705   -1.207 (VIOLATED)
_129651_/D (sg13g2_dfrbpq_1)            9.655   10.862   -1.207 (VIOLATED)
_129652_/D (sg13g2_dfrbpq_1)            9.667   10.874   -1.207 (VIOLATED)
_129735_/D (sg13g2_dfrbpq_1)            9.518   10.723   -1.206 (VIOLATED)
_129621_/D (sg13g2_dfrbpq_1)            9.660   10.862   -1.202 (VIOLATED)
_135150_/D (sg13g2_dfrbpq_1)            9.523   10.725   -1.201 (VIOLATED)
_129655_/D (sg13g2_dfrbpq_1)            9.637   10.827   -1.190 (VIOLATED)
_129666_/D (sg13g2_dfrbpq_1)            9.672   10.859   -1.188 (VIOLATED)
_129629_/D (sg13g2_dfrbpq_1)            9.659   10.844   -1.185 (VIOLATED)
_129620_/D (sg13g2_dfrbpq_1)            9.645   10.829   -1.184 (VIOLATED)
_133293_/D (sg13g2_dfrbpq_1)            9.577   10.761   -1.184 (VIOLATED)
_133291_/D (sg13g2_dfrbpq_1)            9.578   10.755   -1.177 (VIOLATED)
_134870_/D (sg13g2_dfrbpq_1)            9.613   10.789   -1.176 (VIOLATED)
_133292_/D (sg13g2_dfrbpq_1)            9.582   10.749   -1.167 (VIOLATED)
_133955_/D (sg13g2_dfrbpq_1)            9.514   10.680   -1.166 (VIOLATED)
_133287_/D (sg13g2_dfrbpq_1)            9.582   10.746   -1.164 (VIOLATED)
_133952_/D (sg13g2_dfrbpq_1)            9.510   10.672   -1.162 (VIOLATED)
_133274_/D (sg13g2_dfrbpq_1)            9.578   10.736   -1.158 (VIOLATED)
_133956_/D (sg13g2_dfrbpq_1)            9.513   10.669   -1.156 (VIOLATED)
_133953_/D (sg13g2_dfrbpq_1)            9.515   10.671   -1.156 (VIOLATED)
_129729_/D (sg13g2_dfrbpq_1)            9.535   10.688   -1.154 (VIOLATED)
_129931_/D (sg13g2_dfrbpq_1)            9.448   10.601   -1.153 (VIOLATED)
_133288_/D (sg13g2_dfrbpq_1)            9.591   10.744   -1.153 (VIOLATED)
_129739_/D (sg13g2_dfrbpq_1)            9.578   10.731   -1.153 (VIOLATED)
_133290_/D (sg13g2_dfrbpq_1)            9.591   10.743   -1.152 (VIOLATED)
_129677_/D (sg13g2_dfrbpq_1)            9.662   10.814   -1.152 (VIOLATED)
_133289_/D (sg13g2_dfrbpq_1)            9.591   10.742   -1.151 (VIOLATED)
_133275_/D (sg13g2_dfrbpq_1)            9.583   10.730   -1.147 (VIOLATED)
_133270_/D (sg13g2_dfrbpq_1)            9.584   10.727   -1.143 (VIOLATED)
_133936_/D (sg13g2_dfrbpq_1)            9.510   10.653   -1.143 (VIOLATED)
_133276_/D (sg13g2_dfrbpq_1)            9.580   10.722   -1.141 (VIOLATED)
_133935_/D (sg13g2_dfrbpq_1)            9.509   10.650   -1.141 (VIOLATED)
_133937_/D (sg13g2_dfrbpq_1)            9.512   10.650   -1.138 (VIOLATED)
_133284_/D (sg13g2_dfrbpq_1)            9.591   10.728   -1.137 (VIOLATED)
_133938_/D (sg13g2_dfrbpq_1)            9.515   10.651   -1.136 (VIOLATED)
_133273_/D (sg13g2_dfrbpq_1)            9.581   10.715   -1.134 (VIOLATED)
_133271_/D (sg13g2_dfrbpq_1)            9.584   10.718   -1.134 (VIOLATED)
_129740_/D (sg13g2_dfrbpq_1)            9.553   10.683   -1.131 (VIOLATED)
_129567_/D (sg13g2_dfrbpq_1)            9.491   10.619   -1.128 (VIOLATED)
_133282_/D (sg13g2_dfrbpq_1)            9.594   10.722   -1.128 (VIOLATED)
_133283_/D (sg13g2_dfrbpq_1)            9.594   10.722   -1.128 (VIOLATED)
_133286_/D (sg13g2_dfrbpq_1)            9.592   10.717   -1.126 (VIOLATED)
_133272_/D (sg13g2_dfrbpq_1)            9.591   10.716   -1.124 (VIOLATED)
_133285_/D (sg13g2_dfrbpq_1)            9.595   10.718   -1.123 (VIOLATED)
_135028_/D (sg13g2_dfrbpq_1)            9.580   10.684   -1.104 (VIOLATED)
_129737_/D (sg13g2_dfrbpq_1)            9.562   10.666   -1.104 (VIOLATED)
_129661_/D (sg13g2_dfrbpq_1)            9.611   10.713   -1.102 (VIOLATED)
_129658_/D (sg13g2_dfrbpq_1)            9.668   10.761   -1.093 (VIOLATED)
_129636_/D (sg13g2_dfrbpq_1)            9.662   10.753   -1.092 (VIOLATED)
_129668_/D (sg13g2_dfrbpq_1)            9.656   10.747   -1.091 (VIOLATED)
_129614_/D (sg13g2_dfrbpq_1)            9.661   10.736   -1.075 (VIOLATED)
_129632_/D (sg13g2_dfrbpq_1)            9.652   10.726   -1.074 (VIOLATED)
_129723_/D (sg13g2_dfrbpq_1)            9.549   10.619   -1.070 (VIOLATED)
_129712_/D (sg13g2_dfrbpq_1)            9.592   10.661   -1.068 (VIOLATED)
_129701_/D (sg13g2_dfrbpq_1)            9.528   10.595   -1.067 (VIOLATED)
_129742_/D (sg13g2_dfrbpq_1)            9.549   10.614   -1.066 (VIOLATED)
_134085_/D (sg13g2_dfrbpq_1)            9.677   10.742   -1.065 (VIOLATED)
_129616_/D (sg13g2_dfrbpq_1)            9.582   10.647   -1.065 (VIOLATED)
_129684_/D (sg13g2_dfrbpq_1)            9.651   10.713   -1.062 (VIOLATED)
_129619_/D (sg13g2_dfrbpq_1)            9.643   10.705   -1.062 (VIOLATED)
_134753_/D (sg13g2_dfrbpq_1)            9.506   10.567   -1.061 (VIOLATED)
_129710_/D (sg13g2_dfrbpq_1)            9.597   10.654   -1.057 (VIOLATED)
_129726_/D (sg13g2_dfrbpq_1)            9.598   10.652   -1.054 (VIOLATED)
_129642_/D (sg13g2_dfrbpq_1)            9.669   10.723   -1.054 (VIOLATED)
_129647_/D (sg13g2_dfrbpq_1)            9.659   10.712   -1.052 (VIOLATED)
_129630_/D (sg13g2_dfrbpq_1)            9.620   10.668   -1.048 (VIOLATED)
_129708_/D (sg13g2_dfrbpq_1)            9.591   10.638   -1.047 (VIOLATED)
_133967_/D (sg13g2_dfrbpq_1)            9.526   10.565   -1.039 (VIOLATED)
_133267_/D (sg13g2_dfrbpq_1)            9.594   10.629   -1.035 (VIOLATED)
_129663_/D (sg13g2_dfrbpq_1)            9.617   10.651   -1.034 (VIOLATED)
_129736_/D (sg13g2_dfrbpq_1)            9.565   10.597   -1.032 (VIOLATED)
_129634_/D (sg13g2_dfrbpq_1)            9.614   10.637   -1.022 (VIOLATED)
_133933_/D (sg13g2_dfrbpq_1)            9.509   10.531   -1.022 (VIOLATED)
_133298_/D (sg13g2_dfrbpq_1)            9.567   10.587   -1.020 (VIOLATED)
_129738_/D (sg13g2_dfrbpq_1)            9.565   10.584   -1.019 (VIOLATED)
_134921_/D (sg13g2_dfrbpq_1)            9.502   10.520   -1.018 (VIOLATED)
_129707_/D (sg13g2_dfrbpq_1)            9.597   10.613   -1.017 (VIOLATED)
_133269_/D (sg13g2_dfrbpq_1)            9.591   10.605   -1.014 (VIOLATED)
_133266_/D (sg13g2_dfrbpq_1)            9.594   10.608   -1.014 (VIOLATED)
_133265_/D (sg13g2_dfrbpq_1)            9.595   10.609   -1.013 (VIOLATED)
_133950_/D (sg13g2_dfrbpq_1)            9.532   10.545   -1.013 (VIOLATED)
_133954_/D (sg13g2_dfrbpq_1)            9.654   10.665   -1.011 (VIOLATED)
_129615_/D (sg13g2_dfrbpq_1)            9.566   10.576   -1.010 (VIOLATED)
_129706_/D (sg13g2_dfrbpq_1)            9.597   10.605   -1.008 (VIOLATED)
_129730_/D (sg13g2_dfrbpq_1)            9.516   10.521   -1.005 (VIOLATED)
_129633_/D (sg13g2_dfrbpq_1)            9.609   10.614   -1.005 (VIOLATED)
_133268_/D (sg13g2_dfrbpq_1)            9.611   10.615   -1.004 (VIOLATED)
_134975_/D (sg13g2_dfrbpq_1)            9.609   10.611   -1.002 (VIOLATED)
_135079_/D (sg13g2_dfrbpq_1)            9.643   10.641   -0.997 (VIOLATED)
_129640_/D (sg13g2_dfrbpq_1)            9.664   10.660   -0.996 (VIOLATED)
_129702_/D (sg13g2_dfrbpq_1)            9.584   10.578   -0.995 (VIOLATED)
_129618_/D (sg13g2_dfrbpq_1)            9.645   10.632   -0.986 (VIOLATED)
_129685_/D (sg13g2_dfrbpq_1)            9.668   10.654   -0.986 (VIOLATED)
_133947_/D (sg13g2_dfrbpq_1)            9.510   10.496   -0.986 (VIOLATED)
_133939_/D (sg13g2_dfrbpq_1)            9.654   10.635   -0.981 (VIOLATED)
_129639_/D (sg13g2_dfrbpq_1)            9.663   10.643   -0.980 (VIOLATED)
_129711_/D (sg13g2_dfrbpq_1)            9.551   10.526   -0.975 (VIOLATED)
_129617_/D (sg13g2_dfrbpq_1)            9.642   10.616   -0.973 (VIOLATED)
_129680_/D (sg13g2_dfrbpq_1)            9.666   10.636   -0.969 (VIOLATED)
_133932_/D (sg13g2_dfrbpq_1)            9.478   10.447   -0.969 (VIOLATED)
_133951_/D (sg13g2_dfrbpq_1)            9.510   10.475   -0.964 (VIOLATED)
_129657_/D (sg13g2_dfrbpq_1)            9.663   10.618   -0.955 (VIOLATED)
_129703_/D (sg13g2_dfrbpq_1)            9.546   10.499   -0.953 (VIOLATED)
_133962_/D (sg13g2_dfrbpq_1)            9.651   10.594   -0.943 (VIOLATED)
_133960_/D (sg13g2_dfrbpq_1)            9.651   10.592   -0.941 (VIOLATED)
_129813_/D (sg13g2_dfrbpq_1)            9.457   10.393   -0.936 (VIOLATED)
_133958_/D (sg13g2_dfrbpq_1)            9.651   10.587   -0.936 (VIOLATED)
_133934_/D (sg13g2_dfrbpq_1)            9.511   10.446   -0.935 (VIOLATED)
_133961_/D (sg13g2_dfrbpq_1)            9.650   10.583   -0.933 (VIOLATED)
_133959_/D (sg13g2_dfrbpq_1)            9.652   10.586   -0.933 (VIOLATED)
_129641_/D (sg13g2_dfrbpq_1)            9.666   10.598   -0.932 (VIOLATED)
_133295_/D (sg13g2_dfrbpq_1)            9.577   10.504   -0.927 (VIOLATED)
_129678_/D (sg13g2_dfrbpq_1)            9.666   10.590   -0.925 (VIOLATED)
_133963_/D (sg13g2_dfrbpq_1)            9.653   10.574   -0.921 (VIOLATED)
_129714_/D (sg13g2_dfrbpq_1)            9.590   10.510   -0.920 (VIOLATED)
_133957_/D (sg13g2_dfrbpq_1)            9.654   10.572   -0.919 (VIOLATED)
_129930_/D (sg13g2_dfrbpq_1)            9.449   10.367   -0.918 (VIOLATED)
_129627_/D (sg13g2_dfrbpq_1)            9.552   10.470   -0.918 (VIOLATED)
_129928_/D (sg13g2_dfrbpq_1)            9.440   10.357   -0.917 (VIOLATED)
_129697_/D (sg13g2_dfrbpq_1)            9.635   10.552   -0.917 (VIOLATED)
_133943_/D (sg13g2_dfrbpq_1)            9.651   10.566   -0.915 (VIOLATED)
_133944_/D (sg13g2_dfrbpq_1)            9.651   10.565   -0.914 (VIOLATED)
_133941_/D (sg13g2_dfrbpq_1)            9.651   10.560   -0.910 (VIOLATED)
_133942_/D (sg13g2_dfrbpq_1)            9.654   10.561   -0.907 (VIOLATED)
_133294_/D (sg13g2_dfrbpq_1)            9.577   10.483   -0.907 (VIOLATED)
_133940_/D (sg13g2_dfrbpq_1)            9.654   10.558   -0.904 (VIOLATED)
_129631_/D (sg13g2_dfrbpq_1)            9.643   10.546   -0.903 (VIOLATED)
_133946_/D (sg13g2_dfrbpq_1)            9.651   10.554   -0.903 (VIOLATED)
_133281_/D (sg13g2_dfrbpq_1)            9.592   10.495   -0.903 (VIOLATED)
_133945_/D (sg13g2_dfrbpq_1)            9.654   10.556   -0.903 (VIOLATED)
_133296_/D (sg13g2_dfrbpq_1)            9.583   10.480   -0.897 (VIOLATED)
_129644_/D (sg13g2_dfrbpq_1)            9.661   10.558   -0.897 (VIOLATED)
_135039_/D (sg13g2_dfrbpq_1)            9.499   10.395   -0.897 (VIOLATED)
_135065_/D (sg13g2_dfrbpq_1)            9.442   10.339   -0.896 (VIOLATED)
_129722_/D (sg13g2_dfrbpq_1)            9.587   10.482   -0.895 (VIOLATED)
_133278_/D (sg13g2_dfrbpq_1)            9.577   10.468   -0.891 (VIOLATED)
_129693_/D (sg13g2_dfrbpq_1)            9.646   10.536   -0.890 (VIOLATED)
_133277_/D (sg13g2_dfrbpq_1)            9.578   10.468   -0.890 (VIOLATED)
_129637_/D (sg13g2_dfrbpq_1)            9.666   10.555   -0.889 (VIOLATED)
_133280_/D (sg13g2_dfrbpq_1)            9.577   10.466   -0.889 (VIOLATED)
_133263_/D (sg13g2_dfrbpq_1)            9.551   10.439   -0.888 (VIOLATED)
_129694_/D (sg13g2_dfrbpq_1)            9.632   10.518   -0.886 (VIOLATED)
_135058_/D (sg13g2_dfrbpq_1)            9.610   10.493   -0.883 (VIOLATED)
_129667_/D (sg13g2_dfrbpq_1)            9.643   10.522   -0.879 (VIOLATED)
_133965_/D (sg13g2_dfrbpq_1)            9.652   10.530   -0.878 (VIOLATED)
_129686_/D (sg13g2_dfrbpq_1)            9.650   10.526   -0.875 (VIOLATED)
_129625_/D (sg13g2_dfrbpq_1)            9.626   10.500   -0.874 (VIOLATED)
_133279_/D (sg13g2_dfrbpq_1)            9.583   10.455   -0.872 (VIOLATED)
_135038_/D (sg13g2_dfrbpq_1)            9.491   10.356   -0.866 (VIOLATED)
_129679_/D (sg13g2_dfrbpq_1)            9.667   10.533   -0.866 (VIOLATED)
_133966_/D (sg13g2_dfrbpq_1)            9.654   10.519   -0.865 (VIOLATED)
_129673_/D (sg13g2_dfrbpq_1)            9.611   10.474   -0.863 (VIOLATED)
_134752_/D (sg13g2_dfrbpq_1)            9.348   10.211   -0.863 (VIOLATED)
_129713_/D (sg13g2_dfrbpq_1)            9.569   10.432   -0.863 (VIOLATED)
_129815_/D (sg13g2_dfrbpq_1)            9.414   10.276   -0.862 (VIOLATED)
_133964_/D (sg13g2_dfrbpq_1)            9.653   10.514   -0.861 (VIOLATED)
_134091_/D (sg13g2_dfrbpq_1)            9.676   10.535   -0.860 (VIOLATED)
_129683_/D (sg13g2_dfrbpq_1)            9.646   10.502   -0.857 (VIOLATED)
_129691_/D (sg13g2_dfrbpq_1)            9.634   10.483   -0.849 (VIOLATED)
_129628_/D (sg13g2_dfrbpq_1)            9.619   10.463   -0.845 (VIOLATED)
_133949_/D (sg13g2_dfrbpq_1)            9.653   10.495   -0.843 (VIOLATED)
_133948_/D (sg13g2_dfrbpq_1)            9.652   10.493   -0.841 (VIOLATED)
_129704_/D (sg13g2_dfrbpq_1)            9.545   10.384   -0.839 (VIOLATED)
_129638_/D (sg13g2_dfrbpq_1)            9.670   10.508   -0.838 (VIOLATED)
_129643_/D (sg13g2_dfrbpq_1)            9.667   10.503   -0.836 (VIOLATED)
_133514_/D (sg13g2_dfrbpq_1)            9.481   10.309   -0.829 (VIOLATED)
_133515_/D (sg13g2_dfrbpq_1)            9.480   10.308   -0.828 (VIOLATED)
_129721_/D (sg13g2_dfrbpq_1)            9.591   10.419   -0.827 (VIOLATED)
_129695_/D (sg13g2_dfrbpq_1)            9.644   10.470   -0.826 (VIOLATED)
_133516_/D (sg13g2_dfrbpq_1)            9.481   10.307   -0.826 (VIOLATED)
_133511_/D (sg13g2_dfrbpq_1)            9.489   10.313   -0.824 (VIOLATED)
_133510_/D (sg13g2_dfrbpq_1)            9.481   10.304   -0.823 (VIOLATED)
_133512_/D (sg13g2_dfrbpq_1)            9.489   10.312   -0.823 (VIOLATED)
_129926_/D (sg13g2_dfrbpq_1)            9.426   10.248   -0.822 (VIOLATED)
_129929_/D (sg13g2_dfrbpq_1)            9.424   10.245   -0.822 (VIOLATED)
_133513_/D (sg13g2_dfrbpq_1)            9.489   10.308   -0.819 (VIOLATED)
_129626_/D (sg13g2_dfrbpq_1)            9.629   10.445   -0.816 (VIOLATED)
_133498_/D (sg13g2_dfrbpq_1)            9.481   10.297   -0.815 (VIOLATED)
_129623_/D (sg13g2_dfrbpq_1)            9.663   10.478   -0.815 (VIOLATED)
_133499_/D (sg13g2_dfrbpq_1)            9.481   10.295   -0.814 (VIOLATED)
_129624_/D (sg13g2_dfrbpq_1)            9.628   10.440   -0.812 (VIOLATED)
_133493_/D (sg13g2_dfrbpq_1)            9.481   10.293   -0.812 (VIOLATED)
_133297_/D (sg13g2_dfrbpq_1)            9.661   10.472   -0.811 (VIOLATED)
_133496_/D (sg13g2_dfrbpq_1)            9.489   10.300   -0.810 (VIOLATED)
_133489_/D (sg13g2_dfrbpq_1)            9.489   10.299   -0.810 (VIOLATED)
_133497_/D (sg13g2_dfrbpq_1)            9.490   10.297   -0.808 (VIOLATED)
_134833_/D (sg13g2_dfrbpq_1)            9.585   10.389   -0.805 (VIOLATED)
_133488_/D (sg13g2_dfrbpq_1)            9.489   10.291   -0.802 (VIOLATED)
_134090_/D (sg13g2_dfrbpq_1)            9.778   10.580   -0.802 (VIOLATED)
_129676_/D (sg13g2_dfrbpq_1)            9.636   10.438   -0.801 (VIOLATED)
_133491_/D (sg13g2_dfrbpq_1)            9.490   10.288   -0.798 (VIOLATED)
_133492_/D (sg13g2_dfrbpq_1)            9.486   10.283   -0.797 (VIOLATED)
_129674_/D (sg13g2_dfrbpq_1)            9.635   10.430   -0.795 (VIOLATED)
_133490_/D (sg13g2_dfrbpq_1)            9.487   10.282   -0.795 (VIOLATED)
_133494_/D (sg13g2_dfrbpq_1)            9.514   10.300   -0.786 (VIOLATED)
_129682_/D (sg13g2_dfrbpq_1)            9.651   10.435   -0.784 (VIOLATED)
_133495_/D (sg13g2_dfrbpq_1)            9.516   10.297   -0.781 (VIOLATED)
_134834_/D (sg13g2_dfrbpq_1)            9.606   10.383   -0.777 (VIOLATED)
_129675_/D (sg13g2_dfrbpq_1)            9.644   10.413   -0.769 (VIOLATED)
_129692_/D (sg13g2_dfrbpq_1)            9.645   10.413   -0.768 (VIOLATED)
_129681_/D (sg13g2_dfrbpq_1)            9.649   10.416   -0.766 (VIOLATED)
_129816_/D (sg13g2_dfrbpq_1)            9.410   10.171   -0.761 (VIOLATED)
_133264_/D (sg13g2_dfrbpq_1)            9.660   10.417   -0.757 (VIOLATED)
_135027_/D (sg13g2_dfrbpq_1)            9.606   10.363   -0.757 (VIOLATED)
_134913_/D (sg13g2_dfrbpq_1)            9.524   10.271   -0.747 (VIOLATED)
_133487_/D (sg13g2_dfrbpq_1)            9.508   10.246   -0.739 (VIOLATED)
_129516_/D (sg13g2_dfrbpq_1)            9.601   10.339   -0.738 (VIOLATED)
_133506_/D (sg13g2_dfrbpq_1)            9.489   10.221   -0.733 (VIOLATED)
_135149_/D (sg13g2_dfrbpq_1)            9.523   10.250   -0.728 (VIOLATED)
_133505_/D (sg13g2_dfrbpq_1)            9.484   10.204   -0.720 (VIOLATED)
_133507_/D (sg13g2_dfrbpq_1)            9.484   10.203   -0.720 (VIOLATED)
_135037_/D (sg13g2_dfrbpq_1)            9.623   10.340   -0.717 (VIOLATED)
_133509_/D (sg13g2_dfrbpq_1)            9.487   10.203   -0.717 (VIOLATED)
_133508_/D (sg13g2_dfrbpq_1)            9.487   10.203   -0.716 (VIOLATED)
_135052_/D (sg13g2_dfrbpq_1)            9.465   10.163   -0.698 (VIOLATED)
_129690_/D (sg13g2_dfrbpq_1)            9.633   10.319   -0.686 (VIOLATED)
_130087_/D (sg13g2_dfrbpq_1)            9.594   10.277   -0.682 (VIOLATED)
_134920_/D (sg13g2_dfrbpq_1)            9.517   10.199   -0.682 (VIOLATED)
_133504_/D (sg13g2_dfrbpq_1)            9.486   10.159   -0.673 (VIOLATED)
_129687_/D (sg13g2_dfrbpq_1)            9.668   10.338   -0.670 (VIOLATED)
_133486_/D (sg13g2_dfrbpq_1)            9.503   10.163   -0.660 (VIOLATED)
_130062_/D (sg13g2_dfrbpq_1)            9.452   10.099   -0.647 (VIOLATED)
_130060_/D (sg13g2_dfrbpq_1)            9.442   10.087   -0.645 (VIOLATED)
_134699_/D (sg13g2_dfrbpq_1)            9.589   10.229   -0.640 (VIOLATED)
_129689_/D (sg13g2_dfrbpq_1)            9.649   10.287   -0.639 (VIOLATED)
_130058_/D (sg13g2_dfrbpq_1)            9.590   10.225   -0.635 (VIOLATED)
_130059_/D (sg13g2_dfrbpq_1)            9.590   10.221   -0.632 (VIOLATED)
_135072_/D (sg13g2_dfrbpq_1)            9.684   10.312   -0.627 (VIOLATED)
_129688_/D (sg13g2_dfrbpq_1)            9.663   10.274   -0.612 (VIOLATED)
_134080_/D (sg13g2_dfrbpq_1)            9.632   10.242   -0.609 (VIOLATED)
_133521_/D (sg13g2_dfrbpq_1)            9.483   10.084   -0.601 (VIOLATED)
_133502_/D (sg13g2_dfrbpq_1)            9.484   10.085   -0.601 (VIOLATED)
_133501_/D (sg13g2_dfrbpq_1)            9.483   10.083   -0.600 (VIOLATED)
_129496_/D (sg13g2_dfrbpq_1)            9.606   10.206   -0.599 (VIOLATED)
_133500_/D (sg13g2_dfrbpq_1)            9.482   10.079   -0.597 (VIOLATED)
_133503_/D (sg13g2_dfrbpq_1)            9.484   10.081   -0.597 (VIOLATED)
_129517_/D (sg13g2_dfrbpq_1)            9.614   10.208   -0.594 (VIOLATED)
_129845_/D (sg13g2_dfrbpq_1)            9.387    9.968   -0.581 (VIOLATED)
_135148_/D (sg13g2_dfrbpq_1)            9.487   10.065   -0.578 (VIOLATED)
_135049_/D (sg13g2_dfrbpq_1)            9.507   10.085   -0.578 (VIOLATED)
_129927_/D (sg13g2_dfrbpq_1)            9.442   10.014   -0.572 (VIOLATED)
_135040_/D (sg13g2_dfrbpq_1)            9.674   10.245   -0.571 (VIOLATED)
_129818_/D (sg13g2_dfrbpq_1)            9.410    9.980   -0.570 (VIOLATED)
_129925_/D (sg13g2_dfrbpq_1)            9.442   10.009   -0.568 (VIOLATED)
_129819_/D (sg13g2_dfrbpq_1)            9.412    9.979   -0.567 (VIOLATED)
_130035_/D (sg13g2_dfrbpq_1)            9.551   10.111   -0.561 (VIOLATED)
_130045_/D (sg13g2_dfrbpq_1)            9.593   10.153   -0.560 (VIOLATED)
_129518_/D (sg13g2_dfrbpq_1)            9.760   10.319   -0.559 (VIOLATED)
_134690_/D (sg13g2_dfrbpq_1)            9.586   10.136   -0.550 (VIOLATED)
_130047_/D (sg13g2_dfrbpq_1)            9.487   10.037   -0.549 (VIOLATED)
_130037_/D (sg13g2_dfrbpq_1)            9.555   10.104   -0.549 (VIOLATED)
_134832_/D (sg13g2_dfrbpq_1)            9.609   10.154   -0.546 (VIOLATED)
_134721_/D (sg13g2_dfrbpq_1)            9.594   10.140   -0.546 (VIOLATED)
_129817_/D (sg13g2_dfrbpq_1)            9.473   10.013   -0.540 (VIOLATED)
_134828_/D (sg13g2_dfrbpq_1)            9.619   10.158   -0.539 (VIOLATED)
_133519_/D (sg13g2_dfrbpq_1)            9.485   10.021   -0.535 (VIOLATED)
_133518_/D (sg13g2_dfrbpq_1)            9.483   10.010   -0.528 (VIOLATED)
_133517_/D (sg13g2_dfrbpq_1)            9.484   10.011   -0.527 (VIOLATED)
_133520_/D (sg13g2_dfrbpq_1)            9.484   10.009   -0.525 (VIOLATED)
_129877_/D (sg13g2_dfrbpq_1)            9.442    9.955   -0.514 (VIOLATED)
_129879_/D (sg13g2_dfrbpq_1)            9.428    9.940   -0.512 (VIOLATED)
_135046_/D (sg13g2_dfrbpq_1)            9.503   10.009   -0.506 (VIOLATED)
_129745_/D (sg13g2_dfrbpq_1)            9.555   10.053   -0.498 (VIOLATED)
_129746_/D (sg13g2_dfrbpq_1)            9.565   10.062   -0.497 (VIOLATED)
_129847_/D (sg13g2_dfrbpq_1)            9.456    9.949   -0.492 (VIOLATED)
_134722_/D (sg13g2_dfrbpq_1)            9.600   10.092   -0.491 (VIOLATED)
_129909_/D (sg13g2_dfrbpq_1)            9.430    9.919   -0.489 (VIOLATED)
_130043_/D (sg13g2_dfrbpq_1)            9.510    9.996   -0.486 (VIOLATED)
_130025_/D (sg13g2_dfrbpq_1)            9.573   10.058   -0.484 (VIOLATED)
_134719_/D (sg13g2_dfrbpq_1)            9.593   10.069   -0.475 (VIOLATED)
_130038_/D (sg13g2_dfrbpq_1)            9.521    9.994   -0.473 (VIOLATED)
_130016_/D (sg13g2_dfrbpq_1)            9.615   10.083   -0.468 (VIOLATED)
_134720_/D (sg13g2_dfrbpq_1)            9.594   10.056   -0.463 (VIOLATED)
_134718_/D (sg13g2_dfrbpq_1)            9.595   10.056   -0.461 (VIOLATED)
_130046_/D (sg13g2_dfrbpq_1)            9.592   10.045   -0.453 (VIOLATED)
_130061_/D (sg13g2_dfrbpq_1)            9.555   10.007   -0.452 (VIOLATED)
_134717_/D (sg13g2_dfrbpq_1)            9.595   10.043   -0.448 (VIOLATED)
_129911_/D (sg13g2_dfrbpq_1)            9.431    9.876   -0.445 (VIOLATED)
_134694_/D (sg13g2_dfrbpq_1)            9.591   10.035   -0.444 (VIOLATED)
_130051_/D (sg13g2_dfrbpq_1)            9.524    9.957   -0.433 (VIOLATED)
_129848_/D (sg13g2_dfrbpq_1)            9.397    9.820   -0.423 (VIOLATED)
_130050_/D (sg13g2_dfrbpq_1)            9.530    9.952   -0.423 (VIOLATED)
_130018_/D (sg13g2_dfrbpq_1)            9.587   10.010   -0.423 (VIOLATED)
_135145_/D (sg13g2_dfrbpq_1)            9.528    9.949   -0.421 (VIOLATED)
_129880_/D (sg13g2_dfrbpq_1)            9.395    9.816   -0.420 (VIOLATED)
_130044_/D (sg13g2_dfrbpq_1)            9.592   10.010   -0.418 (VIOLATED)
_130020_/D (sg13g2_dfrbpq_1)            9.522    9.940   -0.417 (VIOLATED)
_129906_/D (sg13g2_dfrbpq_1)            9.430    9.846   -0.415 (VIOLATED)
_130057_/D (sg13g2_dfrbpq_1)            9.519    9.931   -0.412 (VIOLATED)
_129885_/D (sg13g2_dfrbpq_1)            9.427    9.832   -0.406 (VIOLATED)
_129814_/D (sg13g2_dfrbpq_1)            9.461    9.865   -0.404 (VIOLATED)
_130065_/D (sg13g2_dfrbpq_1)            9.506    9.906   -0.400 (VIOLATED)
_130024_/D (sg13g2_dfrbpq_1)            9.574    9.972   -0.397 (VIOLATED)
_129901_/D (sg13g2_dfrbpq_1)            9.418    9.814   -0.397 (VIOLATED)
_134750_/D (sg13g2_dfrbpq_1)            9.341    9.735   -0.394 (VIOLATED)
_130088_/D (sg13g2_dfrbpq_1)            9.605    9.994   -0.389 (VIOLATED)
_129923_/D (sg13g2_dfrbpq_1)            9.441    9.828   -0.387 (VIOLATED)
_129907_/D (sg13g2_dfrbpq_1)            9.433    9.820   -0.386 (VIOLATED)
_134918_/D (sg13g2_dfrbpq_1)            9.488    9.874   -0.385 (VIOLATED)
_130017_/D (sg13g2_dfrbpq_1)            9.526    9.904   -0.378 (VIOLATED)
_129812_/D (sg13g2_dfrbpq_1)            9.458    9.834   -0.376 (VIOLATED)
_129831_/D (sg13g2_dfrbpq_1)            9.393    9.758   -0.365 (VIOLATED)
_129829_/D (sg13g2_dfrbpq_1)            9.397    9.762   -0.364 (VIOLATED)
_129843_/D (sg13g2_dfrbpq_1)            9.417    9.778   -0.361 (VIOLATED)
_129744_/D (sg13g2_dfrbpq_1)            9.611    9.968   -0.357 (VIOLATED)
_129912_/D (sg13g2_dfrbpq_1)            9.422    9.777   -0.355 (VIOLATED)
_135043_/D (sg13g2_dfrbpq_1)            9.679   10.032   -0.353 (VIOLATED)
_134732_/D (sg13g2_dfrbpq_1)            9.595    9.948   -0.352 (VIOLATED)
_130036_/D (sg13g2_dfrbpq_1)            9.567    9.919   -0.352 (VIOLATED)
_129884_/D (sg13g2_dfrbpq_1)            9.426    9.775   -0.349 (VIOLATED)
_130021_/D (sg13g2_dfrbpq_1)            9.605    9.951   -0.346 (VIOLATED)
_134919_/D (sg13g2_dfrbpq_1)            9.504    9.846   -0.342 (VIOLATED)
_134691_/D (sg13g2_dfrbpq_1)            9.583    9.919   -0.336 (VIOLATED)
_134730_/D (sg13g2_dfrbpq_1)            9.596    9.930   -0.334 (VIOLATED)
_130029_/D (sg13g2_dfrbpq_1)            9.475    9.807   -0.332 (VIOLATED)
_130068_/D (sg13g2_dfrbpq_1)            9.566    9.895   -0.330 (VIOLATED)
_129893_/D (sg13g2_dfrbpq_1)            9.387    9.714   -0.327 (VIOLATED)
_130069_/D (sg13g2_dfrbpq_1)            9.602    9.928   -0.326 (VIOLATED)
_134740_/D (sg13g2_dfrbpq_1)            9.598    9.921   -0.323 (VIOLATED)
_134727_/D (sg13g2_dfrbpq_1)            9.609    9.931   -0.323 (VIOLATED)
_129900_/D (sg13g2_dfrbpq_1)            9.435    9.756   -0.321 (VIOLATED)
_130064_/D (sg13g2_dfrbpq_1)            9.543    9.864   -0.321 (VIOLATED)
_134693_/D (sg13g2_dfrbpq_1)            9.592    9.914   -0.321 (VIOLATED)
_134728_/D (sg13g2_dfrbpq_1)            9.609    9.929   -0.320 (VIOLATED)
_134726_/D (sg13g2_dfrbpq_1)            9.608    9.928   -0.319 (VIOLATED)
_134731_/D (sg13g2_dfrbpq_1)            9.607    9.925   -0.318 (VIOLATED)
_130070_/D (sg13g2_dfrbpq_1)            9.603    9.921   -0.317 (VIOLATED)
_129822_/D (sg13g2_dfrbpq_1)            9.445    9.762   -0.317 (VIOLATED)
_134733_/D (sg13g2_dfrbpq_1)            9.609    9.925   -0.317 (VIOLATED)
_134739_/D (sg13g2_dfrbpq_1)            9.597    9.910   -0.313 (VIOLATED)
_129821_/D (sg13g2_dfrbpq_1)            9.455    9.765   -0.310 (VIOLATED)
_134735_/D (sg13g2_dfrbpq_1)            9.608    9.917   -0.310 (VIOLATED)
_130031_/D (sg13g2_dfrbpq_1)            9.561    9.870   -0.309 (VIOLATED)
_130022_/D (sg13g2_dfrbpq_1)            9.571    9.879   -0.308 (VIOLATED)
_130039_/D (sg13g2_dfrbpq_1)            9.582    9.888   -0.306 (VIOLATED)
_134751_/D (sg13g2_dfrbpq_1)            9.422    9.725   -0.304 (VIOLATED)
_133739_/D (sg13g2_dfrbpq_1)            9.621    9.925   -0.303 (VIOLATED)
_130066_/D (sg13g2_dfrbpq_1)            9.544    9.844   -0.300 (VIOLATED)
_130067_/D (sg13g2_dfrbpq_1)            9.572    9.871   -0.299 (VIOLATED)
_134738_/D (sg13g2_dfrbpq_1)            9.601    9.899   -0.298 (VIOLATED)
_134734_/D (sg13g2_dfrbpq_1)            9.615    9.911   -0.296 (VIOLATED)
_134736_/D (sg13g2_dfrbpq_1)            9.615    9.910   -0.295 (VIOLATED)
_129827_/D (sg13g2_dfrbpq_1)            9.441    9.736   -0.295 (VIOLATED)
_133737_/D (sg13g2_dfrbpq_1)            9.621    9.916   -0.295 (VIOLATED)
_133738_/D (sg13g2_dfrbpq_1)            9.621    9.915   -0.294 (VIOLATED)
_129842_/D (sg13g2_dfrbpq_1)            9.417    9.711   -0.294 (VIOLATED)
_134737_/D (sg13g2_dfrbpq_1)            9.608    9.902   -0.294 (VIOLATED)
_129904_/D (sg13g2_dfrbpq_1)            9.431    9.725   -0.293 (VIOLATED)
_130023_/D (sg13g2_dfrbpq_1)            9.544    9.837   -0.293 (VIOLATED)
_133733_/D (sg13g2_dfrbpq_1)            9.609    9.902   -0.293 (VIOLATED)
_133734_/D (sg13g2_dfrbpq_1)            9.609    9.901   -0.292 (VIOLATED)
_134729_/D (sg13g2_dfrbpq_1)            9.600    9.891   -0.291 (VIOLATED)
_129826_/D (sg13g2_dfrbpq_1)            9.445    9.735   -0.290 (VIOLATED)
_130048_/D (sg13g2_dfrbpq_1)            9.483    9.772   -0.289 (VIOLATED)
_133736_/D (sg13g2_dfrbpq_1)            9.623    9.911   -0.288 (VIOLATED)
_133735_/D (sg13g2_dfrbpq_1)            9.615    9.902   -0.287 (VIOLATED)
_130040_/D (sg13g2_dfrbpq_1)            9.566    9.854   -0.287 (VIOLATED)
_133729_/D (sg13g2_dfrbpq_1)            9.620    9.904   -0.284 (VIOLATED)
_129820_/D (sg13g2_dfrbpq_1)            9.444    9.727   -0.283 (VIOLATED)
_129833_/D (sg13g2_dfrbpq_1)            9.388    9.668   -0.279 (VIOLATED)
_129823_/D (sg13g2_dfrbpq_1)            9.457    9.736   -0.279 (VIOLATED)
_134697_/D (sg13g2_dfrbpq_1)            9.609    9.888   -0.279 (VIOLATED)
_133732_/D (sg13g2_dfrbpq_1)            9.608    9.886   -0.278 (VIOLATED)
_133730_/D (sg13g2_dfrbpq_1)            9.621    9.897   -0.276 (VIOLATED)
_133731_/D (sg13g2_dfrbpq_1)            9.608    9.884   -0.276 (VIOLATED)
_135026_/D (sg13g2_dfrbpq_1)            9.563    9.839   -0.276 (VIOLATED)
_130033_/D (sg13g2_dfrbpq_1)            9.542    9.818   -0.276 (VIOLATED)
_130030_/D (sg13g2_dfrbpq_1)            9.577    9.853   -0.275 (VIOLATED)
_129825_/D (sg13g2_dfrbpq_1)            9.443    9.719   -0.275 (VIOLATED)
_129888_/D (sg13g2_dfrbpq_1)            9.403    9.678   -0.275 (VIOLATED)
_130026_/D (sg13g2_dfrbpq_1)            9.579    9.853   -0.274 (VIOLATED)
_130019_/D (sg13g2_dfrbpq_1)            9.587    9.857   -0.270 (VIOLATED)
_129882_/D (sg13g2_dfrbpq_1)            9.390    9.659   -0.270 (VIOLATED)
_129903_/D (sg13g2_dfrbpq_1)            9.435    9.704   -0.269 (VIOLATED)
_130054_/D (sg13g2_dfrbpq_1)            9.570    9.839   -0.269 (VIOLATED)
_130049_/D (sg13g2_dfrbpq_1)            9.546    9.814   -0.268 (VIOLATED)
_129824_/D (sg13g2_dfrbpq_1)            9.446    9.713   -0.267 (VIOLATED)
_133728_/D (sg13g2_dfrbpq_1)            9.621    9.888   -0.267 (VIOLATED)
_133719_/D (sg13g2_dfrbpq_1)            9.609    9.875   -0.267 (VIOLATED)
_129850_/D (sg13g2_dfrbpq_1)            9.397    9.663   -0.266 (VIOLATED)
_133712_/D (sg13g2_dfrbpq_1)            9.621    9.884   -0.263 (VIOLATED)
_133718_/D (sg13g2_dfrbpq_1)            9.610    9.868   -0.258 (VIOLATED)
_133717_/D (sg13g2_dfrbpq_1)            9.619    9.876   -0.257 (VIOLATED)
_129883_/D (sg13g2_dfrbpq_1)            9.399    9.656   -0.257 (VIOLATED)
_133722_/D (sg13g2_dfrbpq_1)            9.621    9.877   -0.256 (VIOLATED)
_133721_/D (sg13g2_dfrbpq_1)            9.620    9.875   -0.255 (VIOLATED)
_130063_/D (sg13g2_dfrbpq_1)            9.563    9.817   -0.254 (VIOLATED)
_129895_/D (sg13g2_dfrbpq_1)            9.420    9.674   -0.254 (VIOLATED)
_129922_/D (sg13g2_dfrbpq_1)            9.442    9.696   -0.253 (VIOLATED)
_130053_/D (sg13g2_dfrbpq_1)            9.552    9.805   -0.253 (VIOLATED)
_133720_/D (sg13g2_dfrbpq_1)            9.621    9.873   -0.252 (VIOLATED)
_133714_/D (sg13g2_dfrbpq_1)            9.609    9.861   -0.252 (VIOLATED)
_133716_/D (sg13g2_dfrbpq_1)            9.615    9.865   -0.251 (VIOLATED)
_129851_/D (sg13g2_dfrbpq_1)            9.395    9.646   -0.251 (VIOLATED)
_129891_/D (sg13g2_dfrbpq_1)            9.436    9.687   -0.251 (VIOLATED)
_129881_/D (sg13g2_dfrbpq_1)            9.398    9.648   -0.250 (VIOLATED)
_133715_/D (sg13g2_dfrbpq_1)            9.609    9.859   -0.250 (VIOLATED)
_129835_/D (sg13g2_dfrbpq_1)            9.412    9.660   -0.248 (VIOLATED)
_134695_/D (sg13g2_dfrbpq_1)            9.609    9.857   -0.248 (VIOLATED)
_133713_/D (sg13g2_dfrbpq_1)            9.620    9.867   -0.247 (VIOLATED)
_134725_/D (sg13g2_dfrbpq_1)            9.607    9.852   -0.245 (VIOLATED)
_133711_/D (sg13g2_dfrbpq_1)            9.621    9.861   -0.240 (VIOLATED)
_129905_/D (sg13g2_dfrbpq_1)            9.427    9.665   -0.239 (VIOLATED)
_129889_/D (sg13g2_dfrbpq_1)            9.433    9.670   -0.237 (VIOLATED)
_135402_/D (sg13g2_dfrbpq_1)            9.473    9.707   -0.234 (VIOLATED)
_135147_/D (sg13g2_dfrbpq_1)            9.503    9.732   -0.229 (VIOLATED)
_129849_/D (sg13g2_dfrbpq_1)            9.457    9.684   -0.227 (VIOLATED)
_135211_/D (sg13g2_dfrbpq_1)            9.477    9.702   -0.225 (VIOLATED)
_129890_/D (sg13g2_dfrbpq_1)            9.425    9.647   -0.222 (VIOLATED)
_129914_/D (sg13g2_dfrbpq_1)            9.389    9.611   -0.221 (VIOLATED)
_129897_/D (sg13g2_dfrbpq_1)            9.396    9.614   -0.218 (VIOLATED)
_134827_/D (sg13g2_dfrbpq_1)            9.631    9.848   -0.217 (VIOLATED)
_134702_/D (sg13g2_dfrbpq_1)            9.609    9.825   -0.216 (VIOLATED)
_134696_/D (sg13g2_dfrbpq_1)            9.608    9.820   -0.213 (VIOLATED)
_129832_/D (sg13g2_dfrbpq_1)            9.416    9.627   -0.211 (VIOLATED)
_135021_/D (sg13g2_dfrbpq_1)            9.587    9.794   -0.208 (VIOLATED)
_129924_/D (sg13g2_dfrbpq_1)            9.435    9.636   -0.200 (VIOLATED)
_129804_/D (sg13g2_dfrbpq_1)            9.458    9.656   -0.199 (VIOLATED)
_130034_/D (sg13g2_dfrbpq_1)            9.514    9.712   -0.198 (VIOLATED)
_129887_/D (sg13g2_dfrbpq_1)            9.430    9.625   -0.195 (VIOLATED)
_134700_/D (sg13g2_dfrbpq_1)            9.610    9.803   -0.193 (VIOLATED)
_129844_/D (sg13g2_dfrbpq_1)            9.390    9.583   -0.192 (VIOLATED)
_129902_/D (sg13g2_dfrbpq_1)            9.436    9.627   -0.191 (VIOLATED)
_135401_/D (sg13g2_dfrbpq_1)            9.397    9.585   -0.188 (VIOLATED)
_135382_/D (sg13g2_dfrbpq_1)            9.474    9.660   -0.186 (VIOLATED)
_129782_/D (sg13g2_dfrbpq_1)            9.435    9.620   -0.185 (VIOLATED)
_129913_/D (sg13g2_dfrbpq_1)            9.421    9.604   -0.183 (VIOLATED)
_129837_/D (sg13g2_dfrbpq_1)            9.436    9.614   -0.178 (VIOLATED)
_129878_/D (sg13g2_dfrbpq_1)            9.399    9.575   -0.176 (VIOLATED)
_129978_/D (sg13g2_dfrbpq_1)            9.479    9.655   -0.176 (VIOLATED)
_129846_/D (sg13g2_dfrbpq_1)            9.397    9.569   -0.173 (VIOLATED)
_129886_/D (sg13g2_dfrbpq_1)            9.439    9.606   -0.167 (VIOLATED)
_130052_/D (sg13g2_dfrbpq_1)            9.587    9.750   -0.163 (VIOLATED)
_129921_/D (sg13g2_dfrbpq_1)            9.442    9.604   -0.161 (VIOLATED)
_133744_/D (sg13g2_dfrbpq_1)            9.604    9.764   -0.161 (VIOLATED)
_130032_/D (sg13g2_dfrbpq_1)            9.570    9.727   -0.157 (VIOLATED)
_129828_/D (sg13g2_dfrbpq_1)            9.445    9.598   -0.153 (VIOLATED)
_134723_/D (sg13g2_dfrbpq_1)            9.600    9.753   -0.152 (VIOLATED)
_129836_/D (sg13g2_dfrbpq_1)            9.438    9.590   -0.152 (VIOLATED)
_129915_/D (sg13g2_dfrbpq_1)            9.420    9.571   -0.151 (VIOLATED)
_134089_/D (sg13g2_dfrbpq_1)            9.781    9.928   -0.148 (VIOLATED)
_129838_/D (sg13g2_dfrbpq_1)            9.448    9.592   -0.143 (VIOLATED)
_130041_/D (sg13g2_dfrbpq_1)            9.585    9.729   -0.143 (VIOLATED)
_133727_/D (sg13g2_dfrbpq_1)            9.604    9.744   -0.140 (VIOLATED)
_129894_/D (sg13g2_dfrbpq_1)            9.438    9.577   -0.139 (VIOLATED)
_129839_/D (sg13g2_dfrbpq_1)            9.449    9.586   -0.137 (VIOLATED)
_129892_/D (sg13g2_dfrbpq_1)            9.434    9.570   -0.135 (VIOLATED)
_129805_/D (sg13g2_dfrbpq_1)            9.456    9.589   -0.134 (VIOLATED)
_134724_/D (sg13g2_dfrbpq_1)            9.600    9.734   -0.133 (VIOLATED)
_129810_/D (sg13g2_dfrbpq_1)            9.457    9.590   -0.133 (VIOLATED)
_129896_/D (sg13g2_dfrbpq_1)            9.425    9.556   -0.131 (VIOLATED)
_133726_/D (sg13g2_dfrbpq_1)            9.584    9.711   -0.127 (VIOLATED)
_134711_/D (sg13g2_dfrbpq_1)            9.614    9.737   -0.124 (VIOLATED)
_129830_/D (sg13g2_dfrbpq_1)            9.445    9.568   -0.123 (VIOLATED)
_129899_/D (sg13g2_dfrbpq_1)            9.438    9.558   -0.120 (VIOLATED)
_129840_/D (sg13g2_dfrbpq_1)            9.434    9.554   -0.120 (VIOLATED)
_129910_/D (sg13g2_dfrbpq_1)            9.427    9.546   -0.119 (VIOLATED)
_130027_/D (sg13g2_dfrbpq_1)            9.586    9.686   -0.101 (VIOLATED)
_134707_/D (sg13g2_dfrbpq_1)            9.592    9.693   -0.101 (VIOLATED)
_133709_/D (sg13g2_dfrbpq_1)            9.608    9.708   -0.100 (VIOLATED)
_133723_/D (sg13g2_dfrbpq_1)            9.622    9.719   -0.097 (VIOLATED)
_134713_/D (sg13g2_dfrbpq_1)            9.600    9.697   -0.097 (VIOLATED)
_133032_/D (sg13g2_dfrbpq_1)            9.607    9.701   -0.094 (VIOLATED)
_133724_/D (sg13g2_dfrbpq_1)            9.620    9.713   -0.093 (VIOLATED)
_133725_/D (sg13g2_dfrbpq_1)            9.622    9.715   -0.093 (VIOLATED)
_129876_/D (sg13g2_dfrbpq_1)            9.458    9.550   -0.092 (VIOLATED)
_129811_/D (sg13g2_dfrbpq_1)            9.456    9.548   -0.092 (VIOLATED)
_134710_/D (sg13g2_dfrbpq_1)            9.615    9.706   -0.091 (VIOLATED)
_129908_/D (sg13g2_dfrbpq_1)            9.431    9.521   -0.090 (VIOLATED)
_135400_/D (sg13g2_dfrbpq_1)            9.455    9.541   -0.085 (VIOLATED)
_134715_/D (sg13g2_dfrbpq_1)            9.601    9.683   -0.082 (VIOLATED)
_135144_/D (sg13g2_dfrbpq_1)            9.529    9.610   -0.081 (VIOLATED)
_133742_/D (sg13g2_dfrbpq_1)            9.586    9.667   -0.081 (VIOLATED)
_134705_/D (sg13g2_dfrbpq_1)            9.608    9.680   -0.072 (VIOLATED)
_129841_/D (sg13g2_dfrbpq_1)            9.447    9.520   -0.072 (VIOLATED)
_133710_/D (sg13g2_dfrbpq_1)            9.619    9.690   -0.071 (VIOLATED)
_133743_/D (sg13g2_dfrbpq_1)            9.585    9.653   -0.068 (VIOLATED)
_129861_/D (sg13g2_dfrbpq_1)            9.438    9.501   -0.063 (VIOLATED)
_129800_/D (sg13g2_dfrbpq_1)            9.459    9.520   -0.061 (VIOLATED)
_129834_/D (sg13g2_dfrbpq_1)            9.398    9.454   -0.056 (VIOLATED)
_134708_/D (sg13g2_dfrbpq_1)            9.556    9.607   -0.051 (VIOLATED)
_129781_/D (sg13g2_dfrbpq_1)            9.436    9.485   -0.049 (VIOLATED)
_134917_/D (sg13g2_dfrbpq_1)            9.500    9.549   -0.048 (VIOLATED)
_134912_/D (sg13g2_dfrbpq_1)            9.700    9.748   -0.048 (VIOLATED)
_130028_/D (sg13g2_dfrbpq_1)            9.597    9.643   -0.046 (VIOLATED)
_133740_/D (sg13g2_dfrbpq_1)            9.622    9.665   -0.043 (VIOLATED)
_133741_/D (sg13g2_dfrbpq_1)            9.620    9.657   -0.037 (VIOLATED)
_134831_/D (sg13g2_dfrbpq_1)            9.578    9.611   -0.033 (VIOLATED)
_134703_/D (sg13g2_dfrbpq_1)            9.610    9.642   -0.032 (VIOLATED)
_129802_/D (sg13g2_dfrbpq_1)            9.459    9.485   -0.027 (VIOLATED)
_134704_/D (sg13g2_dfrbpq_1)            9.607    9.633   -0.026 (VIOLATED)
_129797_/D (sg13g2_dfrbpq_1)            9.470    9.489   -0.019 (VIOLATED)
_129875_/D (sg13g2_dfrbpq_1)            9.430    9.446   -0.016 (VIOLATED)
_129865_/D (sg13g2_dfrbpq_1)            9.437    9.451   -0.014 (VIOLATED)
_130015_/D (sg13g2_dfrbpq_1)            9.572    9.584   -0.012 (VIOLATED)
_129863_/D (sg13g2_dfrbpq_1)            9.441    9.453   -0.012 (VIOLATED)
_129515_/D (sg13g2_dfrbpq_1)            9.613    9.616   -0.004 (VIOLATED)
_130055_/D (sg13g2_dfrbpq_1)            9.562    9.563   -0.001 (VIOLATED)
_134701_/D (sg13g2_dfrbpq_1)            9.590    9.589    0.001 (MET)
_129874_/D (sg13g2_dfrbpq_1)            9.448    9.444    0.004 (MET)
_130760_/D (sg13g2_dfrbpq_1)            9.437    9.431    0.006 (MET)
_130755_/D (sg13g2_dfrbpq_1)            9.432    9.422    0.010 (MET)
_130759_/D (sg13g2_dfrbpq_1)            9.440    9.422    0.018 (MET)
_130761_/D (sg13g2_dfrbpq_1)            9.435    9.417    0.018 (MET)
_129514_/D (sg13g2_dfrbpq_1)            9.580    9.561    0.019 (MET)
_130757_/D (sg13g2_dfrbpq_1)            9.452    9.433    0.019 (MET)
_130758_/D (sg13g2_dfrbpq_1)            9.455    9.434    0.020 (MET)
_130756_/D (sg13g2_dfrbpq_1)            9.453    9.426    0.027 (MET)
_129796_/D (sg13g2_dfrbpq_1)            9.472    9.440    0.033 (MET)
_129898_/D (sg13g2_dfrbpq_1)            9.440    9.403    0.037 (MET)
_134698_/D (sg13g2_dfrbpq_1)            9.627    9.579    0.047 (MET)
_134706_/D (sg13g2_dfrbpq_1)            9.608    9.557    0.052 (MET)
_129801_/D (sg13g2_dfrbpq_1)            9.591    9.535    0.056 (MET)
_130042_/D (sg13g2_dfrbpq_1)            9.581    9.524    0.056 (MET)
_129809_/D (sg13g2_dfrbpq_1)            9.457    9.397    0.060 (MET)
_130056_/D (sg13g2_dfrbpq_1)            9.582    9.522    0.061 (MET)
_129806_/D (sg13g2_dfrbpq_1)            9.458    9.393    0.065 (MET)
_135025_/D (sg13g2_dfrbpq_1)            9.607    9.537    0.070 (MET)
_129869_/D (sg13g2_dfrbpq_1)            9.430    9.359    0.071 (MET)
_134714_/D (sg13g2_dfrbpq_1)            9.614    9.540    0.074 (MET)
_135020_/D (sg13g2_dfrbpq_1)            9.574    9.489    0.085 (MET)
_134692_/D (sg13g2_dfrbpq_1)            9.587    9.499    0.088 (MET)
_129870_/D (sg13g2_dfrbpq_1)            9.430    9.339    0.090 (MET)
_129871_/D (sg13g2_dfrbpq_1)            9.427    9.336    0.091 (MET)
_129807_/D (sg13g2_dfrbpq_1)            9.458    9.367    0.091 (MET)
_130735_/D (sg13g2_dfrbpq_1)            9.438    9.344    0.094 (MET)
_130384_/D (sg13g2_dfrbpq_1)            9.431    9.336    0.094 (MET)
_133033_/D (sg13g2_dfrbpq_1)            9.606    9.509    0.097 (MET)
_129868_/D (sg13g2_dfrbpq_1)            9.421    9.320    0.102 (MET)
_129873_/D (sg13g2_dfrbpq_1)            9.452    9.349    0.103 (MET)
_132933_/D (sg13g2_dfrbpq_1)            9.453    9.347    0.107 (MET)
_130736_/D (sg13g2_dfrbpq_1)            9.440    9.333    0.108 (MET)
_132930_/D (sg13g2_dfrbpq_1)            9.457    9.348    0.109 (MET)
_132932_/D (sg13g2_dfrbpq_1)            9.457    9.347    0.110 (MET)
_129798_/D (sg13g2_dfrbpq_1)            9.586    9.476    0.110 (MET)
_132931_/D (sg13g2_dfrbpq_1)            9.451    9.339    0.112 (MET)
_133474_/D (sg13g2_dfrbpq_1)            9.619    9.506    0.113 (MET)
_132929_/D (sg13g2_dfrbpq_1)            9.458    9.342    0.116 (MET)
_130385_/D (sg13g2_dfrbpq_1)            9.431    9.314    0.117 (MET)
_129864_/D (sg13g2_dfrbpq_1)            9.440    9.321    0.120 (MET)
_130389_/D (sg13g2_dfrbpq_1)            9.437    9.317    0.121 (MET)
_133479_/D (sg13g2_dfrbpq_1)            9.620    9.497    0.124 (MET)
_133480_/D (sg13g2_dfrbpq_1)            9.621    9.497    0.124 (MET)
_130390_/D (sg13g2_dfrbpq_1)            9.438    9.313    0.125 (MET)
_130387_/D (sg13g2_dfrbpq_1)            9.450    9.325    0.125 (MET)
_129975_/D (sg13g2_dfrbpq_1)            9.480    9.352    0.128 (MET)
_130543_/D (sg13g2_dfrbpq_1)            9.427    9.298    0.129 (MET)
_130388_/D (sg13g2_dfrbpq_1)            9.453    9.323    0.129 (MET)
_129984_/D (sg13g2_dfrbpq_1)            9.485    9.355    0.130 (MET)
_134916_/D (sg13g2_dfrbpq_1)            9.500    9.367    0.132 (MET)
_129808_/D (sg13g2_dfrbpq_1)            9.458    9.323    0.135 (MET)
_130730_/D (sg13g2_dfrbpq_1)            9.411    9.275    0.136 (MET)
_132976_/D (sg13g2_dfrbpq_2)            9.439    9.302    0.137 (MET)
_130386_/D (sg13g2_dfrbpq_1)            9.452    9.315    0.137 (MET)
_130544_/D (sg13g2_dfrbpq_1)            9.428    9.289    0.138 (MET)
_129872_/D (sg13g2_dfrbpq_1)            9.429    9.288    0.141 (MET)
_130724_/D (sg13g2_dfrbpq_1)            9.450    9.303    0.147 (MET)
_133416_/D (sg13g2_dfrbpq_1)            9.503    9.355    0.148 (MET)
_133476_/D (sg13g2_dfrbpq_1)            9.649    9.500    0.150 (MET)
_130731_/D (sg13g2_dfrbpq_1)            9.411    9.260    0.151 (MET)
_130548_/D (sg13g2_dfrbpq_1)            9.451    9.300    0.151 (MET)
_133470_/D (sg13g2_dfrbpq_1)            9.650    9.499    0.151 (MET)
_130549_/D (sg13g2_dfrbpq_1)            9.434    9.283    0.152 (MET)
_133418_/D (sg13g2_dfrbpq_1)            9.501    9.349    0.152 (MET)
_133419_/D (sg13g2_dfrbpq_1)            9.502    9.349    0.153 (MET)
_129857_/D (sg13g2_dfrbpq_1)            9.404    9.251    0.153 (MET)
_133415_/D (sg13g2_dfrbpq_1)            9.500    9.345    0.154 (MET)
_133413_/D (sg13g2_dfrbpq_1)            9.500    9.345    0.155 (MET)
_133414_/D (sg13g2_dfrbpq_1)            9.505    9.349    0.156 (MET)
_133417_/D (sg13g2_dfrbpq_1)            9.503    9.347    0.156 (MET)
_130729_/D (sg13g2_dfrbpq_1)            9.455    9.298    0.157 (MET)
_130716_/D (sg13g2_dfrbpq_1)            9.411    9.252    0.159 (MET)
_133471_/D (sg13g2_dfrbpq_1)            9.659    9.499    0.160 (MET)
_130547_/D (sg13g2_dfrbpq_1)            9.452    9.292    0.160 (MET)
_130722_/D (sg13g2_dfrbpq_1)            9.427    9.267    0.160 (MET)
_130720_/D (sg13g2_dfrbpq_1)            9.425    9.264    0.161 (MET)
_130546_/D (sg13g2_dfrbpq_1)            9.451    9.290    0.161 (MET)
_130733_/D (sg13g2_dfrbpq_1)            9.411    9.249    0.162 (MET)
_130717_/D (sg13g2_dfrbpq_1)            9.421    9.259    0.162 (MET)
_130545_/D (sg13g2_dfrbpq_1)            9.454    9.290    0.164 (MET)
_133411_/D (sg13g2_dfrbpq_1)            9.499    9.335    0.164 (MET)
_130721_/D (sg13g2_dfrbpq_1)            9.425    9.261    0.164 (MET)
_130723_/D (sg13g2_dfrbpq_1)            9.449    9.282    0.167 (MET)
_132938_/D (sg13g2_dfrbpq_1)            9.506    9.336    0.169 (MET)
_130719_/D (sg13g2_dfrbpq_1)            9.426    9.256    0.170 (MET)
_132978_/D (sg13g2_dfrbpq_1)            9.492    9.322    0.170 (MET)
_133477_/D (sg13g2_dfrbpq_1)            9.672    9.499    0.174 (MET)
_133408_/D (sg13g2_dfrbpq_1)            9.504    9.330    0.174 (MET)
_133409_/D (sg13g2_dfrbpq_1)            9.501    9.325    0.176 (MET)
_130718_/D (sg13g2_dfrbpq_1)            9.448    9.272    0.176 (MET)
_133410_/D (sg13g2_dfrbpq_1)            9.501    9.325    0.176 (MET)
_135143_/D (sg13g2_dfrbpq_1)            9.491    9.313    0.177 (MET)
_133412_/D (sg13g2_dfrbpq_1)            9.501    9.323    0.178 (MET)
_129513_/D (sg13g2_dfrbpq_1)            9.587    9.408    0.178 (MET)
_130732_/D (sg13g2_dfrbpq_1)            9.411    9.232    0.179 (MET)
_134709_/D (sg13g2_dfrbpq_1)            9.634    9.453    0.180 (MET)
_130725_/D (sg13g2_dfrbpq_1)            9.458    9.276    0.182 (MET)
_132937_/D (sg13g2_dfrbpq_1)            9.458    9.275    0.183 (MET)
_130727_/D (sg13g2_dfrbpq_1)            9.456    9.273    0.184 (MET)
_130728_/D (sg13g2_dfrbpq_1)            9.462    9.278    0.184 (MET)
_129799_/D (sg13g2_dfrbpq_1)            9.590    9.405    0.185 (MET)
_129858_/D (sg13g2_dfrbpq_1)            9.396    9.210    0.186 (MET)
_130726_/D (sg13g2_dfrbpq_1)            9.456    9.269    0.187 (MET)
_130734_/D (sg13g2_dfrbpq_1)            9.425    9.237    0.188 (MET)
_134712_/D (sg13g2_dfrbpq_1)            9.613    9.424    0.189 (MET)
_132982_/D (sg13g2_dfrbpq_1)            9.496    9.296    0.201 (MET)
_129791_/D (sg13g2_dfrbpq_1)            9.462    9.261    0.201 (MET)
_129982_/D (sg13g2_dfrbpq_1)            9.479    9.278    0.202 (MET)
_129980_/D (sg13g2_dfrbpq_1)            9.478    9.272    0.206 (MET)
_132975_/D (sg13g2_dfrbpq_2)            9.498    9.290    0.208 (MET)
_130597_/D (sg13g2_dfrbpq_1)            9.428    9.220    0.208 (MET)
_129920_/D (sg13g2_dfrbpq_1)            9.431    9.221    0.210 (MET)
_129793_/D (sg13g2_dfrbpq_1)            9.461    9.249    0.212 (MET)
_129854_/D (sg13g2_dfrbpq_1)            9.410    9.195    0.215 (MET)
_130596_/D (sg13g2_dfrbpq_1)            9.427    9.212    0.216 (MET)
_129859_/D (sg13g2_dfrbpq_1)            9.415    9.188    0.227 (MET)
_130602_/D (sg13g2_dfrbpq_1)            9.435    9.207    0.228 (MET)
_130359_/D (sg13g2_dfrbpq_1)            9.445    9.215    0.230 (MET)
_129866_/D (sg13g2_dfrbpq_1)            9.442    9.210    0.232 (MET)
_129985_/D (sg13g2_dfrbpq_1)            9.487    9.253    0.234 (MET)
_134716_/D (sg13g2_dfrbpq_1)            9.603    9.369    0.234 (MET)
_130598_/D (sg13g2_dfrbpq_1)            9.451    9.216    0.235 (MET)
_130600_/D (sg13g2_dfrbpq_1)            9.452    9.214    0.237 (MET)
_130601_/D (sg13g2_dfrbpq_1)            9.451    9.213    0.238 (MET)
_130365_/D (sg13g2_dfrbpq_1)            9.440    9.201    0.239 (MET)
_130599_/D (sg13g2_dfrbpq_1)            9.452    9.209    0.244 (MET)
_130649_/D (sg13g2_dfrbpq_1)            9.433    9.179    0.254 (MET)
_129853_/D (sg13g2_dfrbpq_1)            9.411    9.156    0.255 (MET)
_129856_/D (sg13g2_dfrbpq_1)            9.393    9.134    0.259 (MET)
_133483_/D (sg13g2_dfrbpq_1)            9.620    9.360    0.260 (MET)
_130357_/D (sg13g2_dfrbpq_1)            9.440    9.178    0.262 (MET)
_130352_/D (sg13g2_dfrbpq_1)            9.441    9.176    0.265 (MET)
_135146_/D (sg13g2_dfrbpq_1)            9.523    9.254    0.269 (MET)
_133485_/D (sg13g2_dfrbpq_1)            9.622    9.352    0.269 (MET)
_130654_/D (sg13g2_dfrbpq_1)            9.439    9.167    0.272 (MET)
_133482_/D (sg13g2_dfrbpq_1)            9.622    9.349    0.273 (MET)
_130354_/D (sg13g2_dfrbpq_1)            9.442    9.167    0.275 (MET)
_130356_/D (sg13g2_dfrbpq_1)            9.444    9.166    0.278 (MET)
_130655_/D (sg13g2_dfrbpq_1)            9.438    9.159    0.278 (MET)
_130345_/D (sg13g2_dfrbpq_1)            9.423    9.144    0.279 (MET)
_130355_/D (sg13g2_dfrbpq_1)            9.455    9.175    0.280 (MET)
_130358_/D (sg13g2_dfrbpq_1)            9.445    9.164    0.281 (MET)
_130353_/D (sg13g2_dfrbpq_1)            9.453    9.170    0.283 (MET)
_130346_/D (sg13g2_dfrbpq_1)            9.422    9.139    0.284 (MET)
_130651_/D (sg13g2_dfrbpq_1)            9.452    9.168    0.284 (MET)
_130653_/D (sg13g2_dfrbpq_1)            9.457    9.171    0.286 (MET)
_130650_/D (sg13g2_dfrbpq_1)            9.454    9.167    0.287 (MET)
_129852_/D (sg13g2_dfrbpq_1)            9.413    9.124    0.289 (MET)
_130652_/D (sg13g2_dfrbpq_1)            9.457    9.166    0.290 (MET)
_130347_/D (sg13g2_dfrbpq_1)            9.448    9.149    0.299 (MET)
_129803_/D (sg13g2_dfrbpq_1)            9.457    9.157    0.300 (MET)
_132979_/D (sg13g2_dfrbpq_1)            9.443    9.139    0.304 (MET)
_129983_/D (sg13g2_dfrbpq_1)            9.480    9.173    0.306 (MET)
_129919_/D (sg13g2_dfrbpq_1)            9.425    9.117    0.308 (MET)
_130363_/D (sg13g2_dfrbpq_1)            9.421    9.112    0.309 (MET)
_130362_/D (sg13g2_dfrbpq_1)            9.422    9.113    0.309 (MET)
_130348_/D (sg13g2_dfrbpq_1)            9.447    9.137    0.309 (MET)
_129979_/D (sg13g2_dfrbpq_1)            9.487    9.176    0.311 (MET)
_133030_/D (sg13g2_dfrbpq_1)            9.606    9.293    0.314 (MET)
_130350_/D (sg13g2_dfrbpq_1)            9.454    9.140    0.314 (MET)
_129855_/D (sg13g2_dfrbpq_1)            9.409    9.095    0.315 (MET)
_130351_/D (sg13g2_dfrbpq_1)            9.450    9.135    0.316 (MET)
_133007_/D (sg13g2_dfrbpq_1)            9.485    9.168    0.317 (MET)
_130364_/D (sg13g2_dfrbpq_1)            9.422    9.103    0.318 (MET)
_129988_/D (sg13g2_dfrbpq_1)            9.487    9.167    0.320 (MET)
_130360_/D (sg13g2_dfrbpq_1)            9.428    9.108    0.320 (MET)
_130349_/D (sg13g2_dfrbpq_1)            9.448    9.127    0.321 (MET)
_129792_/D (sg13g2_dfrbpq_1)            9.581    9.258    0.323 (MET)
_130361_/D (sg13g2_dfrbpq_1)            9.435    9.107    0.328 (MET)
_134045_/D (sg13g2_dfrbpq_1)            9.413    9.081    0.333 (MET)
_134046_/D (sg13g2_dfrbpq_1)            9.414    9.075    0.339 (MET)
_130630_/D (sg13g2_dfrbpq_1)            9.442    9.101    0.341 (MET)
_133473_/D (sg13g2_dfrbpq_1)            9.641    9.294    0.348 (MET)
_133478_/D (sg13g2_dfrbpq_1)            9.647    9.299    0.348 (MET)
_130490_/D (sg13g2_dfrbpq_1)            9.427    9.076    0.351 (MET)
_133475_/D (sg13g2_dfrbpq_1)            9.648    9.297    0.351 (MET)
_133031_/D (sg13g2_dfrbpq_1)            9.604    9.253    0.351 (MET)
_130496_/D (sg13g2_dfrbpq_1)            9.434    9.080    0.354 (MET)
_129794_/D (sg13g2_dfrbpq_1)            9.591    9.236    0.356 (MET)
_130629_/D (sg13g2_dfrbpq_1)            9.443    9.086    0.357 (MET)
_129976_/D (sg13g2_dfrbpq_1)            9.522    9.164    0.358 (MET)
_130624_/D (sg13g2_dfrbpq_1)            9.455    9.096    0.359 (MET)
_134003_/D (sg13g2_dfrbpq_1)            9.502    9.139    0.363 (MET)
_130947_/D (sg13g2_dfrbpq_1)            9.440    9.075    0.364 (MET)
_133472_/D (sg13g2_dfrbpq_1)            9.658    9.293    0.365 (MET)
_129974_/D (sg13g2_dfrbpq_1)            9.499    9.131    0.368 (MET)
_133458_/D (sg13g2_dfrbpq_1)            9.618    9.250    0.369 (MET)
_129862_/D (sg13g2_dfrbpq_1)            9.414    9.042    0.372 (MET)
_133006_/D (sg13g2_dfrbpq_1)            9.623    9.251    0.373 (MET)
_134830_/D (sg13g2_dfrbpq_1)            9.570    9.195    0.375 (MET)
_130969_/D (sg13g2_dfrbpq_1)            9.447    9.072    0.375 (MET)
_131074_/D (sg13g2_dfrbpq_1)            9.431    9.055    0.376 (MET)
_130492_/D (sg13g2_dfrbpq_1)            9.452    9.076    0.376 (MET)
_130493_/D (sg13g2_dfrbpq_1)            9.452    9.076    0.377 (MET)
_131078_/D (sg13g2_dfrbpq_1)            9.438    9.060    0.378 (MET)
_130603_/D (sg13g2_dfrbpq_1)            9.416    9.038    0.378 (MET)
_130968_/D (sg13g2_dfrbpq_1)            9.446    9.068    0.378 (MET)
_133464_/D (sg13g2_dfrbpq_1)            9.621    9.243    0.378 (MET)
_130495_/D (sg13g2_dfrbpq_1)            9.458    9.079    0.379 (MET)
_130494_/D (sg13g2_dfrbpq_1)            9.458    9.080    0.379 (MET)
_130948_/D (sg13g2_dfrbpq_1)            9.431    9.052    0.379 (MET)
_134911_/D (sg13g2_dfrbpq_1)            9.507    9.127    0.380 (MET)
_129860_/D (sg13g2_dfrbpq_1)            9.421    9.041    0.380 (MET)
_130973_/D (sg13g2_dfrbpq_1)            9.437    9.057    0.380 (MET)
_130971_/D (sg13g2_dfrbpq_1)            9.444    9.063    0.380 (MET)
_130970_/D (sg13g2_dfrbpq_1)            9.440    9.059    0.381 (MET)
_131073_/D (sg13g2_dfrbpq_1)            9.432    9.050    0.381 (MET)
_129867_/D (sg13g2_dfrbpq_1)            9.417    9.035    0.382 (MET)
_130967_/D (sg13g2_dfrbpq_1)            9.437    9.055    0.383 (MET)
_131077_/D (sg13g2_dfrbpq_1)            9.437    9.054    0.383 (MET)
_130972_/D (sg13g2_dfrbpq_1)            9.445    9.061    0.384 (MET)
_134915_/D (sg13g2_dfrbpq_1)            9.499    9.113    0.386 (MET)
_130491_/D (sg13g2_dfrbpq_1)            9.463    9.075    0.388 (MET)
_130942_/D (sg13g2_dfrbpq_1)            9.455    9.065    0.390 (MET)
_129790_/D (sg13g2_dfrbpq_1)            9.593    9.202    0.392 (MET)
_133481_/D (sg13g2_dfrbpq_1)            9.619    9.226    0.393 (MET)
_131076_/D (sg13g2_dfrbpq_1)            9.457    9.060    0.396 (MET)
_130079_/D (sg13g2_dfrbpq_1)            9.612    9.216    0.397 (MET)
_133463_/D (sg13g2_dfrbpq_1)            9.649    9.251    0.399 (MET)
_131079_/D (sg13g2_dfrbpq_1)            9.443    9.044    0.399 (MET)
_130946_/D (sg13g2_dfrbpq_1)            9.449    9.050    0.399 (MET)
_129789_/D (sg13g2_dfrbpq_1)            9.592    9.193    0.400 (MET)
_130615_/D (sg13g2_dfrbpq_1)            9.425    9.023    0.402 (MET)
_133454_/D (sg13g2_dfrbpq_1)            9.650    9.246    0.404 (MET)
_130943_/D (sg13g2_dfrbpq_1)            9.408    9.004    0.404 (MET)
_130080_/D (sg13g2_dfrbpq_1)            9.615    9.210    0.405 (MET)
_131075_/D (sg13g2_dfrbpq_1)            9.457    9.051    0.405 (MET)
_133455_/D (sg13g2_dfrbpq_1)            9.659    9.252    0.407 (MET)
_130569_/D (sg13g2_dfrbpq_1)            9.443    9.034    0.409 (MET)
_133484_/D (sg13g2_dfrbpq_1)            9.621    9.210    0.411 (MET)
_130616_/D (sg13g2_dfrbpq_1)            9.427    9.013    0.414 (MET)
_133461_/D (sg13g2_dfrbpq_1)            9.672    9.256    0.417 (MET)
_130628_/D (sg13g2_dfrbpq_1)            9.424    9.006    0.418 (MET)
_130567_/D (sg13g2_dfrbpq_1)            9.449    9.030    0.418 (MET)
_130565_/D (sg13g2_dfrbpq_1)            9.450    9.030    0.420 (MET)
_133460_/D (sg13g2_dfrbpq_1)            9.673    9.251    0.421 (MET)
_130564_/D (sg13g2_dfrbpq_1)            9.448    9.027    0.421 (MET)
_132981_/D (sg13g2_dfrbpq_1)            9.463    9.041    0.422 (MET)
_130566_/D (sg13g2_dfrbpq_1)            9.450    9.028    0.422 (MET)
_130944_/D (sg13g2_dfrbpq_1)            9.406    8.983    0.424 (MET)
_130611_/D (sg13g2_dfrbpq_1)            9.421    8.997    0.424 (MET)
_130612_/D (sg13g2_dfrbpq_1)            9.415    8.989    0.425 (MET)
_130610_/D (sg13g2_dfrbpq_1)            9.415    8.990    0.426 (MET)
_130614_/D (sg13g2_dfrbpq_1)            9.424    8.997    0.427 (MET)
_129788_/D (sg13g2_dfrbpq_1)            9.589    9.160    0.429 (MET)
_130570_/D (sg13g2_dfrbpq_1)            9.443    9.014    0.429 (MET)
_132983_/D (sg13g2_dfrbpq_1)            9.471    9.041    0.430 (MET)
_130627_/D (sg13g2_dfrbpq_1)            9.412    8.981    0.431 (MET)
_130613_/D (sg13g2_dfrbpq_1)            9.426    8.994    0.431 (MET)
_134044_/D (sg13g2_dfrbpq_1)            9.407    8.976    0.432 (MET)
_129981_/D (sg13g2_dfrbpq_1)            9.481    9.048    0.433 (MET)
_130568_/D (sg13g2_dfrbpq_1)            9.443    9.008    0.436 (MET)
_130625_/D (sg13g2_dfrbpq_1)            9.413    8.977    0.436 (MET)
_130626_/D (sg13g2_dfrbpq_1)            9.412    8.974    0.438 (MET)
_130557_/D (sg13g2_dfrbpq_1)            9.423    8.985    0.438 (MET)
_130558_/D (sg13g2_dfrbpq_1)            9.425    8.984    0.441 (MET)
_130945_/D (sg13g2_dfrbpq_1)            9.412    8.970    0.442 (MET)
_135019_/D (sg13g2_dfrbpq_1)            9.577    9.134    0.442 (MET)
_130460_/D (sg13g2_dfrbpq_1)            9.426    8.982    0.443 (MET)
_134077_/D (sg13g2_dfrbpq_1)            9.611    9.165    0.446 (MET)
_130622_/D (sg13g2_dfrbpq_1)            9.455    9.006    0.449 (MET)
_130563_/D (sg13g2_dfrbpq_1)            9.449    8.999    0.450 (MET)
_130555_/D (sg13g2_dfrbpq_1)            9.434    8.982    0.452 (MET)
_130562_/D (sg13g2_dfrbpq_1)            9.455    9.001    0.454 (MET)
_134795_/D (sg13g2_dfrbpq_1)            9.539    9.085    0.454 (MET)
_134794_/D (sg13g2_dfrbpq_1)            9.539    9.085    0.454 (MET)
_130560_/D (sg13g2_dfrbpq_1)            9.447    8.992    0.455 (MET)
_131021_/D (sg13g2_dfrbpq_1)            9.429    8.972    0.457 (MET)
_130513_/D (sg13g2_dfrbpq_1)            9.427    8.969    0.457 (MET)
_130935_/D (sg13g2_dfrbpq_1)            9.428    8.969    0.458 (MET)
_130559_/D (sg13g2_dfrbpq_1)            9.447    8.986    0.461 (MET)
_134798_/D (sg13g2_dfrbpq_1)            9.552    9.090    0.461 (MET)
_130621_/D (sg13g2_dfrbpq_1)            9.457    8.995    0.462 (MET)
_130556_/D (sg13g2_dfrbpq_1)            9.435    8.972    0.463 (MET)
_130554_/D (sg13g2_dfrbpq_1)            9.433    8.970    0.463 (MET)
_129986_/D (sg13g2_dfrbpq_1)            9.478    9.014    0.464 (MET)
_130623_/D (sg13g2_dfrbpq_1)            9.453    8.988    0.465 (MET)
_130617_/D (sg13g2_dfrbpq_1)            9.449    8.983    0.466 (MET)
_130936_/D (sg13g2_dfrbpq_1)            9.428    8.961    0.467 (MET)
_134796_/D (sg13g2_dfrbpq_1)            9.549    9.081    0.468 (MET)
_134790_/D (sg13g2_dfrbpq_1)            9.545    9.077    0.468 (MET)
_134797_/D (sg13g2_dfrbpq_1)            9.549    9.081    0.469 (MET)
_130618_/D (sg13g2_dfrbpq_1)            9.451    8.982    0.469 (MET)
_130552_/D (sg13g2_dfrbpq_1)            9.436    8.967    0.469 (MET)
_130619_/D (sg13g2_dfrbpq_1)            9.457    8.987    0.470 (MET)
_130561_/D (sg13g2_dfrbpq_1)            9.456    8.986    0.470 (MET)
_134793_/D (sg13g2_dfrbpq_1)            9.549    9.079    0.470 (MET)
_130574_/D (sg13g2_dfrbpq_1)            9.423    8.952    0.471 (MET)
_134799_/D (sg13g2_dfrbpq_1)            9.554    9.083    0.471 (MET)
_131020_/D (sg13g2_dfrbpq_1)            9.431    8.959    0.472 (MET)
_130937_/D (sg13g2_dfrbpq_1)            9.450    8.978    0.472 (MET)
_130928_/D (sg13g2_dfrbpq_1)            9.414    8.942    0.472 (MET)
_130930_/D (sg13g2_dfrbpq_1)            9.415    8.942    0.473 (MET)
_130620_/D (sg13g2_dfrbpq_1)            9.457    8.983    0.474 (MET)
_130929_/D (sg13g2_dfrbpq_1)            9.414    8.940    0.474 (MET)
_130551_/D (sg13g2_dfrbpq_1)            9.434    8.959    0.474 (MET)
_130931_/D (sg13g2_dfrbpq_1)            9.425    8.951    0.474 (MET)
_130933_/D (sg13g2_dfrbpq_1)            9.427    8.952    0.475 (MET)
_130441_/D (sg13g2_dfrbpq_1)            9.448    8.974    0.475 (MET)
_130082_/D (sg13g2_dfrbpq_1)            9.538    9.061    0.476 (MET)
_134786_/D (sg13g2_dfrbpq_1)            9.546    9.069    0.476 (MET)
_134787_/D (sg13g2_dfrbpq_1)            9.543    9.066    0.477 (MET)
_134791_/D (sg13g2_dfrbpq_1)            9.547    9.070    0.477 (MET)
_131022_/D (sg13g2_dfrbpq_1)            9.432    8.955    0.477 (MET)
_133467_/D (sg13g2_dfrbpq_1)            9.622    9.144    0.477 (MET)
_130932_/D (sg13g2_dfrbpq_1)            9.427    8.949    0.478 (MET)
_130862_/D (sg13g2_dfrbpq_1)            9.439    8.961    0.478 (MET)
_130459_/D (sg13g2_dfrbpq_1)            9.454    8.976    0.478 (MET)
_130583_/D (sg13g2_dfrbpq_1)            9.437    8.958    0.479 (MET)
_134789_/D (sg13g2_dfrbpq_1)            9.547    9.067    0.480 (MET)
_130279_/D (sg13g2_dfrbpq_1)            9.430    8.950    0.480 (MET)
_130934_/D (sg13g2_dfrbpq_1)            9.427    8.947    0.480 (MET)
_129780_/D (sg13g2_dfrbpq_1)            9.436    8.955    0.481 (MET)
_130865_/D (sg13g2_dfrbpq_1)            9.445    8.964    0.481 (MET)
_130572_/D (sg13g2_dfrbpq_1)            9.416    8.934    0.482 (MET)
_130861_/D (sg13g2_dfrbpq_1)            9.438    8.956    0.482 (MET)
_130553_/D (sg13g2_dfrbpq_1)            9.452    8.969    0.483 (MET)
_131025_/D (sg13g2_dfrbpq_1)            9.437    8.954    0.483 (MET)
_134792_/D (sg13g2_dfrbpq_1)            9.549    9.065    0.483 (MET)
_129987_/D (sg13g2_dfrbpq_1)            9.487    9.002    0.485 (MET)
_130582_/D (sg13g2_dfrbpq_1)            9.443    8.958    0.485 (MET)
_130391_/D (sg13g2_dfrbpq_1)            9.437    8.952    0.486 (MET)
_133466_/D (sg13g2_dfrbpq_1)            9.618    9.132    0.486 (MET)
_133469_/D (sg13g2_dfrbpq_1)            9.620    9.134    0.486 (MET)
_130866_/D (sg13g2_dfrbpq_1)            9.445    8.959    0.486 (MET)
_130863_/D (sg13g2_dfrbpq_1)            9.445    8.959    0.487 (MET)
_130867_/D (sg13g2_dfrbpq_1)            9.437    8.949    0.488 (MET)
_130284_/D (sg13g2_dfrbpq_1)            9.441    8.954    0.488 (MET)
_131024_/D (sg13g2_dfrbpq_1)            9.452    8.963    0.489 (MET)
_130442_/D (sg13g2_dfrbpq_1)            9.436    8.947    0.489 (MET)
_130576_/D (sg13g2_dfrbpq_1)            9.428    8.938    0.490 (MET)
_131026_/D (sg13g2_dfrbpq_1)            9.443    8.952    0.491 (MET)
_130864_/D (sg13g2_dfrbpq_1)            9.441    8.949    0.492 (MET)
_130577_/D (sg13g2_dfrbpq_1)            9.420    8.928    0.492 (MET)
_130443_/D (sg13g2_dfrbpq_1)            9.435    8.941    0.493 (MET)
_130282_/D (sg13g2_dfrbpq_1)            9.435    8.941    0.494 (MET)
_131023_/D (sg13g2_dfrbpq_1)            9.453    8.959    0.494 (MET)
_130281_/D (sg13g2_dfrbpq_1)            9.454    8.959    0.495 (MET)
_130462_/D (sg13g2_dfrbpq_1)            9.444    8.949    0.495 (MET)
_130278_/D (sg13g2_dfrbpq_1)            9.432    8.936    0.496 (MET)
_130940_/D (sg13g2_dfrbpq_1)            9.463    8.967    0.496 (MET)
_130283_/D (sg13g2_dfrbpq_1)            9.443    8.947    0.497 (MET)
_130571_/D (sg13g2_dfrbpq_1)            9.434    8.935    0.499 (MET)
_130927_/D (sg13g2_dfrbpq_1)            9.427    8.928    0.499 (MET)
_130575_/D (sg13g2_dfrbpq_1)            9.428    8.929    0.499 (MET)
_130463_/D (sg13g2_dfrbpq_1)            9.444    8.944    0.499 (MET)
_130941_/D (sg13g2_dfrbpq_1)            9.454    8.954    0.500 (MET)
_130584_/D (sg13g2_dfrbpq_1)            9.438    8.937    0.500 (MET)
_130938_/D (sg13g2_dfrbpq_1)            9.458    8.956    0.502 (MET)
_133005_/D (sg13g2_dfrbpq_1)            9.642    9.140    0.502 (MET)
_130439_/D (sg13g2_dfrbpq_1)            9.451    8.949    0.503 (MET)
_130573_/D (sg13g2_dfrbpq_1)            9.434    8.930    0.504 (MET)
_130926_/D (sg13g2_dfrbpq_1)            9.427    8.922    0.505 (MET)
_130438_/D (sg13g2_dfrbpq_1)            9.453    8.948    0.506 (MET)
_130440_/D (sg13g2_dfrbpq_1)            9.452    8.944    0.508 (MET)
_131080_/D (sg13g2_dfrbpq_1)            9.439    8.929    0.509 (MET)
_130762_/D (sg13g2_dfrbpq_1)            9.441    8.931    0.509 (MET)
_130595_/D (sg13g2_dfrbpq_1)            9.431    8.921    0.509 (MET)
_133457_/D (sg13g2_dfrbpq_1)            9.619    9.110    0.510 (MET)
_130437_/D (sg13g2_dfrbpq_1)            9.452    8.942    0.510 (MET)
_130593_/D (sg13g2_dfrbpq_1)            9.424    8.914    0.510 (MET)
_130939_/D (sg13g2_dfrbpq_1)            9.457    8.946    0.511 (MET)
_130458_/D (sg13g2_dfrbpq_1)            9.452    8.941    0.511 (MET)
_130512_/D (sg13g2_dfrbpq_1)            9.455    8.942    0.512 (MET)
_130592_/D (sg13g2_dfrbpq_1)            9.424    8.912    0.512 (MET)
_130594_/D (sg13g2_dfrbpq_1)            9.427    8.911    0.516 (MET)
_130280_/D (sg13g2_dfrbpq_1)            9.452    8.936    0.516 (MET)
_130461_/D (sg13g2_dfrbpq_1)            9.454    8.937    0.517 (MET)
_130925_/D (sg13g2_dfrbpq_1)            9.434    8.917    0.517 (MET)
_130823_/D (sg13g2_dfrbpq_1)            9.415    8.896    0.519 (MET)
_130514_/D (sg13g2_dfrbpq_1)            9.453    8.934    0.519 (MET)
_130591_/D (sg13g2_dfrbpq_1)            9.434    8.914    0.520 (MET)
_130585_/D (sg13g2_dfrbpq_1)            9.437    8.916    0.521 (MET)
_130381_/D (sg13g2_dfrbpq_1)            9.429    8.908    0.522 (MET)
_130380_/D (sg13g2_dfrbpq_1)            9.433    8.911    0.522 (MET)
_130588_/D (sg13g2_dfrbpq_1)            9.432    8.908    0.524 (MET)
_133456_/D (sg13g2_dfrbpq_1)            9.619    9.095    0.524 (MET)
_130511_/D (sg13g2_dfrbpq_1)            9.452    8.928    0.524 (MET)
_130702_/D (sg13g2_dfrbpq_1)            9.432    8.907    0.525 (MET)
_130708_/D (sg13g2_dfrbpq_1)            9.436    8.911    0.525 (MET)
_130383_/D (sg13g2_dfrbpq_1)            9.430    8.904    0.525 (MET)
_130656_/D (sg13g2_dfrbpq_1)            9.437    8.911    0.526 (MET)
_130342_/D (sg13g2_dfrbpq_1)            9.417    8.890    0.527 (MET)
_130590_/D (sg13g2_dfrbpq_1)            9.433    8.906    0.528 (MET)
_130586_/D (sg13g2_dfrbpq_1)            9.432    8.904    0.528 (MET)
_130587_/D (sg13g2_dfrbpq_1)            9.438    8.909    0.529 (MET)
_130343_/D (sg13g2_dfrbpq_1)            9.416    8.887    0.529 (MET)
_130589_/D (sg13g2_dfrbpq_1)            9.435    8.905    0.531 (MET)
_130382_/D (sg13g2_dfrbpq_1)            9.429    8.898    0.531 (MET)
_130974_/D (sg13g2_dfrbpq_1)            9.439    8.907    0.532 (MET)
_130339_/D (sg13g2_dfrbpq_1)            9.448    8.916    0.532 (MET)
_131031_/D (sg13g2_dfrbpq_1)            9.415    8.883    0.533 (MET)
_130344_/D (sg13g2_dfrbpq_1)            9.421    8.888    0.533 (MET)
_130704_/D (sg13g2_dfrbpq_1)            9.451    8.918    0.533 (MET)
_130515_/D (sg13g2_dfrbpq_1)            9.444    8.911    0.533 (MET)
_130340_/D (sg13g2_dfrbpq_1)            9.454    8.919    0.535 (MET)
_130476_/D (sg13g2_dfrbpq_1)            9.444    8.909    0.535 (MET)
_130707_/D (sg13g2_dfrbpq_1)            9.443    8.907    0.536 (MET)
_130706_/D (sg13g2_dfrbpq_1)            9.454    8.917    0.537 (MET)
_130474_/D (sg13g2_dfrbpq_1)            9.440    8.903    0.537 (MET)
_130516_/D (sg13g2_dfrbpq_1)            9.461    8.922    0.539 (MET)
_130259_/D (sg13g2_dfrbpq_1)            9.440    8.902    0.539 (MET)
_131040_/D (sg13g2_dfrbpq_1)            9.441    8.902    0.539 (MET)
_134043_/D (sg13g2_dfrbpq_1)            9.430    8.890    0.539 (MET)
_130372_/D (sg13g2_dfrbpq_1)            9.435    8.896    0.539 (MET)
_130828_/D (sg13g2_dfrbpq_1)            9.421    8.881    0.540 (MET)
_130950_/D (sg13g2_dfrbpq_1)            9.454    8.912    0.542 (MET)
_133459_/D (sg13g2_dfrbpq_1)            9.619    9.077    0.542 (MET)
_130478_/D (sg13g2_dfrbpq_1)            9.435    8.892    0.543 (MET)
_130705_/D (sg13g2_dfrbpq_1)            9.456    8.913    0.543 (MET)
_130341_/D (sg13g2_dfrbpq_1)            9.454    8.910    0.544 (MET)
_131035_/D (sg13g2_dfrbpq_1)            9.424    8.880    0.544 (MET)
_130370_/D (sg13g2_dfrbpq_1)            9.437    8.893    0.544 (MET)
_130703_/D (sg13g2_dfrbpq_1)            9.453    8.909    0.544 (MET)
_130822_/D (sg13g2_dfrbpq_1)            9.421    8.875    0.546 (MET)
_130949_/D (sg13g2_dfrbpq_1)            9.463    8.917    0.546 (MET)
_130951_/D (sg13g2_dfrbpq_1)            9.462    8.916    0.546 (MET)
_131034_/D (sg13g2_dfrbpq_1)            9.423    8.877    0.547 (MET)
_130475_/D (sg13g2_dfrbpq_1)            9.439    8.891    0.548 (MET)
_131039_/D (sg13g2_dfrbpq_1)            9.454    8.905    0.549 (MET)
_130371_/D (sg13g2_dfrbpq_1)            9.437    8.888    0.549 (MET)
_130368_/D (sg13g2_dfrbpq_1)            9.449    8.899    0.550 (MET)
_130477_/D (sg13g2_dfrbpq_1)            9.438    8.887    0.551 (MET)
_133035_/D (sg13g2_dfrbpq_1)            9.628    9.077    0.551 (MET)
_130952_/D (sg13g2_dfrbpq_1)            9.462    8.909    0.553 (MET)
_130827_/D (sg13g2_dfrbpq_1)            9.421    8.868    0.553 (MET)
_130453_/D (sg13g2_dfrbpq_1)            9.423    8.869    0.554 (MET)
_130497_/D (sg13g2_dfrbpq_1)            9.432    8.877    0.554 (MET)
_131001_/D (sg13g2_dfrbpq_1)            9.440    8.885    0.555 (MET)
_130369_/D (sg13g2_dfrbpq_1)            9.449    8.892    0.557 (MET)
_131037_/D (sg13g2_dfrbpq_1)            9.454    8.896    0.558 (MET)
_130715_/D (sg13g2_dfrbpq_1)            9.417    8.857    0.560 (MET)
_131032_/D (sg13g2_dfrbpq_1)            9.430    8.871    0.560 (MET)
_130609_/D (sg13g2_dfrbpq_1)            9.409    8.849    0.560 (MET)
_130826_/D (sg13g2_dfrbpq_1)            9.421    8.860    0.560 (MET)
_130810_/D (sg13g2_dfrbpq_1)            9.444    8.883    0.562 (MET)
_134826_/D (sg13g2_dfrbpq_1)            9.589    9.026    0.563 (MET)
_130451_/D (sg13g2_dfrbpq_1)            9.422    8.858    0.564 (MET)
_130374_/D (sg13g2_dfrbpq_1)            9.431    8.867    0.564 (MET)
_130452_/D (sg13g2_dfrbpq_1)            9.425    8.861    0.565 (MET)
_131028_/D (sg13g2_dfrbpq_1)            9.432    8.866    0.566 (MET)
_130608_/D (sg13g2_dfrbpq_1)            9.411    8.845    0.566 (MET)
_130581_/D (sg13g2_dfrbpq_1)            9.432    8.866    0.566 (MET)
_130504_/D (sg13g2_dfrbpq_1)            9.421    8.855    0.566 (MET)
_130505_/D (sg13g2_dfrbpq_1)            9.423    8.856    0.566 (MET)
_131033_/D (sg13g2_dfrbpq_1)            9.422    8.855    0.566 (MET)
_130578_/D (sg13g2_dfrbpq_1)            9.433    8.867    0.566 (MET)
_130808_/D (sg13g2_dfrbpq_1)            9.437    8.870    0.567 (MET)
_130714_/D (sg13g2_dfrbpq_1)            9.416    8.849    0.567 (MET)
_130378_/D (sg13g2_dfrbpq_1)            9.432    8.864    0.568 (MET)
_130713_/D (sg13g2_dfrbpq_1)            9.415    8.847    0.568 (MET)
_131038_/D (sg13g2_dfrbpq_1)            9.455    8.887    0.568 (MET)
_131036_/D (sg13g2_dfrbpq_1)            9.457    8.888    0.569 (MET)
_130464_/D (sg13g2_dfrbpq_1)            9.410    8.841    0.569 (MET)
_130579_/D (sg13g2_dfrbpq_1)            9.427    8.856    0.572 (MET)
_130813_/D (sg13g2_dfrbpq_1)            9.445    8.872    0.573 (MET)
_130081_/D (sg13g2_dfrbpq_1)            9.573    8.999    0.574 (MET)
_130253_/D (sg13g2_dfrbpq_1)            9.411    8.837    0.574 (MET)
_130455_/D (sg13g2_dfrbpq_1)            9.446    8.871    0.575 (MET)
_131052_/D (sg13g2_dfrbpq_1)            9.441    8.866    0.575 (MET)
_130712_/D (sg13g2_dfrbpq_1)            9.433    8.858    0.575 (MET)
_130506_/D (sg13g2_dfrbpq_1)            9.424    8.848    0.575 (MET)
_130607_/D (sg13g2_dfrbpq_1)            9.411    8.835    0.576 (MET)
_130814_/D (sg13g2_dfrbpq_1)            9.447    8.871    0.576 (MET)
_134788_/D (sg13g2_dfrbpq_1)            9.644    9.068    0.576 (MET)
_131054_/D (sg13g2_dfrbpq_1)            9.440    8.864    0.576 (MET)
_130407_/D (sg13g2_dfrbpq_1)            9.424    8.847    0.577 (MET)
_130507_/D (sg13g2_dfrbpq_1)            9.448    8.870    0.577 (MET)
_130456_/D (sg13g2_dfrbpq_1)            9.451    8.874    0.577 (MET)
_130332_/D (sg13g2_dfrbpq_1)            9.431    8.853    0.577 (MET)
_130337_/D (sg13g2_dfrbpq_1)            9.440    8.862    0.578 (MET)
_130711_/D (sg13g2_dfrbpq_1)            9.433    8.855    0.578 (MET)
_130485_/D (sg13g2_dfrbpq_1)            9.455    8.876    0.579 (MET)
_130811_/D (sg13g2_dfrbpq_1)            9.446    8.867    0.579 (MET)
_130484_/D (sg13g2_dfrbpq_1)            9.433    8.854    0.579 (MET)
_133462_/D (sg13g2_dfrbpq_1)            9.647    9.068    0.579 (MET)
_130379_/D (sg13g2_dfrbpq_1)            9.435    8.855    0.580 (MET)
_130754_/D (sg13g2_dfrbpq_1)            9.430    8.850    0.580 (MET)
_130710_/D (sg13g2_dfrbpq_1)            9.433    8.853    0.580 (MET)
_130481_/D (sg13g2_dfrbpq_1)            9.438    8.857    0.580 (MET)
_130825_/D (sg13g2_dfrbpq_1)            9.426    8.845    0.581 (MET)
_130604_/D (sg13g2_dfrbpq_1)            9.435    8.854    0.581 (MET)
_130995_/D (sg13g2_dfrbpq_1)            9.445    8.864    0.581 (MET)
_130809_/D (sg13g2_dfrbpq_1)            9.446    8.865    0.582 (MET)
_130254_/D (sg13g2_dfrbpq_1)            9.413    8.832    0.582 (MET)
_130376_/D (sg13g2_dfrbpq_1)            9.432    8.850    0.582 (MET)
_130479_/D (sg13g2_dfrbpq_1)            9.436    8.853    0.583 (MET)
_130482_/D (sg13g2_dfrbpq_1)            9.435    8.852    0.583 (MET)
_130580_/D (sg13g2_dfrbpq_1)            9.433    8.850    0.583 (MET)
_130606_/D (sg13g2_dfrbpq_1)            9.432    8.848    0.584 (MET)
_130422_/D (sg13g2_dfrbpq_1)            9.436    8.852    0.584 (MET)
_130752_/D (sg13g2_dfrbpq_1)            9.430    8.845    0.585 (MET)
_130483_/D (sg13g2_dfrbpq_1)            9.432    8.847    0.585 (MET)
_130480_/D (sg13g2_dfrbpq_1)            9.435    8.850    0.586 (MET)
_130377_/D (sg13g2_dfrbpq_1)            9.432    8.846    0.586 (MET)
_130605_/D (sg13g2_dfrbpq_1)            9.437    8.850    0.586 (MET)
_130468_/D (sg13g2_dfrbpq_1)            9.412    8.825    0.587 (MET)
_130812_/D (sg13g2_dfrbpq_1)            9.444    8.857    0.587 (MET)
_130406_/D (sg13g2_dfrbpq_1)            9.426    8.839    0.587 (MET)
_130824_/D (sg13g2_dfrbpq_1)            9.427    8.840    0.587 (MET)
_130701_/D (sg13g2_dfrbpq_1)            9.453    8.866    0.588 (MET)
_131030_/D (sg13g2_dfrbpq_1)            9.446    8.858    0.588 (MET)
_131048_/D (sg13g2_dfrbpq_1)            9.446    8.858    0.588 (MET)
_133523_/D (sg13g2_dfrbpq_1)            9.622    9.033    0.589 (MET)
_130331_/D (sg13g2_dfrbpq_1)            9.432    8.842    0.589 (MET)
_131029_/D (sg13g2_dfrbpq_1)            9.436    8.846    0.590 (MET)
_130648_/D (sg13g2_dfrbpq_1)            9.447    8.857    0.590 (MET)
_130466_/D (sg13g2_dfrbpq_1)            9.412    8.821    0.590 (MET)
_130252_/D (sg13g2_dfrbpq_1)            9.453    8.862    0.591 (MET)
_130472_/D (sg13g2_dfrbpq_1)            9.419    8.828    0.591 (MET)
_130966_/D (sg13g2_dfrbpq_1)            9.447    8.856    0.591 (MET)
_130807_/D (sg13g2_dfrbpq_1)            9.452    8.861    0.591 (MET)
_130454_/D (sg13g2_dfrbpq_1)            9.448    8.857    0.591 (MET)
_130751_/D (sg13g2_dfrbpq_1)            9.434    8.842    0.591 (MET)
_130255_/D (sg13g2_dfrbpq_1)            9.413    8.821    0.592 (MET)
_130457_/D (sg13g2_dfrbpq_1)            9.453    8.860    0.592 (MET)
_130373_/D (sg13g2_dfrbpq_1)            9.438    8.845    0.593 (MET)
_130508_/D (sg13g2_dfrbpq_1)            9.448    8.853    0.594 (MET)
_129977_/D (sg13g2_dfrbpq_1)            9.481    8.887    0.594 (MET)
_130753_/D (sg13g2_dfrbpq_1)            9.432    8.837    0.595 (MET)
_130473_/D (sg13g2_dfrbpq_1)            9.426    8.831    0.595 (MET)
_130517_/D (sg13g2_dfrbpq_1)            9.425    8.829    0.596 (MET)
_133034_/D (sg13g2_dfrbpq_1)            9.647    9.051    0.596 (MET)
_129989_/D (sg13g2_dfrbpq_1)            9.507    8.909    0.598 (MET)
_130509_/D (sg13g2_dfrbpq_1)            9.452    8.854    0.598 (MET)
_130465_/D (sg13g2_dfrbpq_1)            9.414    8.816    0.598 (MET)
_130258_/D (sg13g2_dfrbpq_1)            9.424    8.826    0.598 (MET)
_130923_/D (sg13g2_dfrbpq_1)            9.431    8.832    0.600 (MET)
_130924_/D (sg13g2_dfrbpq_1)            9.436    8.836    0.600 (MET)
_130467_/D (sg13g2_dfrbpq_1)            9.414    8.814    0.600 (MET)
_131041_/D (sg13g2_dfrbpq_1)            9.440    8.840    0.601 (MET)
_130520_/D (sg13g2_dfrbpq_1)            9.416    8.814    0.601 (MET)
_130913_/D (sg13g2_dfrbpq_1)            9.467    8.866    0.601 (MET)
_130860_/D (sg13g2_dfrbpq_1)            9.453    8.851    0.602 (MET)
_131042_/D (sg13g2_dfrbpq_1)            9.439    8.837    0.602 (MET)
_130737_/D (sg13g2_dfrbpq_1)            9.437    8.833    0.604 (MET)
_130521_/D (sg13g2_dfrbpq_1)            9.424    8.820    0.604 (MET)
_131046_/D (sg13g2_dfrbpq_1)            9.440    8.835    0.605 (MET)
_131070_/D (sg13g2_dfrbpq_1)            9.429    8.824    0.605 (MET)
_130922_/D (sg13g2_dfrbpq_1)            9.431    8.826    0.605 (MET)
_131067_/D (sg13g2_dfrbpq_1)            9.434    8.828    0.605 (MET)
_129779_/D (sg13g2_dfrbpq_1)            9.424    8.818    0.606 (MET)
_130510_/D (sg13g2_dfrbpq_1)            9.452    8.845    0.607 (MET)
_130336_/D (sg13g2_dfrbpq_1)            9.452    8.844    0.608 (MET)
_131043_/D (sg13g2_dfrbpq_1)            9.440    8.831    0.608 (MET)
_134078_/D (sg13g2_dfrbpq_1)            9.567    8.957    0.610 (MET)
_130990_/D (sg13g2_dfrbpq_1)            9.442    8.831    0.611 (MET)
_130334_/D (sg13g2_dfrbpq_1)            9.453    8.842    0.611 (MET)
_130375_/D (sg13g2_dfrbpq_1)            9.458    8.847    0.611 (MET)
_130243_/D (sg13g2_dfrbpq_1)            9.425    8.813    0.612 (MET)
_130964_/D (sg13g2_dfrbpq_1)            9.427    8.815    0.612 (MET)
_130333_/D (sg13g2_dfrbpq_1)            9.452    8.839    0.613 (MET)
_131045_/D (sg13g2_dfrbpq_1)            9.440    8.827    0.613 (MET)
_130963_/D (sg13g2_dfrbpq_1)            9.434    8.821    0.613 (MET)
_130425_/D (sg13g2_dfrbpq_1)            9.437    8.822    0.615 (MET)
_130519_/D (sg13g2_dfrbpq_1)            9.415    8.800    0.615 (MET)
_130448_/D (sg13g2_dfrbpq_1)            9.414    8.799    0.615 (MET)
_130335_/D (sg13g2_dfrbpq_1)            9.453    8.837    0.616 (MET)
_130449_/D (sg13g2_dfrbpq_1)            9.414    8.798    0.616 (MET)
_131058_/D (sg13g2_dfrbpq_1)            9.443    8.827    0.616 (MET)
_130993_/D (sg13g2_dfrbpq_1)            9.454    8.839    0.616 (MET)
_130787_/D (sg13g2_dfrbpq_1)            9.431    8.815    0.616 (MET)
_131060_/D (sg13g2_dfrbpq_1)            9.440    8.824    0.616 (MET)
_131072_/D (sg13g2_dfrbpq_1)            9.429    8.812    0.617 (MET)
_130868_/D (sg13g2_dfrbpq_1)            9.434    8.817    0.617 (MET)
_130256_/D (sg13g2_dfrbpq_1)            9.412    8.795    0.617 (MET)
_133468_/D (sg13g2_dfrbpq_1)            9.620    9.003    0.617 (MET)
_131044_/D (sg13g2_dfrbpq_1)            9.441    8.823    0.618 (MET)
_130981_/D (sg13g2_dfrbpq_1)            9.421    8.803    0.618 (MET)
_131056_/D (sg13g2_dfrbpq_1)            9.442    8.824    0.619 (MET)
_135024_/D (sg13g2_dfrbpq_1)            9.612    8.993    0.619 (MET)
_130829_/D (sg13g2_dfrbpq_1)            9.421    8.802    0.619 (MET)
_130742_/D (sg13g2_dfrbpq_1)            9.441    8.821    0.620 (MET)
_130367_/D (sg13g2_dfrbpq_1)            9.430    8.809    0.620 (MET)
_131065_/D (sg13g2_dfrbpq_1)            9.432    8.811    0.620 (MET)
_130470_/D (sg13g2_dfrbpq_1)            9.430    8.809    0.621 (MET)
_130789_/D (sg13g2_dfrbpq_1)            9.432    8.810    0.622 (MET)
_130471_/D (sg13g2_dfrbpq_1)            9.424    8.802    0.622 (MET)
_130444_/D (sg13g2_dfrbpq_1)            9.434    8.812    0.622 (MET)
_131027_/D (sg13g2_dfrbpq_1)            9.430    8.808    0.623 (MET)
_134829_/D (sg13g2_dfrbpq_1)            9.564    8.942    0.623 (MET)
_131071_/D (sg13g2_dfrbpq_1)            9.431    8.808    0.623 (MET)
_130989_/D (sg13g2_dfrbpq_1)            9.442    8.819    0.623 (MET)
_130842_/D (sg13g2_dfrbpq_1)            9.432    8.808    0.624 (MET)
_130469_/D (sg13g2_dfrbpq_1)            9.431    8.807    0.625 (MET)
_130518_/D (sg13g2_dfrbpq_1)            9.414    8.790    0.625 (MET)
_131069_/D (sg13g2_dfrbpq_1)            9.434    8.808    0.625 (MET)
_131068_/D (sg13g2_dfrbpq_1)            9.433    8.807    0.626 (MET)
_131066_/D (sg13g2_dfrbpq_1)            9.432    8.805    0.626 (MET)
_130788_/D (sg13g2_dfrbpq_1)            9.439    8.813    0.626 (MET)
_131061_/D (sg13g2_dfrbpq_1)            9.436    8.809    0.627 (MET)
_130832_/D (sg13g2_dfrbpq_1)            9.449    8.822    0.627 (MET)
_130523_/D (sg13g2_dfrbpq_1)            9.424    8.797    0.627 (MET)
_130257_/D (sg13g2_dfrbpq_1)            9.426    8.798    0.627 (MET)
_130770_/D (sg13g2_dfrbpq_1)            9.415    8.787    0.627 (MET)
_133465_/D (sg13g2_dfrbpq_1)            9.620    8.992    0.628 (MET)
_130235_/D (sg13g2_dfrbpq_1)            9.432    8.804    0.628 (MET)
_130772_/D (sg13g2_dfrbpq_1)            9.424    8.796    0.628 (MET)
_130524_/D (sg13g2_dfrbpq_1)            9.423    8.793    0.630 (MET)
_130739_/D (sg13g2_dfrbpq_1)            9.450    8.820    0.630 (MET)
_130240_/D (sg13g2_dfrbpq_1)            9.421    8.791    0.630 (MET)
_130251_/D (sg13g2_dfrbpq_1)            9.462    8.832    0.630 (MET)
_131059_/D (sg13g2_dfrbpq_1)            9.441    8.810    0.631 (MET)
_130241_/D (sg13g2_dfrbpq_1)            9.425    8.794    0.631 (MET)
_130741_/D (sg13g2_dfrbpq_1)            9.445    8.813    0.631 (MET)
_130982_/D (sg13g2_dfrbpq_1)            9.424    8.792    0.632 (MET)
_130774_/D (sg13g2_dfrbpq_1)            9.420    8.788    0.632 (MET)
_130997_/D (sg13g2_dfrbpq_1)            9.434    8.802    0.632 (MET)
_130426_/D (sg13g2_dfrbpq_1)            9.436    8.804    0.632 (MET)
_130522_/D (sg13g2_dfrbpq_1)            9.431    8.798    0.633 (MET)
_130743_/D (sg13g2_dfrbpq_1)            9.438    8.806    0.633 (MET)
_130424_/D (sg13g2_dfrbpq_1)            9.442    8.809    0.633 (MET)
_130893_/D (sg13g2_dfrbpq_1)            9.449    8.815    0.634 (MET)
_131062_/D (sg13g2_dfrbpq_1)            9.437    8.804    0.634 (MET)
_130427_/D (sg13g2_dfrbpq_1)            9.449    8.814    0.635 (MET)
_131057_/D (sg13g2_dfrbpq_1)            9.444    8.810    0.635 (MET)
_130841_/D (sg13g2_dfrbpq_1)            9.441    8.805    0.635 (MET)
_135142_/D (sg13g2_dfrbpq_1)            9.502    8.866    0.636 (MET)
_130421_/D (sg13g2_dfrbpq_1)            9.421    8.784    0.637 (MET)
_130322_/D (sg13g2_dfrbpq_1)            9.437    8.800    0.637 (MET)
_130450_/D (sg13g2_dfrbpq_1)            9.415    8.778    0.637 (MET)
_130239_/D (sg13g2_dfrbpq_1)            9.421    8.784    0.637 (MET)
_130077_/D (sg13g2_dfrbpq_1)            9.612    8.975    0.638 (MET)
_130988_/D (sg13g2_dfrbpq_1)            9.440    8.803    0.638 (MET)
_130775_/D (sg13g2_dfrbpq_1)            9.421    8.783    0.638 (MET)
_130432_/D (sg13g2_dfrbpq_1)            9.432    8.795    0.638 (MET)
_133038_/D (sg13g2_dfrbpq_1)            9.606    8.968    0.638 (MET)
_130991_/D (sg13g2_dfrbpq_1)            9.440    8.801    0.638 (MET)
_130992_/D (sg13g2_dfrbpq_1)            9.442    8.803    0.639 (MET)
_133665_/D (sg13g2_dfrbpq_1)            9.514    8.874    0.640 (MET)
_130817_/D (sg13g2_dfrbpq_1)            9.430    8.790    0.640 (MET)
_130965_/D (sg13g2_dfrbpq_1)            9.451    8.811    0.641 (MET)
_130431_/D (sg13g2_dfrbpq_1)            9.433    8.792    0.641 (MET)
_130078_/D (sg13g2_dfrbpq_1)            9.612    8.971    0.641 (MET)
_130429_/D (sg13g2_dfrbpq_1)            9.433    8.792    0.641 (MET)
_130750_/D (sg13g2_dfrbpq_1)            9.451    8.810    0.641 (MET)
_130744_/D (sg13g2_dfrbpq_1)            9.439    8.797    0.642 (MET)
_130430_/D (sg13g2_dfrbpq_1)            9.434    8.792    0.642 (MET)
_130987_/D (sg13g2_dfrbpq_1)            9.450    8.807    0.643 (MET)
_130740_/D (sg13g2_dfrbpq_1)            9.450    8.807    0.643 (MET)
_130895_/D (sg13g2_dfrbpq_1)            9.439    8.796    0.643 (MET)
_130746_/D (sg13g2_dfrbpq_1)            9.442    8.797    0.645 (MET)
_130409_/D (sg13g2_dfrbpq_1)            9.453    8.808    0.645 (MET)
_130769_/D (sg13g2_dfrbpq_1)            9.415    8.770    0.645 (MET)
_130366_/D (sg13g2_dfrbpq_1)            9.434    8.789    0.645 (MET)
_130837_/D (sg13g2_dfrbpq_1)            9.415    8.770    0.646 (MET)
_130994_/D (sg13g2_dfrbpq_1)            9.445    8.799    0.646 (MET)
_130423_/D (sg13g2_dfrbpq_1)            9.450    8.804    0.646 (MET)
_133662_/D (sg13g2_dfrbpq_1)            9.514    8.867    0.646 (MET)
_130238_/D (sg13g2_dfrbpq_1)            9.414    8.768    0.646 (MET)
_130285_/D (sg13g2_dfrbpq_1)            9.438    8.791    0.646 (MET)
_130447_/D (sg13g2_dfrbpq_1)            9.433    8.786    0.646 (MET)
_134800_/D (sg13g2_dfrbpq_1)            9.670    9.023    0.647 (MET)
_130244_/D (sg13g2_dfrbpq_1)            9.425    8.778    0.647 (MET)
_130984_/D (sg13g2_dfrbpq_1)            9.455    8.807    0.648 (MET)
_131063_/D (sg13g2_dfrbpq_1)            9.458    8.810    0.648 (MET)
_130996_/D (sg13g2_dfrbpq_1)            9.429    8.781    0.648 (MET)
_130396_/D (sg13g2_dfrbpq_1)            9.414    8.766    0.648 (MET)
_130408_/D (sg13g2_dfrbpq_1)            9.454    8.806    0.649 (MET)
_130242_/D (sg13g2_dfrbpq_1)            9.447    8.799    0.649 (MET)
_130074_/D (sg13g2_dfrbpq_1)            9.613    8.965    0.649 (MET)
_130486_/D (sg13g2_dfrbpq_1)            9.429    8.780    0.649 (MET)
_130983_/D (sg13g2_dfrbpq_1)            9.455    8.806    0.650 (MET)
_130831_/D (sg13g2_dfrbpq_1)            9.450    8.801    0.650 (MET)
_130405_/D (sg13g2_dfrbpq_1)            9.452    8.802    0.650 (MET)
_130979_/D (sg13g2_dfrbpq_1)            9.416    8.765    0.650 (MET)
_130411_/D (sg13g2_dfrbpq_1)            9.445    8.795    0.651 (MET)
_130489_/D (sg13g2_dfrbpq_1)            9.430    8.779    0.651 (MET)
_130985_/D (sg13g2_dfrbpq_1)            9.454    8.802    0.651 (MET)
_130820_/D (sg13g2_dfrbpq_1)            9.416    8.765    0.651 (MET)
_130980_/D (sg13g2_dfrbpq_1)            9.421    8.770    0.652 (MET)
_130999_/D (sg13g2_dfrbpq_1)            9.424    8.773    0.652 (MET)
_130260_/D (sg13g2_dfrbpq_1)            9.437    8.785    0.652 (MET)
_133664_/D (sg13g2_dfrbpq_1)            9.518    8.866    0.652 (MET)
_130738_/D (sg13g2_dfrbpq_1)            9.446    8.794    0.652 (MET)
_130840_/D (sg13g2_dfrbpq_1)            9.450    8.797    0.652 (MET)
_130249_/D (sg13g2_dfrbpq_1)            9.456    8.803    0.652 (MET)
_130269_/D (sg13g2_dfrbpq_1)            9.444    8.791    0.653 (MET)
_130446_/D (sg13g2_dfrbpq_1)            9.436    8.783    0.653 (MET)
_130747_/D (sg13g2_dfrbpq_1)            9.449    8.796    0.653 (MET)
_130428_/D (sg13g2_dfrbpq_1)            9.444    8.791    0.653 (MET)
_130818_/D (sg13g2_dfrbpq_1)            9.421    8.769    0.653 (MET)
_130776_/D (sg13g2_dfrbpq_1)            9.424    8.771    0.653 (MET)
_130246_/D (sg13g2_dfrbpq_1)            9.453    8.800    0.653 (MET)
_131051_/D (sg13g2_dfrbpq_1)            9.428    8.774    0.653 (MET)
_131000_/D (sg13g2_dfrbpq_1)            9.425    8.771    0.654 (MET)
_130236_/D (sg13g2_dfrbpq_1)            9.414    8.761    0.654 (MET)
_130445_/D (sg13g2_dfrbpq_1)            9.452    8.798    0.654 (MET)
_130771_/D (sg13g2_dfrbpq_1)            9.421    8.767    0.654 (MET)
_131064_/D (sg13g2_dfrbpq_1)            9.461    8.807    0.654 (MET)
_130998_/D (sg13g2_dfrbpq_1)            9.424    8.770    0.654 (MET)
_130534_/D (sg13g2_dfrbpq_1)            9.439    8.785    0.654 (MET)
_130237_/D (sg13g2_dfrbpq_1)            9.414    8.759    0.655 (MET)
_130819_/D (sg13g2_dfrbpq_1)            9.406    8.751    0.655 (MET)
_130773_/D (sg13g2_dfrbpq_1)            9.425    8.769    0.655 (MET)
_129795_/D (sg13g2_dfrbpq_1)            9.588    8.933    0.656 (MET)
_130248_/D (sg13g2_dfrbpq_1)            9.450    8.794    0.656 (MET)
_130782_/D (sg13g2_dfrbpq_1)            9.461    8.804    0.657 (MET)
_130836_/D (sg13g2_dfrbpq_1)            9.413    8.756    0.657 (MET)
_130745_/D (sg13g2_dfrbpq_1)            9.446    8.789    0.657 (MET)
_130986_/D (sg13g2_dfrbpq_1)            9.456    8.798    0.658 (MET)
_130250_/D (sg13g2_dfrbpq_1)            9.461    8.802    0.658 (MET)
_134048_/D (sg13g2_dfrbpq_1)            9.412    8.753    0.659 (MET)
_130834_/D (sg13g2_dfrbpq_1)            9.462    8.803    0.659 (MET)
_130075_/D (sg13g2_dfrbpq_1)            9.615    8.955    0.660 (MET)
_134049_/D (sg13g2_dfrbpq_1)            9.432    8.772    0.660 (MET)
_130779_/D (sg13g2_dfrbpq_1)            9.449    8.789    0.660 (MET)
_131053_/D (sg13g2_dfrbpq_1)            9.422    8.761    0.660 (MET)
_130247_/D (sg13g2_dfrbpq_1)            9.454    8.794    0.660 (MET)
_130533_/D (sg13g2_dfrbpq_1)            9.438    8.778    0.660 (MET)
_130410_/D (sg13g2_dfrbpq_1)            9.445    8.784    0.661 (MET)
_130550_/D (sg13g2_dfrbpq_1)            9.416    8.755    0.661 (MET)
_131049_/D (sg13g2_dfrbpq_1)            9.429    8.768    0.661 (MET)
_130959_/D (sg13g2_dfrbpq_1)            9.443    8.781    0.661 (MET)
_131050_/D (sg13g2_dfrbpq_1)            9.428    8.767    0.661 (MET)
_130072_/D (sg13g2_dfrbpq_1)            9.613    8.951    0.662 (MET)
_130894_/D (sg13g2_dfrbpq_1)            9.440    8.778    0.662 (MET)
_130781_/D (sg13g2_dfrbpq_1)            9.460    8.797    0.663 (MET)
_130234_/D (sg13g2_dfrbpq_1)            9.432    8.769    0.663 (MET)
_130821_/D (sg13g2_dfrbpq_1)            9.417    8.753    0.663 (MET)
_132973_/D (sg13g2_dfrbpq_2)            9.366    8.703    0.664 (MET)
_130395_/D (sg13g2_dfrbpq_1)            9.415    8.750    0.664 (MET)
_130748_/D (sg13g2_dfrbpq_1)            9.455    8.790    0.665 (MET)
_130777_/D (sg13g2_dfrbpq_1)            9.450    8.784    0.666 (MET)
_133666_/D (sg13g2_dfrbpq_1)            9.518    8.852    0.666 (MET)
_130487_/D (sg13g2_dfrbpq_1)            9.430    8.764    0.667 (MET)
_130245_/D (sg13g2_dfrbpq_1)            9.453    8.786    0.667 (MET)
_130780_/D (sg13g2_dfrbpq_1)            9.449    8.782    0.667 (MET)
_130958_/D (sg13g2_dfrbpq_1)            9.444    8.775    0.668 (MET)
_130962_/D (sg13g2_dfrbpq_1)            9.447    8.778    0.669 (MET)
_130403_/D (sg13g2_dfrbpq_1)            9.425    8.756    0.669 (MET)
_130073_/D (sg13g2_dfrbpq_1)            9.617    8.948    0.669 (MET)
_130957_/D (sg13g2_dfrbpq_1)            9.443    8.773    0.670 (MET)
_133667_/D (sg13g2_dfrbpq_1)            9.517    8.847    0.670 (MET)
_134034_/D (sg13g2_dfrbpq_1)            9.624    8.953    0.671 (MET)
_130749_/D (sg13g2_dfrbpq_1)            9.455    8.784    0.671 (MET)
_130848_/D (sg13g2_dfrbpq_1)            9.447    8.775    0.672 (MET)
_130830_/D (sg13g2_dfrbpq_1)            9.451    8.779    0.672 (MET)
_130398_/D (sg13g2_dfrbpq_1)            9.421    8.748    0.674 (MET)
_130833_/D (sg13g2_dfrbpq_1)            9.463    8.789    0.674 (MET)
_133039_/D (sg13g2_dfrbpq_1)            9.606    8.932    0.675 (MET)
_130784_/D (sg13g2_dfrbpq_1)            9.416    8.741    0.675 (MET)
_130400_/D (sg13g2_dfrbpq_1)            9.425    8.750    0.675 (MET)
_130402_/D (sg13g2_dfrbpq_1)            9.445    8.770    0.675 (MET)
_130320_/D (sg13g2_dfrbpq_1)            9.433    8.757    0.676 (MET)
_130397_/D (sg13g2_dfrbpq_1)            9.415    8.739    0.676 (MET)
_133663_/D (sg13g2_dfrbpq_1)            9.515    8.839    0.676 (MET)
_130838_/D (sg13g2_dfrbpq_1)            9.410    8.734    0.676 (MET)
_130960_/D (sg13g2_dfrbpq_1)            9.446    8.769    0.677 (MET)
_130420_/D (sg13g2_dfrbpq_1)            9.419    8.742    0.677 (MET)
_129918_/D (sg13g2_dfrbpq_1)            9.425    8.748    0.678 (MET)
_130414_/D (sg13g2_dfrbpq_1)            9.409    8.731    0.678 (MET)
_130839_/D (sg13g2_dfrbpq_1)            9.416    8.738    0.678 (MET)
_130436_/D (sg13g2_dfrbpq_1)            9.449    8.771    0.678 (MET)
_130956_/D (sg13g2_dfrbpq_1)            9.451    8.771    0.680 (MET)
_130978_/D (sg13g2_dfrbpq_1)            9.433    8.751    0.682 (MET)
_130268_/D (sg13g2_dfrbpq_1)            9.448    8.765    0.683 (MET)
_130399_/D (sg13g2_dfrbpq_1)            9.422    8.739    0.683 (MET)
_130778_/D (sg13g2_dfrbpq_1)            9.450    8.767    0.683 (MET)
_130233_/D (sg13g2_dfrbpq_1)            9.431    8.747    0.684 (MET)
_130488_/D (sg13g2_dfrbpq_1)            9.453    8.768    0.684 (MET)
_130843_/D (sg13g2_dfrbpq_1)            9.438    8.753    0.685 (MET)
_130915_/D (sg13g2_dfrbpq_1)            9.438    8.754    0.685 (MET)
_130783_/D (sg13g2_dfrbpq_1)            9.416    8.731    0.685 (MET)
_133642_/D (sg13g2_dfrbpq_1)            9.541    8.856    0.686 (MET)
_130632_/D (sg13g2_dfrbpq_1)            9.446    8.760    0.686 (MET)
_130976_/D (sg13g2_dfrbpq_1)            9.432    8.746    0.686 (MET)
_130961_/D (sg13g2_dfrbpq_1)            9.452    8.765    0.687 (MET)
_130816_/D (sg13g2_dfrbpq_1)            9.435    8.746    0.689 (MET)
_133028_/D (sg13g2_dfrbpq_1)            9.609    8.918    0.691 (MET)
_130975_/D (sg13g2_dfrbpq_1)            9.432    8.741    0.692 (MET)
_130786_/D (sg13g2_dfrbpq_1)            9.416    8.724    0.692 (MET)
_131047_/D (sg13g2_dfrbpq_1)            9.425    8.732    0.693 (MET)
_130419_/D (sg13g2_dfrbpq_1)            9.421    8.727    0.694 (MET)
_130954_/D (sg13g2_dfrbpq_1)            9.442    8.747    0.695 (MET)
_130785_/D (sg13g2_dfrbpq_1)            9.415    8.720    0.695 (MET)
_130321_/D (sg13g2_dfrbpq_1)            9.459    8.763    0.696 (MET)
_130647_/D (sg13g2_dfrbpq_1)            9.447    8.751    0.696 (MET)
_130700_/D (sg13g2_dfrbpq_1)            9.449    8.753    0.696 (MET)
_130413_/D (sg13g2_dfrbpq_1)            9.408    8.712    0.696 (MET)
_131055_/D (sg13g2_dfrbpq_1)            9.520    8.823    0.696 (MET)
_130856_/D (sg13g2_dfrbpq_1)            9.422    8.724    0.698 (MET)
_130977_/D (sg13g2_dfrbpq_1)            9.436    8.738    0.698 (MET)
_130955_/D (sg13g2_dfrbpq_1)            9.451    8.753    0.698 (MET)
_130891_/D (sg13g2_dfrbpq_1)            9.407    8.709    0.698 (MET)
_130393_/D (sg13g2_dfrbpq_1)            9.435    8.737    0.698 (MET)
_130664_/D (sg13g2_dfrbpq_1)            9.413    8.714    0.699 (MET)
_130541_/D (sg13g2_dfrbpq_1)            9.440    8.741    0.699 (MET)
_130845_/D (sg13g2_dfrbpq_1)            9.446    8.746    0.700 (MET)
_130669_/D (sg13g2_dfrbpq_1)            9.424    8.723    0.701 (MET)
_130849_/D (sg13g2_dfrbpq_1)            9.454    8.753    0.701 (MET)
_130953_/D (sg13g2_dfrbpq_1)            9.451    8.749    0.702 (MET)
_130330_/D (sg13g2_dfrbpq_1)            9.447    8.745    0.702 (MET)
_131109_/D (sg13g2_dfrbpq_1)            9.527    8.825    0.703 (MET)
_130815_/D (sg13g2_dfrbpq_1)            9.440    8.737    0.703 (MET)
_130806_/D (sg13g2_dfrbpq_1)            9.468    8.765    0.703 (MET)
_130646_/D (sg13g2_dfrbpq_1)            9.430    8.727    0.703 (MET)
_130394_/D (sg13g2_dfrbpq_1)            9.432    8.729    0.703 (MET)
_130404_/D (sg13g2_dfrbpq_1)            9.452    8.748    0.704 (MET)
_130542_/D (sg13g2_dfrbpq_1)            9.448    8.743    0.704 (MET)
_130329_/D (sg13g2_dfrbpq_1)            9.450    8.745    0.705 (MET)
_130401_/D (sg13g2_dfrbpq_1)            9.448    8.743    0.705 (MET)
_130889_/D (sg13g2_dfrbpq_1)            9.417    8.711    0.705 (MET)
_130631_/D (sg13g2_dfrbpq_1)            9.446    8.740    0.706 (MET)
_130890_/D (sg13g2_dfrbpq_1)            9.420    8.714    0.706 (MET)
_130633_/D (sg13g2_dfrbpq_1)            9.437    8.730    0.707 (MET)
_130392_/D (sg13g2_dfrbpq_1)            9.436    8.729    0.707 (MET)
_130859_/D (sg13g2_dfrbpq_1)            9.468    8.760    0.707 (MET)
_131008_/D (sg13g2_dfrbpq_1)            9.435    8.727    0.708 (MET)
_130264_/D (sg13g2_dfrbpq_1)            9.447    8.739    0.708 (MET)
_130262_/D (sg13g2_dfrbpq_1)            9.444    8.736    0.708 (MET)
_130835_/D (sg13g2_dfrbpq_1)            9.414    8.706    0.709 (MET)
_133447_/D (sg13g2_dfrbpq_1)            9.655    8.946    0.709 (MET)
_130435_/D (sg13g2_dfrbpq_1)            9.448    8.738    0.710 (MET)
_130666_/D (sg13g2_dfrbpq_1)            9.424    8.713    0.711 (MET)
_130266_/D (sg13g2_dfrbpq_1)            9.436    8.726    0.711 (MET)
_130267_/D (sg13g2_dfrbpq_1)            9.437    8.727    0.711 (MET)
_130912_/D (sg13g2_dfrbpq_1)            9.470    8.758    0.712 (MET)
_130636_/D (sg13g2_dfrbpq_1)            9.451    8.738    0.712 (MET)
_131004_/D (sg13g2_dfrbpq_1)            9.443    8.730    0.713 (MET)
_130412_/D (sg13g2_dfrbpq_1)            9.413    8.699    0.714 (MET)
_130768_/D (sg13g2_dfrbpq_1)            9.416    8.701    0.715 (MET)
_133450_/D (sg13g2_dfrbpq_1)            9.659    8.943    0.716 (MET)
_130263_/D (sg13g2_dfrbpq_1)            9.444    8.727    0.716 (MET)
_130637_/D (sg13g2_dfrbpq_1)            9.442    8.725    0.717 (MET)
_130846_/D (sg13g2_dfrbpq_1)            9.455    8.739    0.717 (MET)
_130634_/D (sg13g2_dfrbpq_1)            9.445    8.728    0.717 (MET)
_130416_/D (sg13g2_dfrbpq_1)            9.420    8.702    0.718 (MET)
_130276_/D (sg13g2_dfrbpq_1)            9.448    8.730    0.718 (MET)
_130844_/D (sg13g2_dfrbpq_1)            9.437    8.718    0.719 (MET)
_130265_/D (sg13g2_dfrbpq_1)            9.442    8.723    0.719 (MET)
_130261_/D (sg13g2_dfrbpq_1)            9.440    8.720    0.720 (MET)
_133439_/D (sg13g2_dfrbpq_1)            9.650    8.930    0.720 (MET)
_130501_/D (sg13g2_dfrbpq_1)            9.413    8.693    0.720 (MET)
_130920_/D (sg13g2_dfrbpq_1)            9.439    8.718    0.721 (MET)
_130076_/D (sg13g2_dfrbpq_1)            9.595    8.873    0.721 (MET)
_131005_/D (sg13g2_dfrbpq_1)            9.443    8.722    0.721 (MET)
_130645_/D (sg13g2_dfrbpq_1)            9.452    8.730    0.722 (MET)
_130663_/D (sg13g2_dfrbpq_1)            9.417    8.694    0.722 (MET)
_130635_/D (sg13g2_dfrbpq_1)            9.443    8.719    0.723 (MET)
_130847_/D (sg13g2_dfrbpq_1)            9.448    8.724    0.723 (MET)
_130532_/D (sg13g2_dfrbpq_1)            9.439    8.715    0.724 (MET)
_130764_/D (sg13g2_dfrbpq_1)            9.431    8.708    0.724 (MET)
_130667_/D (sg13g2_dfrbpq_1)            9.425    8.701    0.724 (MET)
_130434_/D (sg13g2_dfrbpq_1)            9.430    8.706    0.724 (MET)
_130433_/D (sg13g2_dfrbpq_1)            9.430    8.705    0.725 (MET)
_130857_/D (sg13g2_dfrbpq_1)            9.452    8.727    0.725 (MET)
_131006_/D (sg13g2_dfrbpq_1)            9.440    8.715    0.726 (MET)
_130914_/D (sg13g2_dfrbpq_1)            9.438    8.712    0.726 (MET)
_131013_/D (sg13g2_dfrbpq_1)            9.433    8.707    0.726 (MET)
_130892_/D (sg13g2_dfrbpq_1)            9.412    8.686    0.726 (MET)
_130415_/D (sg13g2_dfrbpq_1)            9.412    8.686    0.726 (MET)
_130665_/D (sg13g2_dfrbpq_1)            9.426    8.699    0.726 (MET)
_130668_/D (sg13g2_dfrbpq_1)            9.424    8.697    0.727 (MET)
_133442_/D (sg13g2_dfrbpq_1)            9.658    8.929    0.728 (MET)
_133445_/D (sg13g2_dfrbpq_1)            9.658    8.929    0.728 (MET)
_130767_/D (sg13g2_dfrbpq_1)            9.417    8.687    0.729 (MET)
_133444_/D (sg13g2_dfrbpq_1)            9.658    8.928    0.729 (MET)
_130277_/D (sg13g2_dfrbpq_1)            9.449    8.719    0.730 (MET)
_131007_/D (sg13g2_dfrbpq_1)            9.440    8.709    0.731 (MET)
_133448_/D (sg13g2_dfrbpq_1)            9.658    8.926    0.731 (MET)
_130919_/D (sg13g2_dfrbpq_1)            9.445    8.713    0.732 (MET)
_130270_/D (sg13g2_dfrbpq_1)            9.449    8.717    0.732 (MET)
_130858_/D (sg13g2_dfrbpq_1)            9.451    8.719    0.733 (MET)
_130917_/D (sg13g2_dfrbpq_1)            9.441    8.708    0.733 (MET)
_129973_/D (sg13g2_dfrbpq_1)            9.622    8.889    0.733 (MET)
_130418_/D (sg13g2_dfrbpq_1)            9.424    8.689    0.735 (MET)
_130641_/D (sg13g2_dfrbpq_1)            9.449    8.713    0.736 (MET)
_130916_/D (sg13g2_dfrbpq_1)            9.446    8.710    0.736 (MET)
_133061_/D (sg13g2_dfrbpq_1)            9.612    8.876    0.736 (MET)
_130766_/D (sg13g2_dfrbpq_1)            9.417    8.680    0.737 (MET)
_130854_/D (sg13g2_dfrbpq_1)            9.451    8.713    0.738 (MET)
_130642_/D (sg13g2_dfrbpq_1)            9.446    8.708    0.738 (MET)
_130640_/D (sg13g2_dfrbpq_1)            9.443    8.705    0.738 (MET)
_130692_/D (sg13g2_dfrbpq_1)            9.449    8.711    0.738 (MET)
_130852_/D (sg13g2_dfrbpq_1)            9.455    8.715    0.739 (MET)
_130853_/D (sg13g2_dfrbpq_1)            9.449    8.710    0.739 (MET)
_130850_/D (sg13g2_dfrbpq_1)            9.453    8.712    0.741 (MET)
_130539_/D (sg13g2_dfrbpq_1)            9.439    8.698    0.741 (MET)
_130918_/D (sg13g2_dfrbpq_1)            9.446    8.705    0.741 (MET)
_131015_/D (sg13g2_dfrbpq_1)            9.434    8.692    0.742 (MET)
_130851_/D (sg13g2_dfrbpq_1)            9.444    8.702    0.742 (MET)
_130503_/D (sg13g2_dfrbpq_1)            9.433    8.689    0.743 (MET)
_130417_/D (sg13g2_dfrbpq_1)            9.424    8.681    0.743 (MET)
_131495_/D (sg13g2_dfrbpq_1)            9.625    8.881    0.744 (MET)
_130643_/D (sg13g2_dfrbpq_1)            9.452    8.708    0.745 (MET)
_131018_/D (sg13g2_dfrbpq_1)            9.429    8.684    0.745 (MET)
_130904_/D (sg13g2_dfrbpq_1)            9.444    8.699    0.745 (MET)
_130328_/D (sg13g2_dfrbpq_1)            9.446    8.700    0.746 (MET)
_131014_/D (sg13g2_dfrbpq_1)            9.434    8.688    0.746 (MET)
_130531_/D (sg13g2_dfrbpq_1)            9.435    8.689    0.746 (MET)
_130644_/D (sg13g2_dfrbpq_1)            9.453    8.706    0.747 (MET)
_131019_/D (sg13g2_dfrbpq_1)            9.434    8.687    0.747 (MET)
_130639_/D (sg13g2_dfrbpq_1)            9.445    8.698    0.747 (MET)
_130798_/D (sg13g2_dfrbpq_1)            9.445    8.697    0.747 (MET)
_130272_/D (sg13g2_dfrbpq_1)            9.452    8.704    0.748 (MET)
_130638_/D (sg13g2_dfrbpq_1)            9.445    8.696    0.749 (MET)
_130540_/D (sg13g2_dfrbpq_1)            9.439    8.690    0.749 (MET)
_130763_/D (sg13g2_dfrbpq_1)            9.435    8.686    0.750 (MET)
_131012_/D (sg13g2_dfrbpq_1)            9.432    8.682    0.750 (MET)
_131017_/D (sg13g2_dfrbpq_1)            9.429    8.678    0.751 (MET)
_130683_/D (sg13g2_dfrbpq_1)            9.442    8.691    0.751 (MET)
_131009_/D (sg13g2_dfrbpq_1)            9.437    8.685    0.752 (MET)
_131016_/D (sg13g2_dfrbpq_1)            9.429    8.677    0.752 (MET)
_130499_/D (sg13g2_dfrbpq_1)            9.431    8.679    0.752 (MET)
_130765_/D (sg13g2_dfrbpq_1)            9.432    8.677    0.755 (MET)
_130304_/D (sg13g2_dfrbpq_1)            9.479    8.724    0.755 (MET)
_130327_/D (sg13g2_dfrbpq_1)            9.445    8.690    0.756 (MET)
_130855_/D (sg13g2_dfrbpq_1)            9.447    8.690    0.757 (MET)
_130682_/D (sg13g2_dfrbpq_1)            9.441    8.682    0.759 (MET)
_135074_/D (sg13g2_dfrbpq_1)            9.583    8.823    0.760 (MET)
_134002_/D (sg13g2_dfrbpq_1)            9.503    8.743    0.760 (MET)
_130699_/D (sg13g2_dfrbpq_1)            9.446    8.685    0.761 (MET)
_130071_/D (sg13g2_dfrbpq_1)            9.601    8.839    0.762 (MET)
_131097_/D (sg13g2_dfrbpq_1)            9.533    8.771    0.762 (MET)
_130273_/D (sg13g2_dfrbpq_1)            9.455    8.692    0.762 (MET)
_130502_/D (sg13g2_dfrbpq_1)            9.435    8.672    0.763 (MET)
_130678_/D (sg13g2_dfrbpq_1)            9.407    8.643    0.763 (MET)
_133054_/D (sg13g2_dfrbpq_1)            9.618    8.854    0.763 (MET)
_130319_/D (sg13g2_dfrbpq_1)            9.437    8.673    0.764 (MET)
_130528_/D (sg13g2_dfrbpq_1)            9.439    8.672    0.767 (MET)
_130274_/D (sg13g2_dfrbpq_1)            9.431    8.664    0.767 (MET)
_130271_/D (sg13g2_dfrbpq_1)            9.455    8.687    0.768 (MET)
_130498_/D (sg13g2_dfrbpq_1)            9.436    8.668    0.768 (MET)
_130804_/D (sg13g2_dfrbpq_1)            9.435    8.667    0.768 (MET)
_131011_/D (sg13g2_dfrbpq_1)            9.460    8.690    0.769 (MET)
_133451_/D (sg13g2_dfrbpq_1)            9.658    8.889    0.770 (MET)
_130799_/D (sg13g2_dfrbpq_1)            9.454    8.683    0.771 (MET)
_130529_/D (sg13g2_dfrbpq_1)            9.443    8.672    0.771 (MET)
_130693_/D (sg13g2_dfrbpq_1)            9.441    8.669    0.772 (MET)
_130536_/D (sg13g2_dfrbpq_1)            9.431    8.658    0.773 (MET)
_131010_/D (sg13g2_dfrbpq_1)            9.459    8.686    0.773 (MET)
_130805_/D (sg13g2_dfrbpq_1)            9.468    8.695    0.773 (MET)
_130500_/D (sg13g2_dfrbpq_1)            9.436    8.663    0.773 (MET)
_130905_/D (sg13g2_dfrbpq_1)            9.454    8.674    0.780 (MET)
_130530_/D (sg13g2_dfrbpq_1)            9.437    8.657    0.780 (MET)
_133453_/D (sg13g2_dfrbpq_1)            9.659    8.876    0.783 (MET)
_131003_/D (sg13g2_dfrbpq_1)            9.428    8.645    0.783 (MET)
_130670_/D (sg13g2_dfrbpq_1)            9.428    8.644    0.783 (MET)
_130795_/D (sg13g2_dfrbpq_1)            9.454    8.671    0.784 (MET)
_131112_/D (sg13g2_dfrbpq_1)            9.494    8.710    0.784 (MET)
_134047_/D (sg13g2_dfrbpq_1)            9.413    8.627    0.785 (MET)
_130911_/D (sg13g2_dfrbpq_1)            9.467    8.682    0.786 (MET)
_130535_/D (sg13g2_dfrbpq_1)            9.434    8.644    0.789 (MET)
_130538_/D (sg13g2_dfrbpq_1)            9.434    8.644    0.790 (MET)
_130679_/D (sg13g2_dfrbpq_1)            9.413    8.623    0.791 (MET)
_130275_/D (sg13g2_dfrbpq_1)            9.449    8.658    0.791 (MET)
_130901_/D (sg13g2_dfrbpq_1)            9.450    8.659    0.791 (MET)
_130302_/D (sg13g2_dfrbpq_1)            9.439    8.646    0.793 (MET)
_131002_/D (sg13g2_dfrbpq_1)            9.521    8.728    0.793 (MET)
_130537_/D (sg13g2_dfrbpq_1)            9.436    8.642    0.793 (MET)
_130299_/D (sg13g2_dfrbpq_1)            9.439    8.646    0.794 (MET)
_131489_/D (sg13g2_dfrbpq_1)            9.682    8.889    0.794 (MET)
_130672_/D (sg13g2_dfrbpq_1)            9.450    8.654    0.795 (MET)
_130680_/D (sg13g2_dfrbpq_1)            9.408    8.613    0.795 (MET)
_133260_/D (sg13g2_dfrbpq_1)            9.513    8.717    0.795 (MET)
_131488_/D (sg13g2_dfrbpq_1)            9.685    8.888    0.797 (MET)
_133255_/D (sg13g2_dfrbpq_1)            9.515    8.716    0.798 (MET)
_130698_/D (sg13g2_dfrbpq_1)            9.451    8.652    0.799 (MET)
_133256_/D (sg13g2_dfrbpq_1)            9.497    8.697    0.799 (MET)
_130318_/D (sg13g2_dfrbpq_1)            9.435    8.635    0.801 (MET)
_131491_/D (sg13g2_dfrbpq_1)            9.684    8.884    0.801 (MET)
_130675_/D (sg13g2_dfrbpq_1)            9.479    8.676    0.803 (MET)
_131490_/D (sg13g2_dfrbpq_1)            9.686    8.882    0.804 (MET)
_130689_/D (sg13g2_dfrbpq_1)            9.443    8.638    0.804 (MET)
_135140_/D (sg13g2_dfrbpq_1)            9.505    8.700    0.805 (MET)
_130903_/D (sg13g2_dfrbpq_1)            9.447    8.642    0.805 (MET)
_131496_/D (sg13g2_dfrbpq_1)            9.686    8.880    0.806 (MET)
_133259_/D (sg13g2_dfrbpq_1)            9.514    8.708    0.806 (MET)
_130887_/D (sg13g2_dfrbpq_1)            9.478    8.672    0.807 (MET)
_130301_/D (sg13g2_dfrbpq_1)            9.452    8.645    0.807 (MET)
_130910_/D (sg13g2_dfrbpq_1)            9.472    8.662    0.810 (MET)
_133434_/D (sg13g2_dfrbpq_1)            9.648    8.836    0.812 (MET)
_133055_/D (sg13g2_dfrbpq_1)            9.646    8.834    0.812 (MET)
_130684_/D (sg13g2_dfrbpq_1)            9.464    8.651    0.813 (MET)
_133421_/D (sg13g2_dfrbpq_1)            9.643    8.829    0.813 (MET)
_133426_/D (sg13g2_dfrbpq_1)            9.647    8.833    0.814 (MET)
_130691_/D (sg13g2_dfrbpq_1)            9.443    8.628    0.815 (MET)
_130792_/D (sg13g2_dfrbpq_1)            9.431    8.616    0.815 (MET)
_133254_/D (sg13g2_dfrbpq_1)            9.515    8.699    0.816 (MET)
_133196_/D (sg13g2_dfrbpq_1)            9.518    8.701    0.817 (MET)
_130677_/D (sg13g2_dfrbpq_1)            9.413    8.595    0.818 (MET)
_130671_/D (sg13g2_dfrbpq_1)            9.450    8.632    0.818 (MET)
_130802_/D (sg13g2_dfrbpq_1)            9.450    8.631    0.819 (MET)
_133060_/D (sg13g2_dfrbpq_1)            9.631    8.811    0.820 (MET)
_130881_/D (sg13g2_dfrbpq_1)            9.420    8.600    0.820 (MET)
_133440_/D (sg13g2_dfrbpq_1)            9.654    8.833    0.821 (MET)
_130300_/D (sg13g2_dfrbpq_1)            9.453    8.632    0.821 (MET)
_130661_/D (sg13g2_dfrbpq_1)            9.425    8.603    0.822 (MET)
_130801_/D (sg13g2_dfrbpq_1)            9.451    8.629    0.822 (MET)
_130303_/D (sg13g2_dfrbpq_1)            9.461    8.638    0.823 (MET)
_130305_/D (sg13g2_dfrbpq_1)            9.444    8.620    0.824 (MET)
_130880_/D (sg13g2_dfrbpq_1)            9.420    8.595    0.825 (MET)
_133218_/D (sg13g2_dfrbpq_1)            9.515    8.690    0.825 (MET)
_130674_/D (sg13g2_dfrbpq_1)            9.463    8.637    0.826 (MET)
_130803_/D (sg13g2_dfrbpq_1)            9.451    8.623    0.828 (MET)
_130676_/D (sg13g2_dfrbpq_1)            9.454    8.625    0.828 (MET)
_130875_/D (sg13g2_dfrbpq_1)            9.408    8.579    0.829 (MET)
_133423_/D (sg13g2_dfrbpq_1)            9.642    8.811    0.831 (MET)
_130794_/D (sg13g2_dfrbpq_1)            9.447    8.617    0.831 (MET)
_130793_/D (sg13g2_dfrbpq_1)            9.430    8.598    0.833 (MET)
_130662_/D (sg13g2_dfrbpq_1)            9.427    8.594    0.834 (MET)
_135022_/D (sg13g2_dfrbpq_1)            9.590    8.756    0.834 (MET)
_133697_/D (sg13g2_dfrbpq_1)            9.484    8.649    0.834 (MET)
_130673_/D (sg13g2_dfrbpq_1)            9.458    8.623    0.835 (MET)
_133429_/D (sg13g2_dfrbpq_1)            9.644    8.809    0.835 (MET)
_134801_/D (sg13g2_dfrbpq_1)            9.551    8.717    0.835 (MET)
_133698_/D (sg13g2_dfrbpq_1)            9.488    8.653    0.835 (MET)
_132972_/D (sg13g2_dfrbpq_2)            9.432    8.596    0.835 (MET)
_130317_/D (sg13g2_dfrbpq_1)            9.440    8.604    0.836 (MET)
_132892_/D (sg13g2_dfrbpq_1)            9.443    8.607    0.836 (MET)
_133250_/D (sg13g2_dfrbpq_1)            9.522    8.686    0.836 (MET)
_133428_/D (sg13g2_dfrbpq_1)            9.646    8.810    0.836 (MET)
_133701_/D (sg13g2_dfrbpq_1)            9.487    8.651    0.837 (MET)
_130790_/D (sg13g2_dfrbpq_1)            9.431    8.594    0.837 (MET)
_130876_/D (sg13g2_dfrbpq_1)            9.414    8.577    0.837 (MET)
_133446_/D (sg13g2_dfrbpq_1)            9.657    8.819    0.838 (MET)
_130525_/D (sg13g2_dfrbpq_1)            9.427    8.589    0.838 (MET)
_130797_/D (sg13g2_dfrbpq_1)            9.453    8.614    0.839 (MET)
_133441_/D (sg13g2_dfrbpq_1)            9.655    8.816    0.840 (MET)
_130686_/D (sg13g2_dfrbpq_1)            9.462    8.621    0.841 (MET)
_131134_/D (sg13g2_dfrbpq_1)            9.532    8.692    0.841 (MET)
_133252_/D (sg13g2_dfrbpq_1)            9.527    8.686    0.841 (MET)
_130800_/D (sg13g2_dfrbpq_1)            9.451    8.609    0.842 (MET)
_130292_/D (sg13g2_dfrbpq_1)            9.424    8.582    0.842 (MET)
_130877_/D (sg13g2_dfrbpq_1)            9.421    8.578    0.842 (MET)
_133443_/D (sg13g2_dfrbpq_1)            9.658    8.815    0.843 (MET)
_130685_/D (sg13g2_dfrbpq_1)            9.463    8.620    0.844 (MET)
_130681_/D (sg13g2_dfrbpq_1)            9.427    8.583    0.844 (MET)
_133702_/D (sg13g2_dfrbpq_1)            9.493    8.648    0.845 (MET)
_133219_/D (sg13g2_dfrbpq_1)            9.541    8.696    0.845 (MET)
_131098_/D (sg13g2_dfrbpq_1)            9.618    8.772    0.845 (MET)
_133216_/D (sg13g2_dfrbpq_1)            9.546    8.700    0.847 (MET)
_133220_/D (sg13g2_dfrbpq_1)            9.542    8.695    0.848 (MET)
_130660_/D (sg13g2_dfrbpq_1)            9.431    8.583    0.848 (MET)
_130879_/D (sg13g2_dfrbpq_1)            9.427    8.578    0.849 (MET)
_133431_/D (sg13g2_dfrbpq_1)            9.661    8.812    0.849 (MET)
_131139_/D (sg13g2_dfrbpq_1)            9.503    8.653    0.850 (MET)
_133432_/D (sg13g2_dfrbpq_1)            9.661    8.810    0.851 (MET)
_130690_/D (sg13g2_dfrbpq_1)            9.440    8.589    0.851 (MET)
_130878_/D (sg13g2_dfrbpq_1)            9.426    8.575    0.851 (MET)
_133221_/D (sg13g2_dfrbpq_1)            9.545    8.693    0.852 (MET)
_130687_/D (sg13g2_dfrbpq_1)            9.462    8.610    0.852 (MET)
_133217_/D (sg13g2_dfrbpq_1)            9.542    8.687    0.855 (MET)
_133700_/D (sg13g2_dfrbpq_1)            9.501    8.645    0.856 (MET)
_130796_/D (sg13g2_dfrbpq_1)            9.454    8.596    0.858 (MET)
_133693_/D (sg13g2_dfrbpq_1)            9.504    8.645    0.859 (MET)
_130902_/D (sg13g2_dfrbpq_1)            9.450    8.589    0.861 (MET)
_130791_/D (sg13g2_dfrbpq_1)            9.437    8.576    0.861 (MET)
_130527_/D (sg13g2_dfrbpq_1)            9.428    8.566    0.861 (MET)
_133694_/D (sg13g2_dfrbpq_1)            9.505    8.642    0.863 (MET)
_130295_/D (sg13g2_dfrbpq_1)            9.445    8.581    0.864 (MET)
_130526_/D (sg13g2_dfrbpq_1)            9.427    8.563    0.864 (MET)
_130293_/D (sg13g2_dfrbpq_1)            9.445    8.579    0.866 (MET)
_134910_/D (sg13g2_dfrbpq_1)            9.484    8.614    0.870 (MET)
_134042_/D (sg13g2_dfrbpq_1)            9.429    8.558    0.872 (MET)
_130294_/D (sg13g2_dfrbpq_1)            9.447    8.573    0.874 (MET)
_133435_/D (sg13g2_dfrbpq_1)            9.648    8.773    0.875 (MET)
_133029_/D (sg13g2_dfrbpq_1)            9.609    8.728    0.881 (MET)
_130298_/D (sg13g2_dfrbpq_1)            9.450    8.569    0.881 (MET)
_130297_/D (sg13g2_dfrbpq_1)            9.450    8.568    0.882 (MET)
_132936_/D (sg13g2_dfrbpq_1)            9.457    8.571    0.885 (MET)
_130296_/D (sg13g2_dfrbpq_1)            9.455    8.568    0.887 (MET)
_133437_/D (sg13g2_dfrbpq_1)            9.645    8.756    0.888 (MET)
_131106_/D (sg13g2_dfrbpq_1)            9.605    8.716    0.889 (MET)
_134914_/D (sg13g2_dfrbpq_1)            9.500    8.608    0.892 (MET)
_132935_/D (sg13g2_dfrbpq_1)            9.454    8.562    0.892 (MET)
_131129_/D (sg13g2_dfrbpq_1)            9.524    8.632    0.893 (MET)
_132934_/D (sg13g2_dfrbpq_1)            9.458    8.564    0.894 (MET)
_130312_/D (sg13g2_dfrbpq_1)            9.447    8.552    0.895 (MET)
_131105_/D (sg13g2_dfrbpq_1)            9.630    8.734    0.896 (MET)
_129917_/D (sg13g2_dfrbpq_1)            9.442    8.542    0.900 (MET)
_130909_/D (sg13g2_dfrbpq_1)            9.439    8.535    0.905 (MET)
_130688_/D (sg13g2_dfrbpq_1)            9.444    8.538    0.906 (MET)
_133043_/D (sg13g2_dfrbpq_1)            9.629    8.720    0.909 (MET)
_130315_/D (sg13g2_dfrbpq_1)            9.466    8.548    0.917 (MET)
_131110_/D (sg13g2_dfrbpq_1)            9.512    8.594    0.918 (MET)
_130324_/D (sg13g2_dfrbpq_1)            9.433    8.514    0.919 (MET)
_130316_/D (sg13g2_dfrbpq_1)            9.467    8.544    0.923 (MET)
_130900_/D (sg13g2_dfrbpq_1)            9.451    8.526    0.925 (MET)
_133420_/D (sg13g2_dfrbpq_1)            9.643    8.714    0.929 (MET)
_130886_/D (sg13g2_dfrbpq_1)            9.449    8.520    0.929 (MET)
_131140_/D (sg13g2_dfrbpq_1)            9.512    8.582    0.930 (MET)
_130323_/D (sg13g2_dfrbpq_1)            9.427    8.495    0.933 (MET)
_130897_/D (sg13g2_dfrbpq_1)            9.455    8.522    0.934 (MET)
_130896_/D (sg13g2_dfrbpq_1)            9.456    8.521    0.934 (MET)
_130695_/D (sg13g2_dfrbpq_1)            9.449    8.515    0.934 (MET)
_130289_/D (sg13g2_dfrbpq_1)            9.429    8.494    0.935 (MET)
_133425_/D (sg13g2_dfrbpq_1)            9.645    8.709    0.936 (MET)
_130326_/D (sg13g2_dfrbpq_1)            9.433    8.498    0.936 (MET)
_135023_/D (sg13g2_dfrbpq_1)            9.613    8.677    0.936 (MET)
_130338_/D (sg13g2_dfrbpq_1)            9.439    8.501    0.938 (MET)
_133430_/D (sg13g2_dfrbpq_1)            9.643    8.704    0.939 (MET)
_130872_/D (sg13g2_dfrbpq_1)            9.424    8.483    0.940 (MET)
_130874_/D (sg13g2_dfrbpq_1)            9.430    8.490    0.940 (MET)
_130873_/D (sg13g2_dfrbpq_1)            9.432    8.489    0.943 (MET)
_133424_/D (sg13g2_dfrbpq_1)            9.642    8.699    0.943 (MET)
_130907_/D (sg13g2_dfrbpq_1)            9.451    8.508    0.944 (MET)
_130899_/D (sg13g2_dfrbpq_1)            9.438    8.493    0.945 (MET)
_130694_/D (sg13g2_dfrbpq_1)            9.444    8.498    0.946 (MET)
_130882_/D (sg13g2_dfrbpq_1)            9.427    8.481    0.947 (MET)
_130709_/D (sg13g2_dfrbpq_1)            9.440    8.493    0.947 (MET)
_131099_/D (sg13g2_dfrbpq_1)            9.602    8.655    0.947 (MET)
_133427_/D (sg13g2_dfrbpq_1)            9.646    8.697    0.949 (MET)
_133058_/D (sg13g2_dfrbpq_1)            9.630    8.681    0.949 (MET)
_131107_/D (sg13g2_dfrbpq_1)            9.627    8.677    0.950 (MET)
_133049_/D (sg13g2_dfrbpq_1)            9.621    8.669    0.952 (MET)
_130697_/D (sg13g2_dfrbpq_1)            9.470    8.517    0.953 (MET)
_130885_/D (sg13g2_dfrbpq_1)            9.463    8.509    0.955 (MET)
_130325_/D (sg13g2_dfrbpq_1)            9.434    8.478    0.956 (MET)
_130906_/D (sg13g2_dfrbpq_1)            9.444    8.486    0.958 (MET)
_130311_/D (sg13g2_dfrbpq_1)            9.424    8.465    0.959 (MET)
_131135_/D (sg13g2_dfrbpq_1)            9.541    8.581    0.961 (MET)
_130884_/D (sg13g2_dfrbpq_1)            9.450    8.488    0.963 (MET)
_133042_/D (sg13g2_dfrbpq_1)            9.630    8.666    0.963 (MET)
_130308_/D (sg13g2_dfrbpq_1)            9.423    8.459    0.964 (MET)
_130898_/D (sg13g2_dfrbpq_1)            9.469    8.504    0.965 (MET)
_130290_/D (sg13g2_dfrbpq_1)            9.416    8.450    0.965 (MET)
_131089_/D (sg13g2_dfrbpq_1)            9.662    8.696    0.965 (MET)
_130306_/D (sg13g2_dfrbpq_1)            9.426    8.459    0.967 (MET)
_130883_/D (sg13g2_dfrbpq_1)            9.451    8.482    0.968 (MET)
_130657_/D (sg13g2_dfrbpq_1)            9.453    8.484    0.968 (MET)
_130307_/D (sg13g2_dfrbpq_1)            9.429    8.460    0.970 (MET)
_131465_/D (sg13g2_dfrbpq_1)            9.682    8.710    0.971 (MET)
_131108_/D (sg13g2_dfrbpq_1)            9.627    8.653    0.974 (MET)
_131103_/D (sg13g2_dfrbpq_1)            9.626    8.652    0.974 (MET)
_130310_/D (sg13g2_dfrbpq_1)            9.424    8.450    0.975 (MET)
_130658_/D (sg13g2_dfrbpq_1)            9.452    8.477    0.976 (MET)
_130309_/D (sg13g2_dfrbpq_1)            9.424    8.449    0.976 (MET)
_130696_/D (sg13g2_dfrbpq_1)            9.455    8.478    0.976 (MET)
_130291_/D (sg13g2_dfrbpq_1)            9.440    8.459    0.980 (MET)
_134741_/D (sg13g2_dfrbpq_1)            9.723    8.743    0.980 (MET)
_130659_/D (sg13g2_dfrbpq_1)            9.449    8.466    0.983 (MET)
_130908_/D (sg13g2_dfrbpq_1)            9.445    8.459    0.986 (MET)
_133064_/D (sg13g2_dfrbpq_1)            9.643    8.657    0.987 (MET)
_131486_/D (sg13g2_dfrbpq_1)            9.686    8.698    0.988 (MET)
_133059_/D (sg13g2_dfrbpq_1)            9.630    8.642    0.988 (MET)
_130288_/D (sg13g2_dfrbpq_1)            9.435    8.444    0.990 (MET)
_131100_/D (sg13g2_dfrbpq_1)            9.636    8.644    0.992 (MET)
_130314_/D (sg13g2_dfrbpq_1)            9.448    8.455    0.993 (MET)
_131144_/D (sg13g2_dfrbpq_1)            9.524    8.527    0.997 (MET)
_130286_/D (sg13g2_dfrbpq_1)            9.432    8.434    0.998 (MET)
_130313_/D (sg13g2_dfrbpq_1)            9.448    8.450    0.998 (MET)
_131461_/D (sg13g2_dfrbpq_1)            9.720    8.721    0.999 (MET)
_131492_/D (sg13g2_dfrbpq_1)            9.685    8.686    0.999 (MET)
_131469_/D (sg13g2_dfrbpq_1)            9.684    8.684    1.000 (MET)
_131487_/D (sg13g2_dfrbpq_1)            9.686    8.683    1.002 (MET)
_130287_/D (sg13g2_dfrbpq_1)            9.436    8.432    1.004 (MET)
_133025_/D (sg13g2_dfrbpq_1)            9.609    8.605    1.004 (MET)
_131479_/D (sg13g2_dfrbpq_1)            9.691    8.687    1.004 (MET)
_131136_/D (sg13g2_dfrbpq_1)            9.540    8.535    1.005 (MET)
_131463_/D (sg13g2_dfrbpq_1)            9.708    8.702    1.006 (MET)
_135017_/D (sg13g2_dfrbpq_1)            9.623    8.617    1.006 (MET)
_131471_/D (sg13g2_dfrbpq_1)            9.683    8.676    1.007 (MET)
_131464_/D (sg13g2_dfrbpq_1)            9.708    8.701    1.008 (MET)
_134825_/D (sg13g2_dfrbpq_1)            9.633    8.625    1.008 (MET)
_133004_/D (sg13g2_dfrbpq_1)            9.628    8.619    1.009 (MET)
_131460_/D (sg13g2_dfrbpq_1)            9.713    8.704    1.009 (MET)
_131481_/D (sg13g2_dfrbpq_1)            9.686    8.677    1.010 (MET)
_131475_/D (sg13g2_dfrbpq_1)            9.685    8.676    1.010 (MET)
_131466_/D (sg13g2_dfrbpq_1)            9.708    8.698    1.010 (MET)
_129971_/D (sg13g2_dfrbpq_1)            9.594    8.584    1.010 (MET)
_131101_/D (sg13g2_dfrbpq_1)            9.637    8.626    1.011 (MET)
_133019_/D (sg13g2_dfrbpq_1)            9.609    8.597    1.012 (MET)
_129972_/D (sg13g2_dfrbpq_1)            9.605    8.592    1.013 (MET)
_135141_/D (sg13g2_dfrbpq_1)            9.509    8.496    1.013 (MET)
_131485_/D (sg13g2_dfrbpq_1)            9.687    8.673    1.014 (MET)
_131483_/D (sg13g2_dfrbpq_1)            9.685    8.670    1.016 (MET)
_133037_/D (sg13g2_dfrbpq_1)            9.606    8.590    1.016 (MET)
_131484_/D (sg13g2_dfrbpq_1)            9.685    8.668    1.016 (MET)
_131468_/D (sg13g2_dfrbpq_1)            9.681    8.664    1.017 (MET)
_133036_/D (sg13g2_dfrbpq_1)            9.606    8.589    1.018 (MET)
_131473_/D (sg13g2_dfrbpq_1)            9.683    8.665    1.018 (MET)
_135018_/D (sg13g2_dfrbpq_1)            9.578    8.558    1.020 (MET)
_130888_/D (sg13g2_dfrbpq_1)            9.415    8.394    1.021 (MET)
_131482_/D (sg13g2_dfrbpq_1)            9.685    8.664    1.021 (MET)
_133050_/D (sg13g2_dfrbpq_1)            9.600    8.578    1.022 (MET)
_131462_/D (sg13g2_dfrbpq_1)            9.726    8.704    1.023 (MET)
_131102_/D (sg13g2_dfrbpq_1)            9.627    8.604    1.023 (MET)
_135084_/D (sg13g2_dfrbpq_1)            9.618    8.593    1.025 (MET)
_131474_/D (sg13g2_dfrbpq_1)            9.684    8.659    1.025 (MET)
_130921_/D (sg13g2_dfrbpq_1)            9.440    8.414    1.026 (MET)
_133522_/D (sg13g2_dfrbpq_1)            9.615    8.589    1.026 (MET)
_131480_/D (sg13g2_dfrbpq_1)            9.691    8.662    1.029 (MET)
_131470_/D (sg13g2_dfrbpq_1)            9.684    8.654    1.030 (MET)
_132889_/D (sg13g2_dfrbpq_1)            9.417    8.387    1.030 (MET)
_131478_/D (sg13g2_dfrbpq_1)            9.691    8.660    1.030 (MET)
_131477_/D (sg13g2_dfrbpq_1)            9.691    8.661    1.031 (MET)
_133063_/D (sg13g2_dfrbpq_1)            9.643    8.612    1.031 (MET)
_131472_/D (sg13g2_dfrbpq_1)            9.684    8.652    1.032 (MET)
_133065_/D (sg13g2_dfrbpq_1)            9.646    8.614    1.033 (MET)
_131476_/D (sg13g2_dfrbpq_1)            9.691    8.655    1.036 (MET)
_129776_/D (sg13g2_dfrbpq_1)            9.456    8.414    1.042 (MET)
_133640_/D (sg13g2_dfrbpq_1)            9.517    8.474    1.043 (MET)
_132896_/D (sg13g2_dfrbpq_1)            9.418    8.374    1.043 (MET)
_135139_/D (sg13g2_dfrbpq_1)            9.523    8.479    1.044 (MET)
_133638_/D (sg13g2_dfrbpq_1)            9.519    8.474    1.045 (MET)
_131127_/D (sg13g2_dfrbpq_1)            9.615    8.569    1.047 (MET)
_133637_/D (sg13g2_dfrbpq_1)            9.520    8.472    1.049 (MET)
_133865_/D (sg13g2_dfrbpq_1)            9.517    8.467    1.050 (MET)
_133051_/D (sg13g2_dfrbpq_1)            9.599    8.548    1.051 (MET)
_129947_/D (sg13g2_dfrbpq_1)            9.625    8.574    1.051 (MET)
_133353_/D (sg13g2_dfrbpq_1)            9.508    8.455    1.053 (MET)
_131120_/D (sg13g2_dfrbpq_1)            9.652    8.598    1.053 (MET)
_131137_/D (sg13g2_dfrbpq_1)            9.513    8.459    1.054 (MET)
_131104_/D (sg13g2_dfrbpq_1)            9.589    8.535    1.054 (MET)
_133639_/D (sg13g2_dfrbpq_1)            9.521    8.467    1.054 (MET)
_132898_/D (sg13g2_dfrbpq_1)            9.417    8.362    1.055 (MET)
_131467_/D (sg13g2_dfrbpq_1)            9.709    8.652    1.056 (MET)
_133705_/D (sg13g2_dfrbpq_1)            9.493    8.435    1.057 (MET)
_131138_/D (sg13g2_dfrbpq_1)            9.540    8.482    1.058 (MET)
_133641_/D (sg13g2_dfrbpq_1)            9.540    8.482    1.058 (MET)
_133350_/D (sg13g2_dfrbpq_1)            9.509    8.450    1.059 (MET)
_131125_/D (sg13g2_dfrbpq_1)            9.638    8.577    1.060 (MET)
_133704_/D (sg13g2_dfrbpq_1)            9.492    8.432    1.061 (MET)
_133349_/D (sg13g2_dfrbpq_1)            9.508    8.446    1.063 (MET)
_133352_/D (sg13g2_dfrbpq_1)            9.511    8.449    1.063 (MET)
_133355_/D (sg13g2_dfrbpq_1)            9.511    8.447    1.064 (MET)
_133354_/D (sg13g2_dfrbpq_1)            9.508    8.444    1.064 (MET)
_132888_/D (sg13g2_dfrbpq_1)            9.443    8.375    1.068 (MET)
_132974_/D (sg13g2_dfrbpq_2)            9.512    8.442    1.069 (MET)
_133703_/D (sg13g2_dfrbpq_1)            9.493    8.423    1.070 (MET)
_130869_/D (sg13g2_dfrbpq_1)            9.430    8.359    1.071 (MET)
_133438_/D (sg13g2_dfrbpq_1)            9.661    8.587    1.074 (MET)
_130871_/D (sg13g2_dfrbpq_1)            9.422    8.348    1.074 (MET)
_131082_/D (sg13g2_dfrbpq_1)            9.608    8.532    1.076 (MET)
_132940_/D (sg13g2_dfrbpq_1)            9.617    8.540    1.077 (MET)
_132941_/D (sg13g2_dfrbpq_1)            9.615    8.538    1.077 (MET)
_131538_/D (sg13g2_dfrbpq_1)            9.422    8.342    1.080 (MET)
_133351_/D (sg13g2_dfrbpq_1)            9.529    8.447    1.082 (MET)
_133452_/D (sg13g2_dfrbpq_1)            9.659    8.575    1.084 (MET)
_130870_/D (sg13g2_dfrbpq_1)            9.431    8.346    1.085 (MET)
_133449_/D (sg13g2_dfrbpq_1)            9.659    8.574    1.085 (MET)
_131130_/D (sg13g2_dfrbpq_1)            9.492    8.406    1.085 (MET)
_133348_/D (sg13g2_dfrbpq_1)            9.505    8.419    1.086 (MET)
_135041_/D (sg13g2_dfrbpq_1)            9.615    8.529    1.086 (MET)
_131111_/D (sg13g2_dfrbpq_1)            9.476    8.390    1.086 (MET)
_133386_/D (sg13g2_dfrbpq_1)            9.512    8.423    1.089 (MET)
_133387_/D (sg13g2_dfrbpq_1)            9.509    8.419    1.090 (MET)
_131133_/D (sg13g2_dfrbpq_1)            9.540    8.450    1.091 (MET)
_133382_/D (sg13g2_dfrbpq_1)            9.512    8.420    1.092 (MET)
_133346_/D (sg13g2_dfrbpq_1)            9.502    8.408    1.093 (MET)
_133384_/D (sg13g2_dfrbpq_1)            9.511    8.418    1.094 (MET)
_133381_/D (sg13g2_dfrbpq_1)            9.518    8.424    1.095 (MET)
_132890_/D (sg13g2_dfrbpq_1)            9.417    8.322    1.095 (MET)
_133342_/D (sg13g2_dfrbpq_1)            9.504    8.408    1.096 (MET)
_133344_/D (sg13g2_dfrbpq_1)            9.502    8.405    1.097 (MET)
_131118_/D (sg13g2_dfrbpq_1)            9.620    8.523    1.097 (MET)
_133343_/D (sg13g2_dfrbpq_1)            9.503    8.406    1.097 (MET)
_133385_/D (sg13g2_dfrbpq_1)            9.509    8.411    1.098 (MET)
_133345_/D (sg13g2_dfrbpq_1)            9.509    8.410    1.099 (MET)
_133366_/D (sg13g2_dfrbpq_1)            9.511    8.409    1.101 (MET)
_133048_/D (sg13g2_dfrbpq_1)            9.630    8.529    1.101 (MET)
_132895_/D (sg13g2_dfrbpq_1)            9.425    8.323    1.102 (MET)
_133347_/D (sg13g2_dfrbpq_1)            9.508    8.406    1.102 (MET)
_133041_/D (sg13g2_dfrbpq_1)            9.608    8.506    1.102 (MET)
_133022_/D (sg13g2_dfrbpq_1)            9.607    8.503    1.103 (MET)
_133062_/D (sg13g2_dfrbpq_1)            9.647    8.542    1.105 (MET)
_133383_/D (sg13g2_dfrbpq_1)            9.521    8.415    1.106 (MET)
_131122_/D (sg13g2_dfrbpq_1)            9.632    8.526    1.106 (MET)
_131568_/D (sg13g2_dfrbpq_1)            9.439    8.331    1.108 (MET)
_133371_/D (sg13g2_dfrbpq_1)            9.511    8.399    1.112 (MET)
_133367_/D (sg13g2_dfrbpq_1)            9.507    8.395    1.112 (MET)
_133365_/D (sg13g2_dfrbpq_1)            9.508    8.395    1.113 (MET)
_133375_/D (sg13g2_dfrbpq_1)            9.503    8.389    1.113 (MET)
_131132_/D (sg13g2_dfrbpq_1)            9.511    8.397    1.114 (MET)
_133370_/D (sg13g2_dfrbpq_1)            9.513    8.399    1.114 (MET)
_133045_/D (sg13g2_dfrbpq_1)            9.630    8.515    1.115 (MET)
_133046_/D (sg13g2_dfrbpq_1)            9.612    8.497    1.116 (MET)
_133369_/D (sg13g2_dfrbpq_1)            9.509    8.393    1.116 (MET)
_133807_/D (sg13g2_dfrbpq_1)            9.519    8.402    1.117 (MET)
_132909_/D (sg13g2_dfrbpq_1)            9.429    8.311    1.118 (MET)
_133300_/D (sg13g2_dfrbpq_1)            9.538    8.421    1.118 (MET)
_132906_/D (sg13g2_dfrbpq_1)            9.423    8.305    1.118 (MET)
_131567_/D (sg13g2_dfrbpq_1)            9.437    8.318    1.118 (MET)
_133380_/D (sg13g2_dfrbpq_1)            9.508    8.389    1.119 (MET)
_133378_/D (sg13g2_dfrbpq_1)            9.502    8.382    1.120 (MET)
_133026_/D (sg13g2_dfrbpq_1)            9.608    8.488    1.120 (MET)
_133368_/D (sg13g2_dfrbpq_1)            9.511    8.391    1.120 (MET)
_133376_/D (sg13g2_dfrbpq_1)            9.502    8.382    1.120 (MET)
_133377_/D (sg13g2_dfrbpq_1)            9.507    8.386    1.121 (MET)
_131131_/D (sg13g2_dfrbpq_1)            9.517    8.396    1.121 (MET)
_133379_/D (sg13g2_dfrbpq_1)            9.508    8.386    1.122 (MET)
_132887_/D (sg13g2_dfrbpq_1)            9.416    8.294    1.122 (MET)
_133374_/D (sg13g2_dfrbpq_1)            9.508    8.386    1.122 (MET)
_134001_/D (sg13g2_dfrbpq_1)            9.504    8.380    1.124 (MET)
_132897_/D (sg13g2_dfrbpq_1)            9.434    8.309    1.126 (MET)
_132899_/D (sg13g2_dfrbpq_1)            9.415    8.289    1.126 (MET)
_133044_/D (sg13g2_dfrbpq_1)            9.629    8.502    1.127 (MET)
_133968_/D (sg13g2_dfrbpq_1)            9.511    8.384    1.127 (MET)
_132900_/D (sg13g2_dfrbpq_1)            9.434    8.307    1.127 (MET)
_133707_/D (sg13g2_dfrbpq_1)            9.488    8.359    1.129 (MET)
_133040_/D (sg13g2_dfrbpq_1)            9.608    8.478    1.129 (MET)
_133024_/D (sg13g2_dfrbpq_1)            9.607    8.478    1.130 (MET)
_133363_/D (sg13g2_dfrbpq_1)            9.507    8.376    1.131 (MET)
_133809_/D (sg13g2_dfrbpq_1)            9.519    8.388    1.131 (MET)
_133361_/D (sg13g2_dfrbpq_1)            9.508    8.372    1.135 (MET)
_133673_/D (sg13g2_dfrbpq_1)            9.483    8.346    1.136 (MET)
_133672_/D (sg13g2_dfrbpq_1)            9.483    8.346    1.137 (MET)
_133027_/D (sg13g2_dfrbpq_1)            9.609    8.473    1.137 (MET)
_133810_/D (sg13g2_dfrbpq_1)            9.522    8.384    1.137 (MET)
_133695_/D (sg13g2_dfrbpq_1)            9.505    8.366    1.139 (MET)
_135332_/D (sg13g2_dfrbpq_1)            9.634    8.493    1.141 (MET)
_133699_/D (sg13g2_dfrbpq_1)            9.505    8.364    1.141 (MET)
_133364_/D (sg13g2_dfrbpq_1)            9.507    8.366    1.141 (MET)
_135268_/D (sg13g2_dfrbpq_1)            9.633    8.492    1.141 (MET)
_133708_/D (sg13g2_dfrbpq_1)            9.503    8.361    1.142 (MET)
_131508_/D (sg13g2_dfrbpq_1)            9.682    8.540    1.142 (MET)
_133804_/D (sg13g2_dfrbpq_1)            9.522    8.379    1.142 (MET)
_131429_/D (sg13g2_dfrbpq_1)            9.693    8.550    1.143 (MET)
_133358_/D (sg13g2_dfrbpq_1)            9.504    8.361    1.144 (MET)
_133887_/D (sg13g2_dfrbpq_1)            9.617    8.473    1.144 (MET)
_131117_/D (sg13g2_dfrbpq_1)            9.592    8.448    1.144 (MET)
_133362_/D (sg13g2_dfrbpq_1)            9.501    8.357    1.145 (MET)
_133360_/D (sg13g2_dfrbpq_1)            9.504    8.359    1.145 (MET)
_133436_/D (sg13g2_dfrbpq_1)            9.644    8.499    1.145 (MET)
_133359_/D (sg13g2_dfrbpq_1)            9.503    8.358    1.146 (MET)
_131511_/D (sg13g2_dfrbpq_1)            9.679    8.534    1.146 (MET)
_129946_/D (sg13g2_dfrbpq_1)            9.634    8.488    1.146 (MET)
_131509_/D (sg13g2_dfrbpq_1)            9.678    8.532    1.146 (MET)
_133885_/D (sg13g2_dfrbpq_1)            9.618    8.472    1.146 (MET)
_133706_/D (sg13g2_dfrbpq_1)            9.503    8.355    1.148 (MET)
_131499_/D (sg13g2_dfrbpq_1)            9.677    8.529    1.148 (MET)
_131514_/D (sg13g2_dfrbpq_1)            9.678    8.528    1.149 (MET)
_131119_/D (sg13g2_dfrbpq_1)            9.633    8.482    1.150 (MET)
_133018_/D (sg13g2_dfrbpq_1)            9.611    8.460    1.151 (MET)
_133808_/D (sg13g2_dfrbpq_1)            9.530    8.379    1.151 (MET)
_131513_/D (sg13g2_dfrbpq_1)            9.679    8.527    1.152 (MET)
_131512_/D (sg13g2_dfrbpq_1)            9.683    8.532    1.152 (MET)
_133696_/D (sg13g2_dfrbpq_1)            9.505    8.353    1.152 (MET)
_131123_/D (sg13g2_dfrbpq_1)            9.633    8.480    1.152 (MET)
_131518_/D (sg13g2_dfrbpq_1)            9.682    8.529    1.152 (MET)
_131510_/D (sg13g2_dfrbpq_1)            9.683    8.530    1.153 (MET)
_133258_/D (sg13g2_dfrbpq_1)            9.500    8.347    1.153 (MET)
_133674_/D (sg13g2_dfrbpq_1)            9.506    8.352    1.154 (MET)
_133047_/D (sg13g2_dfrbpq_1)            9.613    8.459    1.154 (MET)
_133670_/D (sg13g2_dfrbpq_1)            9.498    8.344    1.154 (MET)
_133890_/D (sg13g2_dfrbpq_1)            9.615    8.460    1.155 (MET)
_132903_/D (sg13g2_dfrbpq_1)            9.425    8.270    1.155 (MET)
_131517_/D (sg13g2_dfrbpq_1)            9.683    8.528    1.155 (MET)
_133886_/D (sg13g2_dfrbpq_1)            9.619    8.463    1.155 (MET)
_133806_/D (sg13g2_dfrbpq_1)            9.532    8.376    1.156 (MET)
_133812_/D (sg13g2_dfrbpq_1)            9.504    8.347    1.157 (MET)
_133814_/D (sg13g2_dfrbpq_1)            9.509    8.352    1.157 (MET)
_133433_/D (sg13g2_dfrbpq_1)            9.647    8.488    1.159 (MET)
_133805_/D (sg13g2_dfrbpq_1)            9.532    8.373    1.159 (MET)
_131520_/D (sg13g2_dfrbpq_1)            9.686    8.527    1.159 (MET)
_131519_/D (sg13g2_dfrbpq_1)            9.683    8.524    1.159 (MET)
_133816_/D (sg13g2_dfrbpq_1)            9.502    8.343    1.159 (MET)
_133889_/D (sg13g2_dfrbpq_1)            9.617    8.458    1.160 (MET)
_133888_/D (sg13g2_dfrbpq_1)            9.618    8.458    1.160 (MET)
_133811_/D (sg13g2_dfrbpq_1)            9.505    8.345    1.160 (MET)
_131515_/D (sg13g2_dfrbpq_1)            9.683    8.523    1.160 (MET)
_133813_/D (sg13g2_dfrbpq_1)            9.507    8.345    1.162 (MET)
_131362_/D (sg13g2_dfrbpq_1)            9.681    8.518    1.163 (MET)
_131500_/D (sg13g2_dfrbpq_1)            9.677    8.514    1.163 (MET)
_131363_/D (sg13g2_dfrbpq_1)            9.678    8.515    1.163 (MET)
_133669_/D (sg13g2_dfrbpq_1)            9.504    8.340    1.164 (MET)
_131516_/D (sg13g2_dfrbpq_1)            9.685    8.522    1.164 (MET)
_133257_/D (sg13g2_dfrbpq_1)            9.501    8.336    1.164 (MET)
_132891_/D (sg13g2_dfrbpq_1)            9.425    8.260    1.165 (MET)
_131505_/D (sg13g2_dfrbpq_1)            9.678    8.514    1.165 (MET)
_132908_/D (sg13g2_dfrbpq_1)            9.409    8.244    1.165 (MET)
_131374_/D (sg13g2_dfrbpq_1)            9.680    8.515    1.165 (MET)
_131502_/D (sg13g2_dfrbpq_1)            9.674    8.509    1.166 (MET)
_131521_/D (sg13g2_dfrbpq_1)            9.687    8.521    1.166 (MET)
_133253_/D (sg13g2_dfrbpq_1)            9.518    8.352    1.166 (MET)
_133815_/D (sg13g2_dfrbpq_1)            9.505    8.339    1.166 (MET)
_131364_/D (sg13g2_dfrbpq_1)            9.680    8.514    1.166 (MET)
_133671_/D (sg13g2_dfrbpq_1)            9.501    8.335    1.166 (MET)
_129952_/D (sg13g2_dfrbpq_1)            9.614    8.446    1.168 (MET)
_129970_/D (sg13g2_dfrbpq_1)            9.617    8.447    1.170 (MET)
_131372_/D (sg13g2_dfrbpq_1)            9.602    8.430    1.172 (MET)
_133109_/D (sg13g2_dfrbpq_1)            9.524    8.351    1.172 (MET)
_131506_/D (sg13g2_dfrbpq_1)            9.677    8.504    1.173 (MET)
_133108_/D (sg13g2_dfrbpq_1)            9.530    8.357    1.173 (MET)
_131116_/D (sg13g2_dfrbpq_1)            9.633    8.460    1.173 (MET)
_133105_/D (sg13g2_dfrbpq_1)            9.521    8.347    1.174 (MET)
_131457_/D (sg13g2_dfrbpq_1)            9.609    8.432    1.177 (MET)
_131427_/D (sg13g2_dfrbpq_1)            9.672    8.492    1.180 (MET)
_133247_/D (sg13g2_dfrbpq_1)            9.524    8.344    1.180 (MET)
_133106_/D (sg13g2_dfrbpq_1)            9.529    8.348    1.180 (MET)
_132902_/D (sg13g2_dfrbpq_1)            9.410    8.230    1.180 (MET)
_129951_/D (sg13g2_dfrbpq_1)            9.614    8.433    1.181 (MET)
_133817_/D (sg13g2_dfrbpq_1)            9.524    8.342    1.182 (MET)
_133251_/D (sg13g2_dfrbpq_1)            9.523    8.341    1.182 (MET)
_131093_/D (sg13g2_dfrbpq_1)            9.656    8.473    1.183 (MET)
_134742_/D (sg13g2_dfrbpq_1)            9.614    8.429    1.185 (MET)
_131141_/D (sg13g2_dfrbpq_1)            9.541    8.356    1.186 (MET)
_132905_/D (sg13g2_dfrbpq_1)            9.410    8.223    1.187 (MET)
_131537_/D (sg13g2_dfrbpq_1)            9.429    8.241    1.189 (MET)
_133248_/D (sg13g2_dfrbpq_1)            9.526    8.338    1.189 (MET)
_134041_/D (sg13g2_dfrbpq_1)            9.422    8.233    1.189 (MET)
_131113_/D (sg13g2_dfrbpq_1)            9.648    8.459    1.189 (MET)
_133107_/D (sg13g2_dfrbpq_1)            9.532    8.343    1.190 (MET)
_133111_/D (sg13g2_dfrbpq_1)            9.518    8.328    1.190 (MET)
_132907_/D (sg13g2_dfrbpq_1)            9.411    8.220    1.190 (MET)
_133422_/D (sg13g2_dfrbpq_1)            9.642    8.452    1.190 (MET)
_133668_/D (sg13g2_dfrbpq_1)            9.518    8.327    1.191 (MET)
_132904_/D (sg13g2_dfrbpq_1)            9.410    8.218    1.191 (MET)
_133113_/D (sg13g2_dfrbpq_1)            9.508    8.316    1.192 (MET)
_131541_/D (sg13g2_dfrbpq_1)            9.435    8.243    1.192 (MET)
_129945_/D (sg13g2_dfrbpq_1)            9.620    8.428    1.192 (MET)
_133796_/D (sg13g2_dfrbpq_1)            9.503    8.310    1.193 (MET)
_133112_/D (sg13g2_dfrbpq_1)            9.527    8.333    1.194 (MET)
_133103_/D (sg13g2_dfrbpq_1)            9.543    8.349    1.195 (MET)
_133828_/D (sg13g2_dfrbpq_1)            9.505    8.309    1.197 (MET)
_133104_/D (sg13g2_dfrbpq_1)            9.541    8.344    1.197 (MET)
_129955_/D (sg13g2_dfrbpq_1)            9.659    8.462    1.197 (MET)
_131456_/D (sg13g2_dfrbpq_1)            9.609    8.412    1.197 (MET)
_134749_/D (sg13g2_dfrbpq_1)            9.551    8.354    1.197 (MET)
_133675_/D (sg13g2_dfrbpq_1)            9.502    8.303    1.199 (MET)
_133114_/D (sg13g2_dfrbpq_1)            9.526    8.326    1.200 (MET)
_133115_/D (sg13g2_dfrbpq_1)            9.528    8.327    1.200 (MET)
_131366_/D (sg13g2_dfrbpq_1)            9.606    8.405    1.201 (MET)
_131115_/D (sg13g2_dfrbpq_1)            9.634    8.432    1.202 (MET)
_133798_/D (sg13g2_dfrbpq_1)            9.509    8.307    1.202 (MET)
_133800_/D (sg13g2_dfrbpq_1)            9.504    8.302    1.202 (MET)
_133795_/D (sg13g2_dfrbpq_1)            9.508    8.305    1.203 (MET)
_133020_/D (sg13g2_dfrbpq_1)            9.627    8.424    1.203 (MET)
_133821_/D (sg13g2_dfrbpq_1)            9.520    8.317    1.203 (MET)
_133832_/D (sg13g2_dfrbpq_1)            9.506    8.301    1.205 (MET)
_133676_/D (sg13g2_dfrbpq_1)            9.499    8.294    1.205 (MET)
_133826_/D (sg13g2_dfrbpq_1)            9.517    8.312    1.205 (MET)
_133116_/D (sg13g2_dfrbpq_1)            9.526    8.320    1.206 (MET)
_133822_/D (sg13g2_dfrbpq_1)            9.520    8.313    1.207 (MET)
_133823_/D (sg13g2_dfrbpq_1)            9.519    8.313    1.207 (MET)
_133820_/D (sg13g2_dfrbpq_1)            9.521    8.314    1.208 (MET)
_133110_/D (sg13g2_dfrbpq_1)            9.527    8.317    1.210 (MET)
_133799_/D (sg13g2_dfrbpq_1)            9.508    8.296    1.211 (MET)
_133801_/D (sg13g2_dfrbpq_1)            9.522    8.311    1.211 (MET)
_133825_/D (sg13g2_dfrbpq_1)            9.521    8.308    1.213 (MET)
_133830_/D (sg13g2_dfrbpq_1)            9.510    8.296    1.214 (MET)
_131540_/D (sg13g2_dfrbpq_1)            9.436    8.222    1.214 (MET)
_133829_/D (sg13g2_dfrbpq_1)            9.506    8.291    1.215 (MET)
_129778_/D (sg13g2_dfrbpq_1)            9.452    8.237    1.216 (MET)
_131128_/D (sg13g2_dfrbpq_1)            9.639    8.423    1.217 (MET)
_133831_/D (sg13g2_dfrbpq_1)            9.509    8.288    1.221 (MET)
_133827_/D (sg13g2_dfrbpq_1)            9.510    8.289    1.221 (MET)
_133581_/D (sg13g2_dfrbpq_1)            9.483    8.259    1.223 (MET)
_133824_/D (sg13g2_dfrbpq_1)            9.532    8.307    1.225 (MET)
_133797_/D (sg13g2_dfrbpq_1)            9.522    8.296    1.226 (MET)
_133023_/D (sg13g2_dfrbpq_1)            9.609    8.381    1.228 (MET)
_133262_/D (sg13g2_dfrbpq_1)            9.512    8.282    1.230 (MET)
_133261_/D (sg13g2_dfrbpq_1)            9.513    8.282    1.231 (MET)
_133833_/D (sg13g2_dfrbpq_1)            9.522    8.291    1.231 (MET)
_134909_/D (sg13g2_dfrbpq_1)            9.484    8.250    1.233 (MET)
_131536_/D (sg13g2_dfrbpq_1)            9.699    8.465    1.234 (MET)
_133586_/D (sg13g2_dfrbpq_1)            9.484    8.249    1.236 (MET)
_135060_/D (sg13g2_dfrbpq_1)            9.579    8.340    1.238 (MET)
_131459_/D (sg13g2_dfrbpq_1)            9.670    8.432    1.239 (MET)
_131121_/D (sg13g2_dfrbpq_1)            9.614    8.374    1.240 (MET)
_133661_/D (sg13g2_dfrbpq_1)            9.502    8.260    1.242 (MET)
_133249_/D (sg13g2_dfrbpq_1)            9.524    8.282    1.242 (MET)
_131430_/D (sg13g2_dfrbpq_1)            9.664    8.422    1.243 (MET)
_131535_/D (sg13g2_dfrbpq_1)            9.428    8.181    1.247 (MET)
_129950_/D (sg13g2_dfrbpq_1)            9.628    8.376    1.252 (MET)
_131453_/D (sg13g2_dfrbpq_1)            9.667    8.413    1.254 (MET)
_133227_/D (sg13g2_dfrbpq_1)            9.536    8.282    1.254 (MET)
_131426_/D (sg13g2_dfrbpq_1)            9.663    8.405    1.257 (MET)
_131503_/D (sg13g2_dfrbpq_1)            9.779    8.520    1.259 (MET)
_131431_/D (sg13g2_dfrbpq_1)            9.664    8.403    1.261 (MET)
_131501_/D (sg13g2_dfrbpq_1)            9.779    8.517    1.262 (MET)
_131425_/D (sg13g2_dfrbpq_1)            9.665    8.401    1.264 (MET)
_131498_/D (sg13g2_dfrbpq_1)            9.779    8.515    1.264 (MET)
_133226_/D (sg13g2_dfrbpq_1)            9.537    8.272    1.265 (MET)
_135269_/D (sg13g2_dfrbpq_1)            9.635    8.369    1.266 (MET)
_133794_/D (sg13g2_dfrbpq_1)            9.518    8.252    1.267 (MET)
_131507_/D (sg13g2_dfrbpq_1)            9.775    8.507    1.269 (MET)
_133584_/D (sg13g2_dfrbpq_1)            9.516    8.246    1.269 (MET)
_133644_/D (sg13g2_dfrbpq_1)            9.473    8.204    1.269 (MET)
_131088_/D (sg13g2_dfrbpq_1)            9.630    8.359    1.270 (MET)
_131428_/D (sg13g2_dfrbpq_1)            9.664    8.394    1.271 (MET)
_135364_/D (sg13g2_dfrbpq_1)            9.635    8.363    1.272 (MET)
_133791_/D (sg13g2_dfrbpq_1)            9.520    8.248    1.272 (MET)
_131504_/D (sg13g2_dfrbpq_1)            9.774    8.502    1.273 (MET)
_133228_/D (sg13g2_dfrbpq_1)            9.537    8.263    1.274 (MET)
_131544_/D (sg13g2_dfrbpq_1)            9.460    8.185    1.276 (MET)
_133583_/D (sg13g2_dfrbpq_1)            9.518    8.241    1.276 (MET)
_133788_/D (sg13g2_dfrbpq_1)            9.520    8.244    1.276 (MET)
_131434_/D (sg13g2_dfrbpq_1)            9.665    8.388    1.277 (MET)
_133587_/D (sg13g2_dfrbpq_1)            9.518    8.239    1.279 (MET)
_135067_/D (sg13g2_dfrbpq_1)            9.438    8.159    1.279 (MET)
_131454_/D (sg13g2_dfrbpq_1)            9.666    8.387    1.279 (MET)
_133582_/D (sg13g2_dfrbpq_1)            9.517    8.237    1.280 (MET)
_133225_/D (sg13g2_dfrbpq_1)            9.542    8.261    1.280 (MET)
_131126_/D (sg13g2_dfrbpq_1)            9.644    8.363    1.281 (MET)
_131539_/D (sg13g2_dfrbpq_1)            9.431    8.150    1.281 (MET)
_135333_/D (sg13g2_dfrbpq_1)            9.632    8.351    1.281 (MET)
_133334_/D (sg13g2_dfrbpq_1)            9.498    8.216    1.282 (MET)
_133789_/D (sg13g2_dfrbpq_1)            9.521    8.239    1.282 (MET)
_134040_/D (sg13g2_dfrbpq_1)            9.440    8.157    1.283 (MET)
_133792_/D (sg13g2_dfrbpq_1)            9.521    8.238    1.283 (MET)
_133790_/D (sg13g2_dfrbpq_1)            9.521    8.238    1.283 (MET)
_133585_/D (sg13g2_dfrbpq_1)            9.518    8.235    1.284 (MET)
_131438_/D (sg13g2_dfrbpq_1)            9.664    8.380    1.284 (MET)
_131433_/D (sg13g2_dfrbpq_1)            9.665    8.380    1.284 (MET)
_133223_/D (sg13g2_dfrbpq_1)            9.541    8.256    1.284 (MET)
_133224_/D (sg13g2_dfrbpq_1)            9.541    8.255    1.285 (MET)
_133338_/D (sg13g2_dfrbpq_1)            9.499    8.213    1.285 (MET)
_133222_/D (sg13g2_dfrbpq_1)            9.541    8.255    1.286 (MET)
_133793_/D (sg13g2_dfrbpq_1)            9.522    8.236    1.287 (MET)
_133746_/D (sg13g2_dfrbpq_1)            9.519    8.232    1.287 (MET)
_133337_/D (sg13g2_dfrbpq_1)            9.497    8.207    1.289 (MET)
_133336_/D (sg13g2_dfrbpq_1)            9.496    8.203    1.293 (MET)
_131436_/D (sg13g2_dfrbpq_1)            9.666    8.373    1.293 (MET)
_131423_/D (sg13g2_dfrbpq_1)            9.712    8.418    1.293 (MET)
_133195_/D (sg13g2_dfrbpq_1)            9.517    8.219    1.298 (MET)
_132886_/D (sg13g2_dfrbpq_1)            9.426    8.128    1.298 (MET)
_135393_/D (sg13g2_dfrbpq_1)            9.597    8.296    1.300 (MET)
_129953_/D (sg13g2_dfrbpq_1)            9.621    8.320    1.300 (MET)
_131424_/D (sg13g2_dfrbpq_1)            9.712    8.410    1.302 (MET)
_131435_/D (sg13g2_dfrbpq_1)            9.667    8.364    1.303 (MET)
_129954_/D (sg13g2_dfrbpq_1)            9.600    8.296    1.303 (MET)
_131437_/D (sg13g2_dfrbpq_1)            9.668    8.363    1.304 (MET)
_133332_/D (sg13g2_dfrbpq_1)            9.508    8.203    1.305 (MET)
_133192_/D (sg13g2_dfrbpq_1)            9.516    8.210    1.306 (MET)
_133592_/D (sg13g2_dfrbpq_1)            9.510    8.204    1.306 (MET)
_131432_/D (sg13g2_dfrbpq_1)            9.667    8.357    1.310 (MET)
_134824_/D (sg13g2_dfrbpq_1)            9.619    8.309    1.310 (MET)
_133193_/D (sg13g2_dfrbpq_1)            9.523    8.213    1.310 (MET)
_131090_/D (sg13g2_dfrbpq_1)            9.659    8.348    1.311 (MET)
_133333_/D (sg13g2_dfrbpq_1)            9.506    8.195    1.311 (MET)
_133335_/D (sg13g2_dfrbpq_1)            9.511    8.199    1.312 (MET)
_133191_/D (sg13g2_dfrbpq_1)            9.523    8.210    1.313 (MET)
_133594_/D (sg13g2_dfrbpq_1)            9.518    8.203    1.315 (MET)
_133591_/D (sg13g2_dfrbpq_1)            9.505    8.189    1.316 (MET)
_133774_/D (sg13g2_dfrbpq_1)            9.487    8.168    1.318 (MET)
_133194_/D (sg13g2_dfrbpq_1)            9.524    8.204    1.319 (MET)
_133593_/D (sg13g2_dfrbpq_1)            9.508    8.189    1.319 (MET)
_133589_/D (sg13g2_dfrbpq_1)            9.520    8.201    1.320 (MET)
_133775_/D (sg13g2_dfrbpq_1)            9.505    8.184    1.321 (MET)
_133773_/D (sg13g2_dfrbpq_1)            9.487    8.165    1.322 (MET)
_135035_/D (sg13g2_dfrbpq_1)            9.495    8.172    1.323 (MET)
_133772_/D (sg13g2_dfrbpq_1)            9.502    8.177    1.325 (MET)
_135347_/D (sg13g2_dfrbpq_1)            9.672    8.346    1.326 (MET)
_133590_/D (sg13g2_dfrbpq_1)            9.519    8.192    1.327 (MET)
_131368_/D (sg13g2_dfrbpq_1)            9.608    8.279    1.329 (MET)
_133588_/D (sg13g2_dfrbpq_1)            9.521    8.189    1.332 (MET)
_129937_/D (sg13g2_dfrbpq_1)            9.427    8.094    1.333 (MET)
_133648_/D (sg13g2_dfrbpq_1)            9.518    8.183    1.335 (MET)
_133777_/D (sg13g2_dfrbpq_1)            9.505    8.170    1.335 (MET)
_135349_/D (sg13g2_dfrbpq_1)            9.671    8.336    1.335 (MET)
_134904_/D (sg13g2_dfrbpq_1)            9.523    8.185    1.338 (MET)
_135395_/D (sg13g2_dfrbpq_1)            9.616    8.277    1.338 (MET)
_133240_/D (sg13g2_dfrbpq_1)            9.498    8.158    1.340 (MET)
_133141_/D (sg13g2_dfrbpq_1)            9.487    8.147    1.340 (MET)
_134038_/D (sg13g2_dfrbpq_1)            9.417    8.075    1.342 (MET)
_133649_/D (sg13g2_dfrbpq_1)            9.519    8.177    1.342 (MET)
_134617_/D (sg13g2_dfrbpq_1)            9.614    8.271    1.343 (MET)
_133646_/D (sg13g2_dfrbpq_1)            9.515    8.171    1.344 (MET)
_133776_/D (sg13g2_dfrbpq_1)            9.505    8.161    1.344 (MET)
_133650_/D (sg13g2_dfrbpq_1)            9.518    8.174    1.344 (MET)
_133651_/D (sg13g2_dfrbpq_1)            9.518    8.171    1.347 (MET)
_131458_/D (sg13g2_dfrbpq_1)            9.595    8.247    1.348 (MET)
_133647_/D (sg13g2_dfrbpq_1)            9.514    8.166    1.348 (MET)
_133234_/D (sg13g2_dfrbpq_1)            9.516    8.168    1.348 (MET)
_135300_/D (sg13g2_dfrbpq_1)            9.635    8.287    1.348 (MET)
_133229_/D (sg13g2_dfrbpq_1)            9.542    8.194    1.348 (MET)
_133238_/D (sg13g2_dfrbpq_1)            9.515    8.165    1.351 (MET)
_133230_/D (sg13g2_dfrbpq_1)            9.544    8.192    1.351 (MET)
_129775_/D (sg13g2_dfrbpq_1)            9.458    8.106    1.352 (MET)
_133147_/D (sg13g2_dfrbpq_1)            9.492    8.140    1.353 (MET)
_131367_/D (sg13g2_dfrbpq_1)            9.620    8.267    1.353 (MET)
_133236_/D (sg13g2_dfrbpq_1)            9.523    8.168    1.355 (MET)
_133021_/D (sg13g2_dfrbpq_1)            9.646    8.291    1.355 (MET)
_135337_/D (sg13g2_dfrbpq_1)            9.630    8.274    1.356 (MET)
_131371_/D (sg13g2_dfrbpq_1)            9.620    8.264    1.356 (MET)
_135016_/D (sg13g2_dfrbpq_1)            9.622    8.265    1.357 (MET)
_129777_/D (sg13g2_dfrbpq_1)            9.469    8.112    1.358 (MET)
_134037_/D (sg13g2_dfrbpq_1)            9.416    8.058    1.359 (MET)
_133574_/D (sg13g2_dfrbpq_1)            9.483    8.123    1.360 (MET)
_133636_/D (sg13g2_dfrbpq_1)            9.541    8.181    1.360 (MET)
_133143_/D (sg13g2_dfrbpq_1)            9.492    8.130    1.362 (MET)
_131455_/D (sg13g2_dfrbpq_1)            9.598    8.235    1.363 (MET)
_133243_/D (sg13g2_dfrbpq_1)            9.514    8.151    1.364 (MET)
_133244_/D (sg13g2_dfrbpq_1)            9.520    8.154    1.366 (MET)
_133330_/D (sg13g2_dfrbpq_1)            9.486    8.119    1.367 (MET)
_133145_/D (sg13g2_dfrbpq_1)            9.493    8.126    1.367 (MET)
_133142_/D (sg13g2_dfrbpq_1)            9.493    8.126    1.367 (MET)
_133331_/D (sg13g2_dfrbpq_1)            9.491    8.123    1.368 (MET)
_133053_/D (sg13g2_dfrbpq_1)            9.627    8.258    1.369 (MET)
_133239_/D (sg13g2_dfrbpq_1)            9.517    8.147    1.369 (MET)
_133606_/D (sg13g2_dfrbpq_1)            9.485    8.115    1.370 (MET)
_133326_/D (sg13g2_dfrbpq_1)            9.485    8.115    1.370 (MET)
_133327_/D (sg13g2_dfrbpq_1)            9.485    8.114    1.371 (MET)
_133917_/D (sg13g2_dfrbpq_1)            9.599    8.229    1.371 (MET)
_133928_/D (sg13g2_dfrbpq_1)            9.594    8.223    1.371 (MET)
_134004_/D (sg13g2_dfrbpq_1)            9.503    8.132    1.371 (MET)
_135348_/D (sg13g2_dfrbpq_1)            9.701    8.328    1.373 (MET)
_135388_/D (sg13g2_dfrbpq_1)            9.605    8.232    1.373 (MET)
_133608_/D (sg13g2_dfrbpq_1)            9.485    8.112    1.374 (MET)
_133189_/D (sg13g2_dfrbpq_1)            9.519    8.145    1.374 (MET)
_129969_/D (sg13g2_dfrbpq_1)            9.604    8.229    1.374 (MET)
_133329_/D (sg13g2_dfrbpq_1)            9.492    8.116    1.376 (MET)
_133202_/D (sg13g2_dfrbpq_1)            9.515    8.138    1.377 (MET)
_133190_/D (sg13g2_dfrbpq_1)            9.519    8.142    1.377 (MET)
_133780_/D (sg13g2_dfrbpq_1)            9.493    8.115    1.377 (MET)
_135138_/D (sg13g2_dfrbpq_1)            9.522    8.145    1.378 (MET)
_133930_/D (sg13g2_dfrbpq_1)            9.595    8.217    1.378 (MET)
_133203_/D (sg13g2_dfrbpq_1)            9.515    8.137    1.378 (MET)
_135353_/D (sg13g2_dfrbpq_1)            9.671    8.293    1.378 (MET)
_130009_/D (sg13g2_dfrbpq_1)            9.492    8.113    1.379 (MET)
_133931_/D (sg13g2_dfrbpq_1)            9.602    8.222    1.379 (MET)
_133607_/D (sg13g2_dfrbpq_1)            9.508    8.128    1.380 (MET)
_133924_/D (sg13g2_dfrbpq_1)            9.598    8.218    1.380 (MET)
_132970_/D (sg13g2_dfrbpq_2)            9.515    8.135    1.380 (MET)
_133609_/D (sg13g2_dfrbpq_1)            9.507    8.126    1.381 (MET)
_133204_/D (sg13g2_dfrbpq_1)            9.515    8.134    1.381 (MET)
_133779_/D (sg13g2_dfrbpq_1)            9.489    8.107    1.382 (MET)
_135267_/D (sg13g2_dfrbpq_1)            9.633    8.251    1.382 (MET)
_133925_/D (sg13g2_dfrbpq_1)            9.596    8.213    1.383 (MET)
_133602_/D (sg13g2_dfrbpq_1)            9.482    8.099    1.383 (MET)
_133782_/D (sg13g2_dfrbpq_1)            9.492    8.108    1.384 (MET)
_133916_/D (sg13g2_dfrbpq_1)            9.598    8.213    1.384 (MET)
_133003_/D (sg13g2_dfrbpq_1)            9.633    8.249    1.384 (MET)
_133920_/D (sg13g2_dfrbpq_1)            9.599    8.214    1.384 (MET)
_133575_/D (sg13g2_dfrbpq_1)            9.508    8.123    1.385 (MET)
_133929_/D (sg13g2_dfrbpq_1)            9.602    8.217    1.385 (MET)
_133922_/D (sg13g2_dfrbpq_1)            9.599    8.213    1.385 (MET)
_133140_/D (sg13g2_dfrbpq_1)            9.513    8.127    1.386 (MET)
_133144_/D (sg13g2_dfrbpq_1)            9.503    8.117    1.386 (MET)
_133146_/D (sg13g2_dfrbpq_1)            9.509    8.121    1.388 (MET)
_131370_/D (sg13g2_dfrbpq_1)            9.663    8.276    1.388 (MET)
_131450_/D (sg13g2_dfrbpq_1)            9.682    8.293    1.389 (MET)
_133784_/D (sg13g2_dfrbpq_1)            9.490    8.101    1.389 (MET)
_133783_/D (sg13g2_dfrbpq_1)            9.490    8.100    1.390 (MET)
_133138_/D (sg13g2_dfrbpq_1)            9.511    8.120    1.391 (MET)
_133926_/D (sg13g2_dfrbpq_1)            9.599    8.208    1.391 (MET)
_132919_/D (sg13g2_dfrbpq_1)            9.414    8.023    1.392 (MET)
_135365_/D (sg13g2_dfrbpq_1)            9.635    8.243    1.392 (MET)
_133328_/D (sg13g2_dfrbpq_1)            9.511    8.118    1.393 (MET)
_133215_/D (sg13g2_dfrbpq_1)            9.516    8.123    1.393 (MET)
_133778_/D (sg13g2_dfrbpq_1)            9.500    8.107    1.393 (MET)
_133604_/D (sg13g2_dfrbpq_1)            9.508    8.115    1.393 (MET)
_133137_/D (sg13g2_dfrbpq_1)            9.514    8.117    1.397 (MET)
_133201_/D (sg13g2_dfrbpq_1)            9.541    8.143    1.398 (MET)
_133605_/D (sg13g2_dfrbpq_1)            9.513    8.114    1.399 (MET)
_133578_/D (sg13g2_dfrbpq_1)            9.517    8.118    1.399 (MET)
_133136_/D (sg13g2_dfrbpq_1)            9.509    8.109    1.399 (MET)
_135270_/D (sg13g2_dfrbpq_1)            9.635    8.236    1.399 (MET)
_133577_/D (sg13g2_dfrbpq_1)            9.508    8.108    1.400 (MET)
_133610_/D (sg13g2_dfrbpq_1)            9.517    8.116    1.402 (MET)
_135331_/D (sg13g2_dfrbpq_1)            9.635    8.232    1.403 (MET)
_133781_/D (sg13g2_dfrbpq_1)            9.506    8.103    1.403 (MET)
_133159_/D (sg13g2_dfrbpq_1)            9.500    8.096    1.404 (MET)
_133573_/D (sg13g2_dfrbpq_1)            9.520    8.115    1.405 (MET)
_133565_/D (sg13g2_dfrbpq_1)            9.486    8.081    1.405 (MET)
_133052_/D (sg13g2_dfrbpq_1)            9.629    8.224    1.405 (MET)
_133200_/D (sg13g2_dfrbpq_1)            9.541    8.136    1.405 (MET)
_133570_/D (sg13g2_dfrbpq_1)            9.482    8.076    1.406 (MET)
_129944_/D (sg13g2_dfrbpq_1)            9.613    8.207    1.406 (MET)
_131452_/D (sg13g2_dfrbpq_1)            9.681    8.273    1.408 (MET)
_133576_/D (sg13g2_dfrbpq_1)            9.522    8.114    1.408 (MET)
_133572_/D (sg13g2_dfrbpq_1)            9.520    8.112    1.408 (MET)
_133161_/D (sg13g2_dfrbpq_1)            9.494    8.085    1.409 (MET)
_135358_/D (sg13g2_dfrbpq_1)            9.718    8.308    1.410 (MET)
_131365_/D (sg13g2_dfrbpq_1)            9.663    8.252    1.411 (MET)
_135354_/D (sg13g2_dfrbpq_1)            9.670    8.256    1.415 (MET)
_133056_/D (sg13g2_dfrbpq_1)            9.647    8.232    1.415 (MET)
_134851_/D (sg13g2_dfrbpq_1)            9.597    8.181    1.415 (MET)
_135334_/D (sg13g2_dfrbpq_1)            9.636    8.220    1.416 (MET)
_133139_/D (sg13g2_dfrbpq_1)            9.522    8.106    1.416 (MET)
_135271_/D (sg13g2_dfrbpq_1)            9.634    8.218    1.416 (MET)
_133921_/D (sg13g2_dfrbpq_1)            9.597    8.180    1.417 (MET)
_135081_/D (sg13g2_dfrbpq_1)            9.473    8.056    1.417 (MET)
_129948_/D (sg13g2_dfrbpq_1)            9.609    8.191    1.417 (MET)
_133601_/D (sg13g2_dfrbpq_1)            9.518    8.100    1.418 (MET)
_133135_/D (sg13g2_dfrbpq_1)            9.526    8.108    1.419 (MET)
_131369_/D (sg13g2_dfrbpq_1)            9.663    8.245    1.419 (MET)
_131373_/D (sg13g2_dfrbpq_1)            9.659    8.240    1.419 (MET)
_133599_/D (sg13g2_dfrbpq_1)            9.519    8.100    1.420 (MET)
_135342_/D (sg13g2_dfrbpq_1)            9.742    8.320    1.422 (MET)
_135394_/D (sg13g2_dfrbpq_1)            9.605    8.183    1.422 (MET)
_134848_/D (sg13g2_dfrbpq_1)            9.603    8.180    1.423 (MET)
_133158_/D (sg13g2_dfrbpq_1)            9.504    8.081    1.423 (MET)
_133569_/D (sg13g2_dfrbpq_1)            9.517    8.093    1.424 (MET)
_131447_/D (sg13g2_dfrbpq_1)            9.683    8.259    1.424 (MET)
_135278_/D (sg13g2_dfrbpq_1)            9.727    8.302    1.424 (MET)
_131124_/D (sg13g2_dfrbpq_1)            9.613    8.188    1.426 (MET)
_133597_/D (sg13g2_dfrbpq_1)            9.518    8.092    1.426 (MET)
_133598_/D (sg13g2_dfrbpq_1)            9.517    8.089    1.428 (MET)
_131084_/D (sg13g2_dfrbpq_1)            9.621    8.193    1.428 (MET)
_134822_/D (sg13g2_dfrbpq_1)            9.617    8.188    1.429 (MET)
_133163_/D (sg13g2_dfrbpq_1)            9.505    8.075    1.429 (MET)
_131448_/D (sg13g2_dfrbpq_1)            9.686    8.256    1.430 (MET)
_131449_/D (sg13g2_dfrbpq_1)            9.683    8.253    1.430 (MET)
_133160_/D (sg13g2_dfrbpq_1)            9.491    8.061    1.430 (MET)
_133603_/D (sg13g2_dfrbpq_1)            9.520    8.089    1.431 (MET)
_131376_/D (sg13g2_dfrbpq_1)            9.660    8.228    1.431 (MET)
_131451_/D (sg13g2_dfrbpq_1)            9.684    8.252    1.432 (MET)
_131375_/D (sg13g2_dfrbpq_1)            9.659    8.227    1.432 (MET)
_133919_/D (sg13g2_dfrbpq_1)            9.596    8.162    1.433 (MET)
_135338_/D (sg13g2_dfrbpq_1)            9.632    8.198    1.434 (MET)
_133600_/D (sg13g2_dfrbpq_1)            9.519    8.085    1.434 (MET)
_133918_/D (sg13g2_dfrbpq_1)            9.596    8.162    1.434 (MET)
_131114_/D (sg13g2_dfrbpq_1)            9.650    8.216    1.434 (MET)
_133571_/D (sg13g2_dfrbpq_1)            9.520    8.084    1.435 (MET)
_134844_/D (sg13g2_dfrbpq_1)            9.618    8.183    1.435 (MET)
_133566_/D (sg13g2_dfrbpq_1)            9.517    8.081    1.435 (MET)
_133162_/D (sg13g2_dfrbpq_1)            9.510    8.074    1.437 (MET)
_130008_/D (sg13g2_dfrbpq_1)            9.470    8.032    1.437 (MET)
_131377_/D (sg13g2_dfrbpq_1)            9.660    8.221    1.440 (MET)
_133568_/D (sg13g2_dfrbpq_1)            9.519    8.077    1.442 (MET)
_129942_/D (sg13g2_dfrbpq_1)            9.637    8.195    1.442 (MET)
_133567_/D (sg13g2_dfrbpq_1)            9.519    8.077    1.442 (MET)
_133157_/D (sg13g2_dfrbpq_1)            9.505    8.063    1.443 (MET)
_133406_/D (sg13g2_dfrbpq_1)            9.611    8.167    1.444 (MET)
_135326_/D (sg13g2_dfrbpq_1)            9.638    8.193    1.445 (MET)
_131092_/D (sg13g2_dfrbpq_1)            9.639    8.193    1.447 (MET)
_135273_/D (sg13g2_dfrbpq_1)            9.740    8.291    1.449 (MET)
_134192_/D (sg13g2_dfrbpq_1)            9.471    8.022    1.449 (MET)
_132968_/D (sg13g2_dfrbpq_2)            9.475    8.022    1.453 (MET)
_135352_/D (sg13g2_dfrbpq_1)            9.672    8.220    1.453 (MET)
_135335_/D (sg13g2_dfrbpq_1)            9.636    8.181    1.454 (MET)
_131493_/D (sg13g2_dfrbpq_1)            9.609    8.154    1.454 (MET)
_131081_/D (sg13g2_dfrbpq_1)            9.627    8.172    1.455 (MET)
_131441_/D (sg13g2_dfrbpq_1)            9.664    8.207    1.457 (MET)
_129968_/D (sg13g2_dfrbpq_1)            9.639    8.180    1.459 (MET)
_135343_/D (sg13g2_dfrbpq_1)            9.742    8.282    1.460 (MET)
_131527_/D (sg13g2_dfrbpq_1)            9.682    8.219    1.463 (MET)
_133127_/D (sg13g2_dfrbpq_1)            9.502    8.036    1.466 (MET)
_135361_/D (sg13g2_dfrbpq_1)            9.629    8.163    1.467 (MET)
_131525_/D (sg13g2_dfrbpq_1)            9.687    8.220    1.467 (MET)
_135362_/D (sg13g2_dfrbpq_1)            9.730    8.263    1.468 (MET)
_134039_/D (sg13g2_dfrbpq_1)            9.423    7.954    1.468 (MET)
_129967_/D (sg13g2_dfrbpq_1)            9.599    8.130    1.469 (MET)
_129949_/D (sg13g2_dfrbpq_1)            9.618    8.148    1.470 (MET)
_135279_/D (sg13g2_dfrbpq_1)            9.739    8.269    1.470 (MET)
_131446_/D (sg13g2_dfrbpq_1)            9.668    8.198    1.470 (MET)
_131569_/D (sg13g2_dfrbpq_1)            9.445    7.975    1.470 (MET)
_134036_/D (sg13g2_dfrbpq_1)            9.422    7.952    1.471 (MET)
_133126_/D (sg13g2_dfrbpq_1)            9.501    8.029    1.471 (MET)
_133128_/D (sg13g2_dfrbpq_1)            9.502    8.030    1.471 (MET)
_131523_/D (sg13g2_dfrbpq_1)            9.687    8.215    1.473 (MET)
_131528_/D (sg13g2_dfrbpq_1)            9.680    8.207    1.473 (MET)
_129963_/D (sg13g2_dfrbpq_1)            9.595    8.122    1.473 (MET)
_133131_/D (sg13g2_dfrbpq_1)            9.505    8.032    1.474 (MET)
_133129_/D (sg13g2_dfrbpq_1)            9.493    8.018    1.474 (MET)
_131522_/D (sg13g2_dfrbpq_1)            9.688    8.212    1.476 (MET)
_131524_/D (sg13g2_dfrbpq_1)            9.688    8.211    1.477 (MET)
_133130_/D (sg13g2_dfrbpq_1)            9.498    8.020    1.477 (MET)
_131526_/D (sg13g2_dfrbpq_1)            9.688    8.210    1.478 (MET)
_135315_/D (sg13g2_dfrbpq_1)            9.672    8.191    1.480 (MET)
_129935_/D (sg13g2_dfrbpq_1)            9.425    7.943    1.482 (MET)
_135272_/D (sg13g2_dfrbpq_1)            9.635    8.152    1.483 (MET)
_133125_/D (sg13g2_dfrbpq_1)            9.507    8.021    1.486 (MET)
_129940_/D (sg13g2_dfrbpq_1)            9.631    8.144    1.487 (MET)
_135350_/D (sg13g2_dfrbpq_1)            9.703    8.214    1.489 (MET)
_129936_/D (sg13g2_dfrbpq_1)            9.410    7.919    1.491 (MET)
_135374_/D (sg13g2_dfrbpq_1)            9.741    8.248    1.493 (MET)
_129966_/D (sg13g2_dfrbpq_1)            9.607    8.109    1.499 (MET)
_131143_/D (sg13g2_dfrbpq_1)            9.524    8.023    1.500 (MET)
_129938_/D (sg13g2_dfrbpq_1)            9.410    7.909    1.501 (MET)
_135355_/D (sg13g2_dfrbpq_1)            9.633    8.131    1.502 (MET)
_135356_/D (sg13g2_dfrbpq_1)            9.632    8.130    1.502 (MET)
_131542_/D (sg13g2_dfrbpq_1)            9.690    8.188    1.502 (MET)
_132969_/D (sg13g2_dfrbpq_2)            9.466    7.962    1.504 (MET)
_129943_/D (sg13g2_dfrbpq_1)            9.643    8.137    1.506 (MET)
_131087_/D (sg13g2_dfrbpq_1)            9.623    8.115    1.508 (MET)
_135301_/D (sg13g2_dfrbpq_1)            9.635    8.126    1.509 (MET)
_131494_/D (sg13g2_dfrbpq_1)            9.667    8.156    1.510 (MET)
_135357_/D (sg13g2_dfrbpq_1)            9.629    8.119    1.511 (MET)
_131444_/D (sg13g2_dfrbpq_1)            9.666    8.152    1.514 (MET)
_132894_/D (sg13g2_dfrbpq_1)            9.410    7.893    1.518 (MET)
_131443_/D (sg13g2_dfrbpq_1)            9.691    8.173    1.518 (MET)
_133198_/D (sg13g2_dfrbpq_1)            9.476    7.958    1.519 (MET)
_134174_/D (sg13g2_dfrbpq_1)            9.450    7.930    1.520 (MET)
_131440_/D (sg13g2_dfrbpq_1)            9.684    8.163    1.520 (MET)
_134908_/D (sg13g2_dfrbpq_1)            9.480    7.957    1.524 (MET)
_131442_/D (sg13g2_dfrbpq_1)            9.691    8.167    1.524 (MET)
_133153_/D (sg13g2_dfrbpq_1)            9.512    7.986    1.527 (MET)
_131445_/D (sg13g2_dfrbpq_1)            9.685    8.157    1.528 (MET)
_133124_/D (sg13g2_dfrbpq_1)            9.513    7.984    1.529 (MET)
_135317_/D (sg13g2_dfrbpq_1)            9.674    8.141    1.533 (MET)
_133152_/D (sg13g2_dfrbpq_1)            9.514    7.981    1.533 (MET)
_133156_/D (sg13g2_dfrbpq_1)            9.515    7.981    1.535 (MET)
_133154_/D (sg13g2_dfrbpq_1)            9.515    7.980    1.535 (MET)
_135363_/D (sg13g2_dfrbpq_1)            9.633    8.097    1.535 (MET)
_135298_/D (sg13g2_dfrbpq_1)            9.731    8.191    1.540 (MET)
_135282_/D (sg13g2_dfrbpq_1)            9.725    8.185    1.540 (MET)
_133155_/D (sg13g2_dfrbpq_1)            9.522    7.982    1.540 (MET)
_133074_/D (sg13g2_dfrbpq_1)            9.623    8.082    1.542 (MET)
_133119_/D (sg13g2_dfrbpq_1)            9.510    7.968    1.542 (MET)
_131439_/D (sg13g2_dfrbpq_1)            9.667    8.124    1.544 (MET)
_135366_/D (sg13g2_dfrbpq_1)            9.619    8.075    1.544 (MET)
_133767_/D (sg13g2_dfrbpq_1)            9.466    7.921    1.545 (MET)
_133122_/D (sg13g2_dfrbpq_1)            9.515    7.970    1.545 (MET)
_133151_/D (sg13g2_dfrbpq_1)            9.526    7.980    1.547 (MET)
_133745_/D (sg13g2_dfrbpq_1)            9.520    7.973    1.547 (MET)
_133120_/D (sg13g2_dfrbpq_1)            9.510    7.963    1.548 (MET)
_131570_/D (sg13g2_dfrbpq_1)            9.432    7.884    1.548 (MET)
_135360_/D (sg13g2_dfrbpq_1)            9.631    8.082    1.549 (MET)
_133121_/D (sg13g2_dfrbpq_1)            9.516    7.966    1.549 (MET)
_135375_/D (sg13g2_dfrbpq_1)            9.742    8.193    1.549 (MET)
_135330_/D (sg13g2_dfrbpq_1)            9.730    8.179    1.551 (MET)
_133681_/D (sg13g2_dfrbpq_1)            9.483    7.930    1.553 (MET)
_133057_/D (sg13g2_dfrbpq_1)            9.631    8.079    1.553 (MET)
_134191_/D (sg13g2_dfrbpq_1)            9.454    7.900    1.554 (MET)
_133864_/D (sg13g2_dfrbpq_1)            9.523    7.969    1.554 (MET)
_135346_/D (sg13g2_dfrbpq_1)            9.726    8.171    1.555 (MET)
_130010_/D (sg13g2_dfrbpq_1)            9.334    7.779    1.555 (MET)
_134939_/D (sg13g2_dfrbpq_1)            9.517    7.962    1.555 (MET)
_135274_/D (sg13g2_dfrbpq_1)            9.741    8.185    1.556 (MET)
_132893_/D (sg13g2_dfrbpq_1)            9.427    7.870    1.556 (MET)
_133123_/D (sg13g2_dfrbpq_1)            9.521    7.964    1.557 (MET)
_133685_/D (sg13g2_dfrbpq_1)            9.487    7.928    1.559 (MET)
_133923_/D (sg13g2_dfrbpq_1)            9.596    8.033    1.562 (MET)
_133684_/D (sg13g2_dfrbpq_1)            9.488    7.925    1.563 (MET)
_133861_/D (sg13g2_dfrbpq_1)            9.523    7.959    1.564 (MET)
_133927_/D (sg13g2_dfrbpq_1)            9.600    8.034    1.566 (MET)
_133686_/D (sg13g2_dfrbpq_1)            9.494    7.927    1.567 (MET)
_135392_/D (sg13g2_dfrbpq_1)            9.601    8.033    1.568 (MET)
_131543_/D (sg13g2_dfrbpq_1)            9.729    8.160    1.569 (MET)
_133860_/D (sg13g2_dfrbpq_1)            9.521    7.951    1.570 (MET)
_135136_/D (sg13g2_dfrbpq_1)            9.475    7.905    1.571 (MET)
_133067_/D (sg13g2_dfrbpq_1)            9.615    8.043    1.572 (MET)
_133863_/D (sg13g2_dfrbpq_1)            9.526    7.954    1.572 (MET)
_134035_/D (sg13g2_dfrbpq_1)            9.433    7.861    1.573 (MET)
_131094_/D (sg13g2_dfrbpq_1)            9.656    8.082    1.573 (MET)
_135351_/D (sg13g2_dfrbpq_1)            9.702    8.129    1.573 (MET)
_133862_/D (sg13g2_dfrbpq_1)            9.525    7.951    1.574 (MET)
_135327_/D (sg13g2_dfrbpq_1)            9.717    8.143    1.574 (MET)
_129964_/D (sg13g2_dfrbpq_1)            9.607    8.033    1.574 (MET)
_131532_/D (sg13g2_dfrbpq_1)            9.680    8.106    1.574 (MET)
_135359_/D (sg13g2_dfrbpq_1)            9.718    8.142    1.577 (MET)
_131529_/D (sg13g2_dfrbpq_1)            9.679    8.102    1.577 (MET)
_133678_/D (sg13g2_dfrbpq_1)            9.505    7.926    1.579 (MET)
_135370_/D (sg13g2_dfrbpq_1)            9.614    8.035    1.579 (MET)
_133071_/D (sg13g2_dfrbpq_1)            9.617    8.038    1.579 (MET)
_133100_/D (sg13g2_dfrbpq_1)            9.461    7.882    1.580 (MET)
_133682_/D (sg13g2_dfrbpq_1)            9.506    7.925    1.580 (MET)
_135329_/D (sg13g2_dfrbpq_1)            9.628    8.047    1.581 (MET)
_133069_/D (sg13g2_dfrbpq_1)            9.618    8.036    1.582 (MET)
_131085_/D (sg13g2_dfrbpq_1)            9.611    8.028    1.583 (MET)
_134940_/D (sg13g2_dfrbpq_1)            9.505    7.920    1.585 (MET)
_133677_/D (sg13g2_dfrbpq_1)            9.507    7.921    1.586 (MET)
_131083_/D (sg13g2_dfrbpq_1)            9.628    8.040    1.588 (MET)
_133068_/D (sg13g2_dfrbpq_1)            9.615    8.027    1.589 (MET)
_133356_/D (sg13g2_dfrbpq_1)            9.508    7.918    1.590 (MET)
_133357_/D (sg13g2_dfrbpq_1)            9.510    7.921    1.590 (MET)
_133066_/D (sg13g2_dfrbpq_1)            9.617    8.025    1.592 (MET)
_132971_/D (sg13g2_dfrbpq_2)            9.407    7.814    1.593 (MET)
_133072_/D (sg13g2_dfrbpq_1)            9.618    8.024    1.595 (MET)
_133070_/D (sg13g2_dfrbpq_1)            9.627    8.031    1.596 (MET)
_134907_/D (sg13g2_dfrbpq_1)            9.509    7.913    1.596 (MET)
_133555_/D (sg13g2_dfrbpq_1)            9.469    7.873    1.597 (MET)
_133560_/D (sg13g2_dfrbpq_1)            9.469    7.871    1.598 (MET)

